"date","year","month","tmax_f","tmin_f","tmax_normal_f","tmax_anomaly_f","precip_in"
1991-01-01,1991,1,51,19,46.7,4.3,0
1991-01-02,1991,1,55,32,46.6,8.4,0
1991-01-03,1991,1,37,24,46.6,-9.6,0
1991-01-04,1991,1,36,22,46.5,-10.5,0
1991-01-05,1991,1,55,36,46.5,8.5,0
1991-01-06,1991,1,55,42,46.5,8.5,0.63
1991-01-07,1991,1,43,38,46.4,-3.4,0.82
1991-01-08,1991,1,45,38,46.4,-1.4,0
1991-01-09,1991,1,45,39,46.4,-1.4,0.01
1991-01-10,1991,1,50,37,46.4,3.6,0.79
1991-01-11,1991,1,58,40,46.4,11.6,0.11
1991-01-12,1991,1,40,31,46.4,-6.4,0.01
1991-01-13,1991,1,39,31,46.5,-7.5,0
1991-01-14,1991,1,55,29,46.5,8.5,0
1991-01-15,1991,1,52,32,46.5,5.5,0.36
1991-01-16,1991,1,52,41,46.6,5.4,0
1991-01-17,1991,1,52,35,46.6,5.4,0
1991-01-18,1991,1,54,28,46.7,7.3,0
1991-01-19,1991,1,49,38,46.8,2.2,0.04
1991-01-20,1991,1,50,30,46.8,3.2,0.04
1991-01-21,1991,1,30,20,46.9,-16.9,0
1991-01-22,1991,1,32,16,47,-15,0
1991-01-23,1991,1,50,22,47.1,2.9,0
1991-01-24,1991,1,42,26,47.3,-5.3,0
1991-01-25,1991,1,43,21,47.4,-4.4,0
1991-01-26,1991,1,51,26,47.5,3.5,0
1991-01-27,1991,1,54,25,47.6,6.4,0.06
1991-01-28,1991,1,44,39,47.8,-3.8,0
1991-01-29,1991,1,63,40,48,15,0
1991-01-30,1991,1,57,30,48.1,8.9,0.05
1991-01-31,1991,1,43,23,48.3,-5.3,0
1991-02-01,1991,2,55,20,48.5,6.5,0
1991-02-02,1991,2,63,31,48.7,14.3,0
1991-02-03,1991,2,69,27,48.9,20.1,0
1991-02-04,1991,2,73,45,49.1,23.9,0
1991-02-05,1991,2,59,54,49.3,9.7,0.44
1991-02-06,1991,2,64,45,49.5,14.5,0.05
1991-02-07,1991,2,45,39,49.7,-4.7,0
1991-02-08,1991,2,40,36,50,-10,0
1991-02-09,1991,2,58,33,50.2,7.8,0
1991-02-10,1991,2,58,34,50.4,7.6,0
1991-02-11,1991,2,52,30,50.7,1.3,0
1991-02-12,1991,2,67,28,51,16,0
1991-02-13,1991,2,58,47,51.2,6.8,1.13
1991-02-14,1991,2,50,24,51.5,-1.5,0.02
1991-02-15,1991,2,24,13,51.8,-27.8,0
1991-02-16,1991,2,38,7,52.1,-14.1,0
1991-02-17,1991,2,55,33,52.3,2.7,1.59
1991-02-18,1991,2,63,51,52.6,10.4,1.04
1991-02-19,1991,2,58,42,52.9,5.1,1.13
1991-02-20,1991,2,44,33,53.2,-9.2,0
1991-02-21,1991,2,56,29,53.5,2.5,0
1991-02-22,1991,2,63,35,53.8,9.2,0
1991-02-23,1991,2,56,33,54.1,1.9,0
1991-02-24,1991,2,61,36,54.5,6.5,0
1991-02-25,1991,2,43,33,54.8,-11.8,0.04
1991-02-26,1991,2,43,24,55.1,-12.1,0
1991-02-27,1991,2,54,28,55.4,-1.4,0
1991-02-28,1991,2,66,30,55.7,10.3,0
1991-03-01,1991,3,63,47,56.1,6.9,0.51
1991-03-02,1991,3,74,47,56.4,17.6,0
1991-03-03,1991,3,47,33,56.7,-9.7,0.48
1991-03-04,1991,3,50,32,57,-7,0
1991-03-05,1991,3,62,29,57.4,4.6,0
1991-03-06,1991,3,72,42,57.7,14.3,0
1991-03-07,1991,3,47,35,58,-11,0
1991-03-08,1991,3,52,34,58.4,-6.4,0
1991-03-09,1991,3,59,26,58.7,0.299999999999997,0
1991-03-10,1991,3,54,31,59,-5,0
1991-03-11,1991,3,66,33,59.3,6.7,0
1991-03-12,1991,3,59,52,59.7,-0.700000000000003,0.26
1991-03-13,1991,3,61,43,60,1,0
1991-03-14,1991,3,43,38,60.3,-17.3,0
1991-03-15,1991,3,57,37,60.7,-3.7,0
1991-03-16,1991,3,70,42,61,9,0
1991-03-17,1991,3,57,50,61.3,-4.3,0.5
1991-03-18,1991,3,55,40,61.7,-6.7,0
1991-03-19,1991,3,66,33,62,4,0
1991-03-20,1991,3,72,41,62.3,9.7,0
1991-03-21,1991,3,76,60,62.7,13.3,0.03
1991-03-22,1991,3,80,59,63,17,0.55
1991-03-23,1991,3,75,61,63.3,11.7,0
1991-03-24,1991,3,71,53,63.7,7.3,0
1991-03-25,1991,3,82,41,64,18,0
1991-03-26,1991,3,85,55,64.3,20.7,0
1991-03-27,1991,3,78,64,64.6,13.4,0.25
1991-03-28,1991,3,65,47,65,0,0.5
1991-03-29,1991,3,52,33,65.3,-13.3,1.17
1991-03-30,1991,3,47,30,65.6,-18.6,0
1991-03-31,1991,3,62,28,65.9,-3.90000000000001,0
1991-04-01,1991,4,74,40,66.2,7.8,0
1991-04-02,1991,4,76,41,66.6,9.40000000000001,0
1991-04-03,1991,4,77,48,66.9,10.1,0
1991-04-04,1991,4,65,59,67.2,-2.2,0.08
1991-04-05,1991,4,79,56,67.5,11.5,0.03
1991-04-06,1991,4,81,54,67.8,13.2,0
1991-04-07,1991,4,84,60,68.1,15.9,0.09
1991-04-08,1991,4,75,66,68.4,6.59999999999999,0.22
1991-04-09,1991,4,79,54,68.7,10.3,0.13
1991-04-10,1991,4,71,46,69,2,0
1991-04-11,1991,4,77,41,69.3,7.7,0
1991-04-12,1991,4,69,56,69.6,-0.599999999999994,0.44
1991-04-13,1991,4,74,64,69.9,4.09999999999999,0.02
1991-04-14,1991,4,74,62,70.2,3.8,1.08
1991-04-15,1991,4,78,52,70.5,7.5,0
1991-04-16,1991,4,82,48,70.8,11.2,0
1991-04-17,1991,4,85,49,71,14,0
1991-04-18,1991,4,79,53,71.3,7.7,0.29
1991-04-19,1991,4,79,57,71.6,7.40000000000001,0
1991-04-20,1991,4,57,50,71.8,-14.8,0
1991-04-21,1991,4,61,45,72.1,-11.1,0.01
1991-04-22,1991,4,67,39,72.4,-5.40000000000001,0
1991-04-23,1991,4,71,50,72.6,-1.59999999999999,0
1991-04-24,1991,4,70,50,72.9,-2.90000000000001,0
1991-04-25,1991,4,79,46,73.1,5.90000000000001,0
1991-04-26,1991,4,80,61,73.4,6.59999999999999,0
1991-04-27,1991,4,72,63,73.6,-1.59999999999999,0.04
1991-04-28,1991,4,73,63,73.9,-0.900000000000006,0.48
1991-04-29,1991,4,69,59,74.1,-5.09999999999999,0.44
1991-04-30,1991,4,80,58,74.3,5.7,0
1991-05-01,1991,5,79,57,74.6,4.40000000000001,0
1991-05-02,1991,5,79,48,74.8,4.2,0
1991-05-03,1991,5,79,52,75,4,0.06
1991-05-04,1991,5,74,62,75.3,-1.3,0.04
1991-05-05,1991,5,78,64,75.5,2.5,0.48
1991-05-06,1991,5,68,49,75.7,-7.7,0
1991-05-07,1991,5,78,47,76,2,0
1991-05-08,1991,5,77,54,76.2,0.799999999999997,0.95
1991-05-09,1991,5,82,61,76.4,5.59999999999999,0.12
1991-05-10,1991,5,81,64,76.7,4.3,0.01
1991-05-11,1991,5,84,68,76.9,7.09999999999999,1.15
1991-05-12,1991,5,82,66,77.1,4.90000000000001,1.36
1991-05-13,1991,5,81,65,77.4,3.59999999999999,0
1991-05-14,1991,5,86,67,77.6,8.40000000000001,0
1991-05-15,1991,5,88,66,77.9,10.1,0
1991-05-16,1991,5,86,71,78.1,7.90000000000001,0
1991-05-17,1991,5,91,69,78.4,12.6,0
1991-05-18,1991,5,87,70,78.6,8.40000000000001,0
1991-05-19,1991,5,86,71,78.9,7.09999999999999,0.04
1991-05-20,1991,5,82,69,79.1,2.90000000000001,0
1991-05-21,1991,5,84,66,79.4,4.59999999999999,0
1991-05-22,1991,5,82,69,79.6,2.40000000000001,0
1991-05-23,1991,5,87,71,79.9,7.09999999999999,0.01
1991-05-24,1991,5,89,69,80.2,8.8,0
1991-05-25,1991,5,84,72,80.4,3.59999999999999,0.53
1991-05-26,1991,5,85,68,80.7,4.3,0.64
1991-05-27,1991,5,84,69,81,3,0.08
1991-05-28,1991,5,85,72,81.3,3.7,0.16
1991-05-29,1991,5,90,72,81.6,8.40000000000001,0
1991-05-30,1991,5,91,73,81.8,9.2,0
1991-05-31,1991,5,92,73,82.1,9.90000000000001,0
1991-06-01,1991,6,90,72,82.4,7.59999999999999,0
1991-06-02,1991,6,90,71,82.7,7.3,0
1991-06-03,1991,6,94,73,83,11,0
1991-06-04,1991,6,92,71,83.2,8.8,0.04
1991-06-05,1991,6,83,65,83.5,-0.5,0
1991-06-06,1991,6,83,62,83.8,-0.799999999999997,0
1991-06-07,1991,6,84,61,84.1,-0.0999999999999943,0
1991-06-08,1991,6,85,63,84.4,0.599999999999994,0
1991-06-09,1991,6,89,64,84.6,4.40000000000001,0
1991-06-10,1991,6,89,66,84.9,4.09999999999999,0
1991-06-11,1991,6,81,69,85.2,-4.2,0.2
1991-06-12,1991,6,78,71,85.4,-7.40000000000001,0.22
1991-06-13,1991,6,88,69,85.7,2.3,0
1991-06-14,1991,6,93,71,85.9,7.09999999999999,0
1991-06-15,1991,6,92,75,86.1,5.90000000000001,0
1991-06-16,1991,6,89,73,86.4,2.59999999999999,0
1991-06-17,1991,6,90,71,86.6,3.40000000000001,0
1991-06-18,1991,6,90,65,86.8,3.2,0
1991-06-19,1991,6,93,72,87,6,0
1991-06-20,1991,6,92,72,87.2,4.8,0
1991-06-21,1991,6,87,69,87.4,-0.400000000000006,0.35
1991-06-22,1991,6,88,67,87.6,0.400000000000006,0.44
1991-06-23,1991,6,88,68,87.8,0.200000000000003,0
1991-06-24,1991,6,85,70,87.9,-2.90000000000001,0
1991-06-25,1991,6,79,69,88.1,-9.09999999999999,0
1991-06-26,1991,6,88,65,88.2,-0.200000000000003,0
1991-06-27,1991,6,83,65,88.4,-5.40000000000001,0
1991-06-28,1991,6,85,69,88.5,-3.5,0
1991-06-29,1991,6,92,70,88.6,3.40000000000001,0
1991-06-30,1991,6,91,70,88.7,2.3,0
1991-07-01,1991,7,97,74,88.8,8.2,0
1991-07-02,1991,7,97,70,88.9,8.09999999999999,0
1991-07-03,1991,7,91,69,89,2,0
1991-07-04,1991,7,87,67,89,-2,0.87
1991-07-05,1991,7,92,70,89.1,2.90000000000001,0
1991-07-06,1991,7,95,71,89.1,5.90000000000001,0
1991-07-07,1991,7,95,72,89.2,5.8,0
1991-07-08,1991,7,93,68,89.2,3.8,0.3
1991-07-09,1991,7,90,68,89.3,0.700000000000003,0.05
1991-07-10,1991,7,92,71,89.3,2.7,0.89
1991-07-11,1991,7,94,72,89.3,4.7,0.1
1991-07-12,1991,7,94,74,89.3,4.7,0.46
1991-07-13,1991,7,92,72,89.4,2.59999999999999,0
1991-07-14,1991,7,86,67,89.4,-3.40000000000001,0
1991-07-15,1991,7,87,66,89.4,-2.40000000000001,0
1991-07-16,1991,7,90,71,89.4,0.599999999999994,0
1991-07-17,1991,7,88,71,89.4,-1.40000000000001,0
1991-07-18,1991,7,89,73,89.4,-0.400000000000006,0.13
1991-07-19,1991,7,93,73,89.4,3.59999999999999,0
1991-07-20,1991,7,94,71,89.4,4.59999999999999,0
1991-07-21,1991,7,97,73,89.4,7.59999999999999,0
1991-07-22,1991,7,100,74,89.4,10.6,0
1991-07-23,1991,7,100,73,89.4,10.6,0
1991-07-24,1991,7,91,71,89.4,1.59999999999999,0.02
1991-07-25,1991,7,88,71,89.4,-1.40000000000001,0
1991-07-26,1991,7,88,71,89.4,-1.40000000000001,0
1991-07-27,1991,7,90,66,89.4,0.599999999999994,0
1991-07-28,1991,7,90,69,89.4,0.599999999999994,0
1991-07-29,1991,7,92,70,89.4,2.59999999999999,0
1991-07-30,1991,7,88,69,89.5,-1.5,0
1991-07-31,1991,7,89,63,89.5,-0.5,0
1991-08-01,1991,8,91,64,89.5,1.5,0
1991-08-02,1991,8,96,65,89.5,6.5,0
1991-08-03,1991,8,95,70,89.5,5.5,0
1991-08-04,1991,8,94,72,89.5,4.5,0.31
1991-08-05,1991,8,95,71,89.5,5.5,0
1991-08-06,1991,8,96,73,89.5,6.5,0
1991-08-07,1991,8,96,72,89.5,6.5,0.18
1991-08-08,1991,8,93,73,89.5,3.5,0.25
1991-08-09,1991,8,88,72,89.5,-1.5,0.03
1991-08-10,1991,8,81,70,89.5,-8.5,0
1991-08-11,1991,8,89,64,89.5,-0.5,0
1991-08-12,1991,8,89,65,89.5,-0.5,0
1991-08-13,1991,8,85,62,89.4,-4.40000000000001,0
1991-08-14,1991,8,86,63,89.4,-3.40000000000001,0
1991-08-15,1991,8,88,60,89.4,-1.40000000000001,0
1991-08-16,1991,8,91,63,89.3,1.7,0
1991-08-17,1991,8,89,72,89.3,-0.299999999999997,0.26
1991-08-18,1991,8,88,68,89.2,-1.2,0
1991-08-19,1991,8,83,63,89.1,-6.09999999999999,0
1991-08-20,1991,8,80,59,89.1,-9.09999999999999,0
1991-08-21,1991,8,84,58,89,-5,0
1991-08-22,1991,8,89,60,88.9,0.0999999999999943,0
1991-08-23,1991,8,91,64,88.7,2.3,0
1991-08-24,1991,8,91,66,88.6,2.40000000000001,0
1991-08-25,1991,8,88,68,88.5,-0.5,0.02
1991-08-26,1991,8,82,71,88.3,-6.3,0.66
1991-08-27,1991,8,90,72,88.2,1.8,0
1991-08-28,1991,8,89,73,88,1,0
1991-08-29,1991,8,88,73,87.8,0.200000000000003,0.05
1991-08-30,1991,8,87,72,87.6,-0.599999999999994,0.02
1991-08-31,1991,8,91,70,87.4,3.59999999999999,0.01
1991-09-01,1991,9,94,67,87.1,6.90000000000001,0
1991-09-02,1991,9,91,69,86.9,4.09999999999999,0
1991-09-03,1991,9,83,68,86.6,-3.59999999999999,0
1991-09-04,1991,9,87,68,86.4,0.599999999999994,0
1991-09-05,1991,9,78,71,86.1,-8.09999999999999,0.11
1991-09-06,1991,9,88,72,85.8,2.2,0
1991-09-07,1991,9,90,67,85.5,4.5,0
1991-09-08,1991,9,91,66,85.2,5.8,1.09
1991-09-09,1991,9,79,71,84.8,-5.8,2.02
1991-09-10,1991,9,88,70,84.5,3.5,0.02
1991-09-11,1991,9,91,72,84.2,6.8,0.06
1991-09-12,1991,9,93,70,83.8,9.2,0
1991-09-13,1991,9,93,71,83.5,9.5,0
1991-09-14,1991,9,93,71,83.1,9.90000000000001,0
1991-09-15,1991,9,93,71,82.7,10.3,0.3
1991-09-16,1991,9,92,74,82.4,9.59999999999999,0
1991-09-17,1991,9,90,71,82,8,0
1991-09-18,1991,9,92,57,81.6,10.4,0.22
1991-09-19,1991,9,67,49,81.2,-14.2,0
1991-09-20,1991,9,67,44,80.9,-13.9,0
1991-09-21,1991,9,74,46,80.5,-6.5,0
1991-09-22,1991,9,79,55,80.1,-1.09999999999999,0
1991-09-23,1991,9,67,63,79.7,-12.7,0
1991-09-24,1991,9,70,56,79.3,-9.3,1.57
1991-09-25,1991,9,70,53,78.9,-8.90000000000001,0.08
1991-09-26,1991,9,68,49,78.6,-10.6,0
1991-09-27,1991,9,70,44,78.2,-8.2,0
1991-09-28,1991,9,79,46,77.8,1.2,0
1991-09-29,1991,9,83,51,77.4,5.59999999999999,0
1991-09-30,1991,9,83,53,77.1,5.90000000000001,0
1991-10-01,1991,10,81,56,76.7,4.3,0
1991-10-02,1991,10,81,58,76.4,4.59999999999999,0
1991-10-03,1991,10,83,60,76,7,0
1991-10-04,1991,10,83,62,75.7,7.3,0
1991-10-05,1991,10,72,45,75.3,-3.3,0.66
1991-10-06,1991,10,59,40,75,-16,0
1991-10-07,1991,10,62,34,74.6,-12.6,0
1991-10-08,1991,10,70,36,74.3,-4.3,0
1991-10-09,1991,10,74,43,74,0,0
1991-10-10,1991,10,71,47,73.6,-2.59999999999999,0.12
1991-10-11,1991,10,77,43,73.3,3.7,0
1991-10-12,1991,10,76,46,73,3,0
1991-10-13,1991,10,68,44,72.7,-4.7,0
1991-10-14,1991,10,68,45,72.3,-4.3,0.28
1991-10-15,1991,10,62,43,72,-10,0
1991-10-16,1991,10,61,35,71.7,-10.7,0
1991-10-17,1991,10,69,32,71.4,-2.40000000000001,0
1991-10-18,1991,10,81,42,71.1,9.90000000000001,0
1991-10-19,1991,10,63,42,70.7,-7.7,0
1991-10-20,1991,10,67,39,70.4,-3.40000000000001,0
1991-10-21,1991,10,75,40,70.1,4.90000000000001,0
1991-10-22,1991,10,78,53,69.8,8.2,0
1991-10-23,1991,10,66,62,69.4,-3.40000000000001,1.26
1991-10-24,1991,10,72,62,69.1,2.90000000000001,0.96
1991-10-25,1991,10,80,61,68.8,11.2,0
1991-10-26,1991,10,79,63,68.4,10.6,0
1991-10-27,1991,10,76,64,68.1,7.90000000000001,0.6
1991-10-28,1991,10,83,63,67.8,15.2,0
1991-10-29,1991,10,74,64,67.4,6.59999999999999,0
1991-10-30,1991,10,72,58,67,5,0
1991-10-31,1991,10,75,56,66.7,8.3,0
1991-11-01,1991,11,66,39,66.3,-0.299999999999997,0.2
1991-11-02,1991,11,49,33,65.9,-16.9,0
1991-11-03,1991,11,42,26,65.6,-23.6,0
1991-11-04,1991,11,36,20,65.2,-29.2,0
1991-11-05,1991,11,47,18,64.8,-17.8,0
1991-11-06,1991,11,55,32,64.4,-9.40000000000001,0
1991-11-07,1991,11,51,34,64,-13,0
1991-11-08,1991,11,41,27,63.6,-22.6,0
1991-11-09,1991,11,48,22,63.1,-15.1,0
1991-11-10,1991,11,51,25,62.7,-11.7,0
1991-11-11,1991,11,54,29,62.3,-8.3,0
1991-11-12,1991,11,50,30,61.9,-11.9,0
1991-11-13,1991,11,60,26,61.4,-1.4,0
1991-11-14,1991,11,64,43,61,3,0
1991-11-15,1991,11,70,40,60.6,9.4,0
1991-11-16,1991,11,70,56,60.1,9.9,0
1991-11-17,1991,11,76,55,59.7,16.3,0
1991-11-18,1991,11,71,62,59.2,11.8,0
1991-11-19,1991,11,71,60,58.8,12.2,0
1991-11-20,1991,11,69,61,58.4,10.6,0.48
1991-11-21,1991,11,61,51,57.9,3.1,0.06
1991-11-22,1991,11,56,48,57.5,-1.5,0.46
1991-11-23,1991,11,54,32,57.1,-3.1,0
1991-11-24,1991,11,44,29,56.6,-12.6,0
1991-11-25,1991,11,40,24,56.2,-16.2,0
1991-11-26,1991,11,50,22,55.8,-5.8,0
1991-11-27,1991,11,52,36,55.4,-3.4,0.02
1991-11-28,1991,11,64,50,54.9,9.1,0
1991-11-29,1991,11,73,49,54.5,18.5,0
1991-11-30,1991,11,68,46,54.1,13.9,1.65
1991-12-01,1991,12,49,44,53.8,-4.8,1.24
1991-12-02,1991,12,70,44,53.4,16.6,3.07
1991-12-03,1991,12,44,33,53,-9,0.03
1991-12-04,1991,12,34,24,52.6,-18.6,0
1991-12-05,1991,12,49,21,52.3,-3.3,0
1991-12-06,1991,12,58,35,51.9,6.1,0
1991-12-07,1991,12,62,41,51.6,10.4,0
1991-12-08,1991,12,68,53,51.3,16.7,0
1991-12-09,1991,12,61,41,51,10,1.02
1991-12-10,1991,12,51,32,50.7,0.299999999999997,0
1991-12-11,1991,12,55,32,50.4,4.6,0
1991-12-12,1991,12,63,53,50.1,12.9,0
1991-12-13,1991,12,63,59,49.8,13.2,0.9
1991-12-14,1991,12,59,31,49.6,9.4,0
1991-12-15,1991,12,49,23,49.3,-0.299999999999997,0
1991-12-16,1991,12,48,22,49.1,-1.1,0
1991-12-17,1991,12,58,36,48.8,9.2,0
1991-12-18,1991,12,40,25,48.6,-8.6,0
1991-12-19,1991,12,43,19,48.4,-5.4,0
1991-12-20,1991,12,51,36,48.2,2.8,0
1991-12-21,1991,12,51,45,48,3,0.1
1991-12-22,1991,12,56,46,47.9,8.1,0.06
1991-12-23,1991,12,66,42,47.7,18.3,0.31
1991-12-24,1991,12,44,32,47.6,-3.6,0
1991-12-25,1991,12,51,26,47.4,3.6,0
1991-12-26,1991,12,57,27,47.3,9.7,0
1991-12-27,1991,12,54,42,47.2,6.8,0.09
1991-12-28,1991,12,50,43,47.1,2.9,0.42
1991-12-29,1991,12,47,39,47,0,0.03
1991-12-30,1991,12,39,36,46.9,-7.9,0
1991-12-31,1991,12,51,38,46.8,4.2,0
1992-01-01,1992,1,54,33,46.7,7.3,0
1992-01-02,1992,1,50,44,46.6,3.4,0.81
1992-01-03,1992,1,48,43,46.6,1.4,0.08
1992-01-04,1992,1,44,39,46.5,-2.5,0
1992-01-05,1992,1,43,38,46.5,-3.5,0
1992-01-06,1992,1,48,34,46.5,1.5,0
1992-01-07,1992,1,52,28,46.4,5.6,0
1992-01-08,1992,1,50,32,46.4,3.6,0.23
1992-01-09,1992,1,58,41,46.4,11.6,0
1992-01-10,1992,1,41,26,46.4,-5.4,0
1992-01-11,1992,1,49,22,46.4,2.6,0
1992-01-12,1992,1,47,32,46.4,0.600000000000001,0.2
1992-01-13,1992,1,53,43,46.5,6.5,0.82
1992-01-14,1992,1,49,27,46.5,2.5,0.08
1992-01-15,1992,1,38,14,46.5,-8.5,0
1992-01-16,1992,1,29,9,46.6,-17.6,0
1992-01-17,1992,1,45,26,46.6,-1.6,0
1992-01-18,1992,1,32,23,46.7,-14.7,0
1992-01-19,1992,1,36,14,46.8,-10.8,0
1992-01-20,1992,1,51,25,46.8,4.2,0
1992-01-21,1992,1,58,26,46.9,11.1,0
1992-01-22,1992,1,58,37,47,11,0.08
1992-01-23,1992,1,50,38,47.1,2.9,0.67
1992-01-24,1992,1,43,28,47.3,-4.3,0
1992-01-25,1992,1,62,29,47.4,14.6,0
1992-01-26,1992,1,48,30,47.5,0.5,0
1992-01-27,1992,1,53,33,47.6,5.4,0
1992-01-28,1992,1,59,35,47.8,11.2,0
1992-01-29,1992,1,55,28,48,7,0
1992-01-30,1992,1,63,36,48.1,14.9,0
1992-01-31,1992,1,59,40,48.3,10.7,0
1992-02-01,1992,2,49,28,48.5,0.5,0
1992-02-02,1992,2,60,25,48.7,11.3,0
1992-02-03,1992,2,65,33,48.9,16.1,0
1992-02-04,1992,2,68,34,49.1,18.9,0
1992-02-05,1992,2,47,34,49.3,-2.3,0
1992-02-06,1992,2,56,28,49.5,6.5,0
1992-02-07,1992,2,43,30,49.7,-6.7,0
1992-02-08,1992,2,37,20,50,-13,0
1992-02-09,1992,2,41,17,50.2,-9.2,0
1992-02-10,1992,2,54,22,50.4,3.6,0
1992-02-11,1992,2,60,44,50.7,9.3,0
1992-02-12,1992,2,48,41,51,-3,0.12
1992-02-13,1992,2,56,47,51.2,4.8,0.26
1992-02-14,1992,2,60,47,51.5,8.5,0.18
1992-02-15,1992,2,73,44,51.8,21.2,0.17
1992-02-16,1992,2,55,40,52.1,2.9,0
1992-02-17,1992,2,55,38,52.3,2.7,0.06
1992-02-18,1992,2,65,48,52.6,12.4,0.07
1992-02-19,1992,2,51,39,52.9,-1.9,0
1992-02-20,1992,2,57,33,53.2,3.8,0
1992-02-21,1992,2,69,32,53.5,15.5,0
1992-02-22,1992,2,71,34,53.8,17.2,0
1992-02-23,1992,2,59,50,54.1,4.9,0.97
1992-02-24,1992,2,64,46,54.5,9.5,0
1992-02-25,1992,2,51,40,54.8,-3.8,0.63
1992-02-26,1992,2,40,30,55.1,-15.1,0.14
1992-02-27,1992,2,60,29,55.4,4.6,0
1992-02-28,1992,2,68,37,55.7,12.3,0
1992-02-29,1992,2,55,36,55.9,-0.899999999999999,0
1992-03-01,1992,3,68,31,56.1,11.9,0
1992-03-02,1992,3,78,39,56.4,21.6,0
1992-03-03,1992,3,74,46,56.7,17.3,0
1992-03-04,1992,3,70,56,57,13,0
1992-03-05,1992,3,72,56,57.4,14.6,0
1992-03-06,1992,3,73,57,57.7,15.3,0
1992-03-07,1992,3,76,54,58,18,0
1992-03-08,1992,3,74,46,58.4,15.6,0
1992-03-09,1992,3,75,53,58.7,16.3,1.77
1992-03-10,1992,3,57,25,59,-2,0.81
1992-03-11,1992,3,41,20,59.3,-18.3,0
1992-03-12,1992,3,44,30,59.7,-15.7,0.1
1992-03-13,1992,3,44,26,60,-16,0
1992-03-14,1992,3,57,31,60.3,-3.3,0
1992-03-15,1992,3,48,32,60.7,-12.7,0
1992-03-16,1992,3,58,27,61,-3,0
1992-03-17,1992,3,74,45,61.3,12.7,0
1992-03-18,1992,3,65,56,61.7,3.3,0.65
1992-03-19,1992,3,62,38,62,0,0.3
1992-03-20,1992,3,51,35,62.3,-11.3,0
1992-03-21,1992,3,58,30,62.7,-4.7,0
1992-03-22,1992,3,53,37,63,-10,0.15
1992-03-23,1992,3,50,31,63.3,-13.3,0
1992-03-24,1992,3,61,28,63.7,-2.7,0
1992-03-25,1992,3,52,46,64,-12,0.26
1992-03-26,1992,3,64,43,64.3,-0.299999999999997,0
1992-03-27,1992,3,53,32,64.6,-11.6,0
1992-03-28,1992,3,60,32,65,-5,0
1992-03-29,1992,3,60,46,65.3,-5.3,0.02
1992-03-30,1992,3,62,43,65.6,-3.59999999999999,0.44
1992-03-31,1992,3,60,42,65.9,-5.90000000000001,0
1992-04-01,1992,4,49,35,66.2,-17.2,0.02
1992-04-02,1992,4,47,33,66.6,-19.6,0
1992-04-03,1992,4,54,24,66.9,-12.9,0
1992-04-04,1992,4,63,39,67.2,-4.2,0
1992-04-05,1992,4,60,33,67.5,-7.5,0
1992-04-06,1992,4,67,43,67.8,-0.799999999999997,0.08
1992-04-07,1992,4,65,49,68.1,-3.09999999999999,0.03
1992-04-08,1992,4,77,46,68.4,8.59999999999999,0
1992-04-09,1992,4,79,51,68.7,10.3,0.04
1992-04-10,1992,4,82,51,69,13,0
1992-04-11,1992,4,83,57,69.3,13.7,0
1992-04-12,1992,4,67,50,69.6,-2.59999999999999,0
1992-04-13,1992,4,77,43,69.9,7.09999999999999,0
1992-04-14,1992,4,84,51,70.2,13.8,0
1992-04-15,1992,4,85,63,70.5,14.5,0.04
1992-04-16,1992,4,83,58,70.8,12.2,0
1992-04-17,1992,4,84,61,71,13,0
1992-04-18,1992,4,83,60,71.3,11.7,0
1992-04-19,1992,4,76,63,71.6,4.40000000000001,0.09
1992-04-20,1992,4,73,62,71.8,1.2,0.27
1992-04-21,1992,4,71,53,72.1,-1.09999999999999,0.18
1992-04-22,1992,4,77,51,72.4,4.59999999999999,0
1992-04-23,1992,4,85,50,72.6,12.4,0
1992-04-24,1992,4,86,53,72.9,13.1,0
1992-04-25,1992,4,62,44,73.1,-11.1,0
1992-04-26,1992,4,51,42,73.4,-22.4,0
1992-04-27,1992,4,57,41,73.6,-16.6,0.02
1992-04-28,1992,4,62,36,73.9,-11.9,0
1992-04-29,1992,4,69,35,74.1,-5.09999999999999,0
1992-04-30,1992,4,83,54,74.3,8.7,0
1992-05-01,1992,5,86,54,74.6,11.4,0
1992-05-02,1992,5,87,64,74.8,12.2,0.02
1992-05-03,1992,5,81,57,75,6,0
1992-05-04,1992,5,76,46,75.3,0.700000000000003,0.01
1992-05-05,1992,5,60,39,75.5,-15.5,0.04
1992-05-06,1992,5,64,43,75.7,-11.7,0
1992-05-07,1992,5,69,42,76,-7,0
1992-05-08,1992,5,67,45,76.2,-9.2,0.17
1992-05-09,1992,5,80,42,76.4,3.59999999999999,0
1992-05-10,1992,5,85,49,76.7,8.3,0
1992-05-11,1992,5,87,52,76.9,10.1,0
1992-05-12,1992,5,76,58,77.1,-1.09999999999999,1.16
1992-05-13,1992,5,76,58,77.4,-1.40000000000001,0
1992-05-14,1992,5,82,52,77.6,4.40000000000001,0
1992-05-15,1992,5,86,62,77.9,8.09999999999999,0
1992-05-16,1992,5,85,64,78.1,6.90000000000001,0
1992-05-17,1992,5,85,66,78.4,6.59999999999999,0
1992-05-18,1992,5,86,68,78.6,7.40000000000001,0
1992-05-19,1992,5,81,65,78.9,2.09999999999999,0.28
1992-05-20,1992,5,83,65,79.1,3.90000000000001,0
1992-05-21,1992,5,81,66,79.4,1.59999999999999,0
1992-05-22,1992,5,83,61,79.6,3.40000000000001,0
1992-05-23,1992,5,86,58,79.9,6.09999999999999,0
1992-05-24,1992,5,72,56,80.2,-8.2,0
1992-05-25,1992,5,71,53,80.4,-9.40000000000001,0
1992-05-26,1992,5,72,55,80.7,-8.7,0.01
1992-05-27,1992,5,69,51,81,-12,0
1992-05-28,1992,5,58,52,81.3,-23.3,0.11
1992-05-29,1992,5,64,54,81.6,-17.6,1.3
1992-05-30,1992,5,68,52,81.8,-13.8,0.02
1992-05-31,1992,5,77,48,82.1,-5.09999999999999,0
1992-06-01,1992,6,77,53,82.4,-5.40000000000001,0
1992-06-02,1992,6,77,54,82.7,-5.7,0
1992-06-03,1992,6,68,61,83,-15,1.53
1992-06-04,1992,6,73,62,83.2,-10.2,0.9
1992-06-05,1992,6,82,64,83.5,-1.5,0
1992-06-06,1992,6,85,60,83.8,1.2,0
1992-06-07,1992,6,84,67,84.1,-0.0999999999999943,0.16
1992-06-08,1992,6,82,67,84.4,-2.40000000000001,0.03
1992-06-09,1992,6,83,68,84.6,-1.59999999999999,0
1992-06-10,1992,6,83,64,84.9,-1.90000000000001,0
1992-06-11,1992,6,81,65,85.2,-4.2,0
1992-06-12,1992,6,73,64,85.4,-12.4,0.02
1992-06-13,1992,6,74,65,85.7,-11.7,0
1992-06-14,1992,6,84,68,85.9,-1.90000000000001,0.07
1992-06-15,1992,6,86,66,86.1,-0.0999999999999943,0
1992-06-16,1992,6,91,68,86.4,4.59999999999999,0
1992-06-17,1992,6,91,73,86.6,4.40000000000001,0
1992-06-18,1992,6,86,68,86.8,-0.799999999999997,0.73
1992-06-19,1992,6,87,65,87,0,0
1992-06-20,1992,6,87,63,87.2,-0.200000000000003,0.17
1992-06-21,1992,6,73,55,87.4,-14.4,0
1992-06-22,1992,6,76,51,87.6,-11.6,0
1992-06-23,1992,6,82,53,87.8,-5.8,0
1992-06-24,1992,6,89,66,87.9,1.09999999999999,0.01
1992-06-25,1992,6,92,68,88.1,3.90000000000001,0.03
1992-06-26,1992,6,77,66,88.2,-11.2,0.47
1992-06-27,1992,6,80,59,88.4,-8.40000000000001,0
1992-06-28,1992,6,83,56,88.5,-5.5,0
1992-06-29,1992,6,88,60,88.6,-0.599999999999994,0
1992-06-30,1992,6,81,70,88.7,-7.7,0.19
1992-07-01,1992,7,86,72,88.8,-2.8,0.04
1992-07-02,1992,7,91,72,88.9,2.09999999999999,1.41
1992-07-03,1992,7,86,69,89,-3,3.2
1992-07-04,1992,7,86,68,89,-3,0
1992-07-05,1992,7,82,69,89.1,-7.09999999999999,0.44
1992-07-06,1992,7,88,70,89.1,-1.09999999999999,0
1992-07-07,1992,7,90,69,89.2,0.799999999999997,0
1992-07-08,1992,7,92,71,89.2,2.8,0
1992-07-09,1992,7,91,76,89.3,1.7,0
1992-07-10,1992,7,92,73,89.3,2.7,0
1992-07-11,1992,7,92,75,89.3,2.7,0
1992-07-12,1992,7,93,73,89.3,3.7,0
1992-07-13,1992,7,94,72,89.4,4.59999999999999,0
1992-07-14,1992,7,91,74,89.4,1.59999999999999,0
1992-07-15,1992,7,86,73,89.4,-3.40000000000001,0.14
1992-07-16,1992,7,86,71,89.4,-3.40000000000001,0.11
1992-07-17,1992,7,80,68,89.4,-9.40000000000001,0.22
1992-07-18,1992,7,88,65,89.4,-1.40000000000001,0
1992-07-19,1992,7,90,68,89.4,0.599999999999994,0
1992-07-20,1992,7,91,67,89.4,1.59999999999999,0
1992-07-21,1992,7,92,70,89.4,2.59999999999999,0.01
1992-07-22,1992,7,88,71,89.4,-1.40000000000001,0.09
1992-07-23,1992,7,87,72,89.4,-2.40000000000001,0
1992-07-24,1992,7,90,71,89.4,0.599999999999994,0
1992-07-25,1992,7,93,73,89.4,3.59999999999999,0
1992-07-26,1992,7,92,74,89.4,2.59999999999999,0
1992-07-27,1992,7,86,74,89.4,-3.40000000000001,0.21
1992-07-28,1992,7,88,71,89.4,-1.40000000000001,0
1992-07-29,1992,7,89,66,89.4,-0.400000000000006,0
1992-07-30,1992,7,90,73,89.5,0.5,0.02
1992-07-31,1992,7,87,66,89.5,-2.5,0
1992-08-01,1992,8,82,62,89.5,-7.5,0
1992-08-02,1992,8,84,58,89.5,-5.5,0
1992-08-03,1992,8,85,62,89.5,-4.5,0.05
1992-08-04,1992,8,84,68,89.5,-5.5,0
1992-08-05,1992,8,87,67,89.5,-2.5,0
1992-08-06,1992,8,85,69,89.5,-4.5,0
1992-08-07,1992,8,88,71,89.5,-1.5,0
1992-08-08,1992,8,94,74,89.5,4.5,0
1992-08-09,1992,8,96,70,89.5,6.5,0.11
1992-08-10,1992,8,93,69,89.5,3.5,0.37
1992-08-11,1992,8,90,68,89.5,0.5,0
1992-08-12,1992,8,87,68,89.5,-2.5,0
1992-08-13,1992,8,86,68,89.4,-3.40000000000001,0
1992-08-14,1992,8,84,63,89.4,-5.40000000000001,0.16
1992-08-15,1992,8,77,61,89.4,-12.4,0
1992-08-16,1992,8,82,60,89.3,-7.3,0
1992-08-17,1992,8,83,60,89.3,-6.3,0
1992-08-18,1992,8,83,62,89.2,-6.2,0
1992-08-19,1992,8,85,59,89.1,-4.09999999999999,0
1992-08-20,1992,8,85,67,89.1,-4.09999999999999,0
1992-08-21,1992,8,79,65,89,-10,0
1992-08-22,1992,8,85,68,88.9,-3.90000000000001,0
1992-08-23,1992,8,80,70,88.7,-8.7,1.11
1992-08-24,1992,8,86,70,88.6,-2.59999999999999,0
1992-08-25,1992,8,90,69,88.5,1.5,0
1992-08-26,1992,8,89,71,88.3,0.700000000000003,0
1992-08-27,1992,8,80,67,88.2,-8.2,1.39
1992-08-28,1992,8,74,56,88,-14,0.06
1992-08-29,1992,8,78,52,87.8,-9.8,0
1992-08-30,1992,8,84,55,87.6,-3.59999999999999,0
1992-08-31,1992,8,86,62,87.4,-1.40000000000001,0
1992-09-01,1992,9,87,65,87.1,-0.0999999999999943,0
1992-09-02,1992,9,82,67,86.9,-4.90000000000001,0.91
1992-09-03,1992,9,78,66,86.6,-8.59999999999999,0.01
1992-09-04,1992,9,79,68,86.4,-7.40000000000001,0.16
1992-09-05,1992,9,84,68,86.1,-2.09999999999999,0.22
1992-09-06,1992,9,87,69,85.8,1.2,0
1992-09-07,1992,9,89,69,85.5,3.5,0.04
1992-09-08,1992,9,90,69,85.2,4.8,0
1992-09-09,1992,9,90,68,84.8,5.2,0
1992-09-10,1992,9,84,60,84.5,-0.5,0.18
1992-09-11,1992,9,77,53,84.2,-7.2,0
1992-09-12,1992,9,80,54,83.8,-3.8,0
1992-09-13,1992,9,85,61,83.5,1.5,0
1992-09-14,1992,9,86,66,83.1,2.90000000000001,0
1992-09-15,1992,9,85,62,82.7,2.3,0
1992-09-16,1992,9,85,61,82.4,2.59999999999999,0
1992-09-17,1992,9,85,64,82,3,0.17
1992-09-18,1992,9,83,69,81.6,1.40000000000001,0.47
1992-09-19,1992,9,80,65,81.2,-1.2,0
1992-09-20,1992,9,87,61,80.9,6.09999999999999,0
1992-09-21,1992,9,85,73,80.5,4.5,0
1992-09-22,1992,9,76,60,80.1,-4.09999999999999,0.57
1992-09-23,1992,9,65,51,79.7,-14.7,0
1992-09-24,1992,9,72,56,79.3,-7.3,0
1992-09-25,1992,9,74,59,78.9,-4.90000000000001,0
1992-09-26,1992,9,69,63,78.6,-9.59999999999999,0.72
1992-09-27,1992,9,75,56,78.2,-3.2,0
1992-09-28,1992,9,75,52,77.8,-2.8,0
1992-09-29,1992,9,67,47,77.4,-10.4,0
1992-09-30,1992,9,69,42,77.1,-8.09999999999999,0
1992-10-01,1992,10,73,44,76.7,-3.7,0
1992-10-02,1992,10,76,45,76.4,-0.400000000000006,0
1992-10-03,1992,10,73,48,76,-3,0
1992-10-04,1992,10,63,59,75.7,-12.7,0.52
1992-10-05,1992,10,71,51,75.3,-4.3,0
1992-10-06,1992,10,73,44,75,-2,0
1992-10-07,1992,10,70,49,74.6,-4.59999999999999,0
1992-10-08,1992,10,73,53,74.3,-1.3,0.07
1992-10-09,1992,10,70,43,74,-4,0
1992-10-10,1992,10,72,45,73.6,-1.59999999999999,0.03
1992-10-11,1992,10,65,42,73.3,-8.3,0
1992-10-12,1992,10,72,38,73,-1,0
1992-10-13,1992,10,77,45,72.7,4.3,0
1992-10-14,1992,10,85,57,72.3,12.7,0
1992-10-15,1992,10,80,62,72,8,0
1992-10-16,1992,10,66,45,71.7,-5.7,0.5
1992-10-17,1992,10,59,40,71.4,-12.4,0
1992-10-18,1992,10,63,44,71.1,-8.09999999999999,0
1992-10-19,1992,10,53,34,70.7,-17.7,0
1992-10-20,1992,10,64,39,70.4,-6.40000000000001,0
1992-10-21,1992,10,74,57,70.1,3.90000000000001,0
1992-10-22,1992,10,77,51,69.8,7.2,0
1992-10-23,1992,10,77,46,69.4,7.59999999999999,0
1992-10-24,1992,10,80,54,69.1,10.9,0
1992-10-25,1992,10,70,47,68.8,1.2,0
1992-10-26,1992,10,77,41,68.4,8.59999999999999,0.01
1992-10-27,1992,10,68,60,68.1,-0.0999999999999943,0.08
1992-10-28,1992,10,72,50,67.8,4.2,0
1992-10-29,1992,10,69,43,67.4,1.59999999999999,0
1992-10-30,1992,10,62,56,67,-5,0.38
1992-10-31,1992,10,66,59,66.7,-0.700000000000003,0.03
1992-11-01,1992,11,74,60,66.3,7.7,1.11
1992-11-02,1992,11,67,54,65.9,1.09999999999999,0.11
1992-11-03,1992,11,75,42,65.6,9.40000000000001,0
1992-11-04,1992,11,67,44,65.2,1.8,0.21
1992-11-05,1992,11,44,38,64.8,-20.8,0.33
1992-11-06,1992,11,40,36,64.4,-24.4,0
1992-11-07,1992,11,47,36,64,-17,0
1992-11-08,1992,11,56,31,63.6,-7.6,0
1992-11-09,1992,11,62,35,63.1,-1.1,0
1992-11-10,1992,11,66,48,62.7,3.3,0
1992-11-11,1992,11,65,55,62.3,2.7,0.01
1992-11-12,1992,11,68,42,61.9,6.1,0.68
1992-11-13,1992,11,55,33,61.4,-6.4,0
1992-11-14,1992,11,57,29,61,-4,0
1992-11-15,1992,11,47,30,60.6,-13.6,0
1992-11-16,1992,11,62,29,60.1,1.9,0
1992-11-17,1992,11,67,43,59.7,7.3,0
1992-11-18,1992,11,69,40,59.2,9.8,0
1992-11-19,1992,11,71,41,58.8,12.2,0
1992-11-20,1992,11,73,45,58.4,14.6,0.13
1992-11-21,1992,11,66,56,57.9,8.1,0.3
1992-11-22,1992,11,73,49,57.5,15.5,0.61
1992-11-23,1992,11,49,44,57.1,-8.1,0
1992-11-24,1992,11,50,44,56.6,-6.6,0.5
1992-11-25,1992,11,70,47,56.2,13.8,0.49
1992-11-26,1992,11,47,40,55.8,-8.8,0
1992-11-27,1992,11,41,34,55.4,-14.4,0
1992-11-28,1992,11,36,33,54.9,-18.9,0
1992-11-29,1992,11,45,29,54.5,-9.5,0
1992-11-30,1992,11,46,26,54.1,-8.1,0
1992-12-01,1992,12,48,33,53.8,-5.8,0
1992-12-02,1992,12,46,31,53.4,-7.4,0.01
1992-12-03,1992,12,49,26,53,-4,0
1992-12-04,1992,12,50,36,52.6,-2.6,0.09
1992-12-05,1992,12,36,23,52.3,-16.3,0
1992-12-06,1992,12,37,24,51.9,-14.9,0
1992-12-07,1992,12,39,34,51.6,-12.6,0
1992-12-08,1992,12,41,30,51.3,-10.3,0
1992-12-09,1992,12,41,30,51,-10,0.36
1992-12-10,1992,12,43,38,50.7,-7.7,0.06
1992-12-11,1992,12,41,34,50.4,-9.4,0
1992-12-12,1992,12,45,31,50.1,-5.1,0
1992-12-13,1992,12,51,36,49.8,1.2,0
1992-12-14,1992,12,58,29,49.6,8.4,0
1992-12-15,1992,12,60,43,49.3,10.7,0.06
1992-12-16,1992,12,53,47,49.1,3.9,0.2
1992-12-17,1992,12,49,39,48.8,0.200000000000003,0
1992-12-18,1992,12,52,31,48.6,3.4,0
1992-12-19,1992,12,57,39,48.4,8.6,0.29
1992-12-20,1992,12,56,31,48.2,7.8,0.39
1992-12-21,1992,12,50,28,48,2,0.06
1992-12-22,1992,12,57,41,47.9,9.1,0.18
1992-12-23,1992,12,58,42,47.7,10.3,0.55
1992-12-24,1992,12,42,22,47.6,-5.6,0
1992-12-25,1992,12,39,21,47.4,-8.4,0.07
1992-12-26,1992,12,38,23,47.3,-9.3,0
1992-12-27,1992,12,44,25,47.2,-3.2,0.52
1992-12-28,1992,12,49,39,47.1,1.9,0.01
1992-12-29,1992,12,63,44,47,16,0
1992-12-30,1992,12,64,49,46.9,17.1,0
1992-12-31,1992,12,62,32,46.8,15.2,0.03
1993-01-01,1993,1,32,27,46.7,-14.7,0
1993-01-02,1993,1,54,29,46.6,7.4,0
1993-01-03,1993,1,60,51,46.6,13.4,0
1993-01-04,1993,1,64,48,46.5,17.5,0.79
1993-01-05,1993,1,48,35,46.5,1.5,0
1993-01-06,1993,1,40,37,46.5,-6.5,0
1993-01-07,1993,1,44,33,46.4,-2.4,0.26
1993-01-08,1993,1,45,40,46.4,-1.4,0.04
1993-01-09,1993,1,45,39,46.4,-1.4,0
1993-01-10,1993,1,49,40,46.4,2.6,0.09
1993-01-11,1993,1,47,40,46.4,0.600000000000001,0.34
1993-01-12,1993,1,57,45,46.4,10.6,0.09
1993-01-13,1993,1,57,31,46.5,10.5,0.01
1993-01-14,1993,1,40,27,46.5,-6.5,0
1993-01-15,1993,1,43,29,46.5,-3.5,0
1993-01-16,1993,1,50,32,46.6,3.4,0
1993-01-17,1993,1,44,32,46.6,-2.6,0
1993-01-18,1993,1,34,27,46.7,-12.7,0
1993-01-19,1993,1,40,30,46.8,-6.8,0.04
1993-01-20,1993,1,50,40,46.8,3.2,0.25
1993-01-21,1993,1,59,45,46.9,12.1,0.3
1993-01-22,1993,1,55,34,47,8,0
1993-01-23,1993,1,64,27,47.1,16.9,0.06
1993-01-24,1993,1,59,31,47.3,11.7,0.49
1993-01-25,1993,1,43,25,47.4,-4.4,0
1993-01-26,1993,1,50,26,47.5,2.5,0
1993-01-27,1993,1,53,25,47.6,5.4,0
1993-01-28,1993,1,66,28,47.8,18.2,0
1993-01-29,1993,1,53,26,48,5,0
1993-01-30,1993,1,48,22,48.1,-0.100000000000001,0
1993-01-31,1993,1,61,26,48.3,12.7,0
1993-02-01,1993,2,53,32,48.5,4.5,0
1993-02-02,1993,2,52,23,48.7,3.3,0
1993-02-03,1993,2,59,24,48.9,10.1,0
1993-02-04,1993,2,58,27,49.1,8.9,0
1993-02-05,1993,2,63,33,49.3,13.7,0
1993-02-06,1993,2,60,28,49.5,10.5,0
1993-02-07,1993,2,60,31,49.7,10.3,0
1993-02-08,1993,2,63,29,50,13,0
1993-02-09,1993,2,68,30,50.2,17.8,0
1993-02-10,1993,2,64,38,50.4,13.6,0
1993-02-11,1993,2,52,49,50.7,1.3,0.71
1993-02-12,1993,2,57,39,51,6,0.01
1993-02-13,1993,2,39,37,51.2,-12.2,0.01
1993-02-14,1993,2,39,27,51.5,-12.5,0
1993-02-15,1993,2,47,26,51.8,-4.8,1.1
1993-02-16,1993,2,50,33,52.1,-2.1,0.01
1993-02-17,1993,2,33,19,52.3,-19.3,0
1993-02-18,1993,2,25,12,52.6,-27.6,0
1993-02-19,1993,2,37,13,52.9,-15.9,0
1993-02-20,1993,2,51,34,53.2,-2.2,0.03
1993-02-21,1993,2,73,44,53.5,19.5,0.96
1993-02-22,1993,2,48,31,53.8,-5.8,0
1993-02-23,1993,2,40,25,54.1,-14.1,0
1993-02-24,1993,2,36,19,54.5,-18.5,0
1993-02-25,1993,2,41,27,54.8,-13.8,0.49
1993-02-26,1993,2,41,27,55.1,-14.1,0.01
1993-02-27,1993,2,41,27,55.4,-14.4,0
1993-02-28,1993,2,44,22,55.7,-11.7,0
1993-03-01,1993,3,58,20,56.1,1.9,0
1993-03-02,1993,3,49,44,56.4,-7.4,0.96
1993-03-03,1993,3,54,48,56.7,-2.7,0.37
1993-03-04,1993,3,49,36,57,-8,0.03
1993-03-05,1993,3,41,35,57.4,-16.4,0.01
1993-03-06,1993,3,57,29,57.7,-0.700000000000003,0
1993-03-07,1993,3,55,34,58,-3,0
1993-03-08,1993,3,64,42,58.4,5.6,0
1993-03-09,1993,3,57,31,58.7,-1.7,0
1993-03-10,1993,3,65,41,59,6,0
1993-03-11,1993,3,49,33,59.3,-10.3,0
1993-03-12,1993,3,37,29,59.7,-22.7,0.02
1993-03-13,1993,3,29,23,60,-31,0.26
1993-03-14,1993,3,35,19,60.3,-25.3,0
1993-03-15,1993,3,50,18,60.7,-10.7,0
1993-03-16,1993,3,49,41,61,-12,0.42
1993-03-17,1993,3,46,31,61.3,-15.3,0.07
1993-03-18,1993,3,45,26,61.7,-16.7,0
1993-03-19,1993,3,56,36,62,-6,0.01
1993-03-20,1993,3,53,44,62.3,-9.3,0
1993-03-21,1993,3,64,44,62.7,1.3,0
1993-03-22,1993,3,64,44,63,1,1.15
1993-03-23,1993,3,63,47,63.3,-0.299999999999997,0.46
1993-03-24,1993,3,60,42,63.7,-3.7,0
1993-03-25,1993,3,53,47,64,-11,0.86
1993-03-26,1993,3,66,50,64.3,1.7,0.64
1993-03-27,1993,3,71,53,64.6,6.40000000000001,0.09
1993-03-28,1993,3,71,48,65,6,0
1993-03-29,1993,3,77,41,65.3,11.7,0
1993-03-30,1993,3,81,50,65.6,15.4,0
1993-03-31,1993,3,74,52,65.9,8.09999999999999,0.15
1993-04-01,1993,4,52,37,66.2,-14.2,0.12
1993-04-02,1993,4,44,34,66.6,-22.6,0
1993-04-03,1993,4,57,30,66.9,-9.90000000000001,0
1993-04-04,1993,4,60,40,67.2,-7.2,0.05
1993-04-05,1993,4,49,45,67.5,-18.5,0.39
1993-04-06,1993,4,59,44,67.8,-8.8,0
1993-04-07,1993,4,70,42,68.1,1.90000000000001,0
1993-04-08,1993,4,72,57,68.4,3.59999999999999,0
1993-04-09,1993,4,63,48,68.7,-5.7,0.44
1993-04-10,1993,4,71,45,69,2,0
1993-04-11,1993,4,80,49,69.3,10.7,0
1993-04-12,1993,4,74,52,69.6,4.40000000000001,0
1993-04-13,1993,4,77,51,69.9,7.09999999999999,0
1993-04-14,1993,4,77,59,70.2,6.8,0
1993-04-15,1993,4,74,45,70.5,3.5,0.65
1993-04-16,1993,4,50,42,70.8,-20.8,0.07
1993-04-17,1993,4,64,34,71,-7,0
1993-04-18,1993,4,70,45,71.3,-1.3,0
1993-04-19,1993,4,77,54,71.6,5.40000000000001,0
1993-04-20,1993,4,70,52,71.8,-1.8,0.26
1993-04-21,1993,4,52,43,72.1,-20.1,0
1993-04-22,1993,4,62,38,72.4,-10.4,0
1993-04-23,1993,4,72,41,72.6,-0.599999999999994,0
1993-04-24,1993,4,74,59,72.9,1.09999999999999,0
1993-04-25,1993,4,69,55,73.1,-4.09999999999999,1.35
1993-04-26,1993,4,69,52,73.4,-4.40000000000001,0
1993-04-27,1993,4,74,44,73.6,0.400000000000006,0
1993-04-28,1993,4,76,44,73.9,2.09999999999999,0
1993-04-29,1993,4,77,48,74.1,2.90000000000001,0
1993-04-30,1993,4,76,60,74.3,1.7,0
1993-05-01,1993,5,70,59,74.6,-4.59999999999999,0.06
1993-05-02,1993,5,68,62,74.8,-6.8,0.17
1993-05-03,1993,5,68,61,75,-7,0.95
1993-05-04,1993,5,71,54,75.3,-4.3,0
1993-05-05,1993,5,84,53,75.5,8.5,0
1993-05-06,1993,5,86,61,75.7,10.3,0
1993-05-07,1993,5,86,61,76,10,0
1993-05-08,1993,5,87,59,76.2,10.8,0
1993-05-09,1993,5,85,63,76.4,8.59999999999999,0
1993-05-10,1993,5,85,60,76.7,8.3,0
1993-05-11,1993,5,83,61,76.9,6.09999999999999,0.01
1993-05-12,1993,5,76,62,77.1,-1.09999999999999,0.53
1993-05-13,1993,5,68,54,77.4,-9.40000000000001,1.09
1993-05-14,1993,5,74,50,77.6,-3.59999999999999,0
1993-05-15,1993,5,80,50,77.9,2.09999999999999,0
1993-05-16,1993,5,85,59,78.1,6.90000000000001,0.36
1993-05-17,1993,5,79,62,78.4,0.599999999999994,0
1993-05-18,1993,5,84,61,78.6,5.40000000000001,0.31
1993-05-19,1993,5,72,57,78.9,-6.90000000000001,0.11
1993-05-20,1993,5,66,50,79.1,-13.1,0.06
1993-05-21,1993,5,67,48,79.4,-12.4,0
1993-05-22,1993,5,74,44,79.6,-5.59999999999999,0
1993-05-23,1993,5,79,52,79.9,-0.900000000000006,0
1993-05-24,1993,5,77,60,80.2,-3.2,0.06
1993-05-25,1993,5,71,61,80.4,-9.40000000000001,0.03
1993-05-26,1993,5,76,52,80.7,-4.7,0
1993-05-27,1993,5,82,50,81,1,0
1993-05-28,1993,5,87,60,81.3,5.7,0
1993-05-29,1993,5,89,68,81.6,7.40000000000001,0
1993-05-30,1993,5,88,65,81.8,6.2,0
1993-05-31,1993,5,71,55,82.1,-11.1,0.76
1993-06-01,1993,6,73,50,82.4,-9.40000000000001,0
1993-06-02,1993,6,78,51,82.7,-4.7,0
1993-06-03,1993,6,85,57,83,2,0
1993-06-04,1993,6,83,69,83.2,-0.200000000000003,0
1993-06-05,1993,6,72,56,83.5,-11.5,0
1993-06-06,1993,6,78,52,83.8,-5.8,0
1993-06-07,1993,6,91,65,84.1,6.90000000000001,0
1993-06-08,1993,6,93,69,84.4,8.59999999999999,0
1993-06-09,1993,6,93,75,84.6,8.40000000000001,0
1993-06-10,1993,6,91,67,84.9,6.09999999999999,0.09
1993-06-11,1993,6,89,66,85.2,3.8,0
1993-06-12,1993,6,88,68,85.4,2.59999999999999,0.43
1993-06-13,1993,6,87,66,85.7,1.3,0.18
1993-06-14,1993,6,86,67,85.9,0.0999999999999943,2.34
1993-06-15,1993,6,87,68,86.1,0.900000000000006,0
1993-06-16,1993,6,88,65,86.4,1.59999999999999,0
1993-06-17,1993,6,90,68,86.6,3.40000000000001,0.43
1993-06-18,1993,6,91,68,86.8,4.2,0
1993-06-19,1993,6,89,68,87,2,0
1993-06-20,1993,6,83,69,87.2,-4.2,0.01
1993-06-21,1993,6,82,69,87.4,-5.40000000000001,0
1993-06-22,1993,6,88,68,87.6,0.400000000000006,0
1993-06-23,1993,6,89,70,87.8,1.2,0
1993-06-24,1993,6,89,70,87.9,1.09999999999999,1.26
1993-06-25,1993,6,82,68,88.1,-6.09999999999999,0.43
1993-06-26,1993,6,86,65,88.2,-2.2,0
1993-06-27,1993,6,86,65,88.4,-2.40000000000001,0
1993-06-28,1993,6,88,68,88.5,-0.5,0
1993-06-29,1993,6,85,69,88.6,-3.59999999999999,0.14
1993-06-30,1993,6,92,71,88.7,3.3,0
1993-07-01,1993,7,91,77,88.8,2.2,0
1993-07-02,1993,7,91,75,88.9,2.09999999999999,0
1993-07-03,1993,7,92,74,89,3,0
1993-07-04,1993,7,94,73,89,5,0
1993-07-05,1993,7,92,74,89.1,2.90000000000001,0
1993-07-06,1993,7,94,75,89.1,4.90000000000001,0
1993-07-07,1993,7,95,73,89.2,5.8,0
1993-07-08,1993,7,96,74,89.2,6.8,0
1993-07-09,1993,7,93,72,89.3,3.7,0.03
1993-07-10,1993,7,92,70,89.3,2.7,0.09
1993-07-11,1993,7,88,70,89.3,-1.3,0
1993-07-12,1993,7,91,72,89.3,1.7,0.8
1993-07-13,1993,7,91,70,89.4,1.59999999999999,0
1993-07-14,1993,7,91,74,89.4,1.59999999999999,0.04
1993-07-15,1993,7,87,73,89.4,-2.40000000000001,1.55
1993-07-16,1993,7,94,71,89.4,4.59999999999999,0
1993-07-17,1993,7,96,75,89.4,6.59999999999999,0
1993-07-18,1993,7,94,73,89.4,4.59999999999999,0.1
1993-07-19,1993,7,94,75,89.4,4.59999999999999,0
1993-07-20,1993,7,93,76,89.4,3.59999999999999,0
1993-07-21,1993,7,94,73,89.4,4.59999999999999,0
1993-07-22,1993,7,94,72,89.4,4.59999999999999,1.01
1993-07-23,1993,7,94,72,89.4,4.59999999999999,0
1993-07-24,1993,7,97,76,89.4,7.59999999999999,0.02
1993-07-25,1993,7,96,76,89.4,6.59999999999999,0
1993-07-26,1993,7,98,76,89.4,8.59999999999999,0
1993-07-27,1993,7,99,73,89.4,9.59999999999999,0
1993-07-28,1993,7,99,76,89.4,9.59999999999999,0
1993-07-29,1993,7,92,75,89.4,2.59999999999999,0
1993-07-30,1993,7,88,68,89.5,-1.5,0
1993-07-31,1993,7,92,65,89.5,2.5,0
1993-08-01,1993,8,89,70,89.5,-0.5,0.02
1993-08-02,1993,8,86,73,89.5,-3.5,0
1993-08-03,1993,8,91,66,89.5,1.5,0
1993-08-04,1993,8,82,69,89.5,-7.5,0
1993-08-05,1993,8,87,66,89.5,-2.5,0.5
1993-08-06,1993,8,75,66,89.5,-14.5,0.02
1993-08-07,1993,8,85,62,89.5,-4.5,0
1993-08-08,1993,8,88,64,89.5,-1.5,0
1993-08-09,1993,8,91,63,89.5,1.5,0
1993-08-10,1993,8,89,66,89.5,-0.5,0
1993-08-11,1993,8,92,70,89.5,2.5,0
1993-08-12,1993,8,85,73,89.5,-4.5,0.02
1993-08-13,1993,8,86,72,89.4,-3.40000000000001,0.61
1993-08-14,1993,8,89,72,89.4,-0.400000000000006,0
1993-08-15,1993,8,93,73,89.4,3.59999999999999,0
1993-08-16,1993,8,95,68,89.3,5.7,0
1993-08-17,1993,8,95,72,89.3,5.7,0
1993-08-18,1993,8,95,75,89.2,5.8,0.02
1993-08-19,1993,8,96,75,89.1,6.90000000000001,0
1993-08-20,1993,8,97,77,89.1,7.90000000000001,0.08
1993-08-21,1993,8,93,73,89,4,0
1993-08-22,1993,8,95,67,88.9,6.09999999999999,0
1993-08-23,1993,8,98,71,88.7,9.3,0
1993-08-24,1993,8,95,73,88.6,6.40000000000001,0
1993-08-25,1993,8,95,74,88.5,6.5,0.12
1993-08-26,1993,8,96,73,88.3,7.7,0
1993-08-27,1993,8,97,72,88.2,8.8,0.37
1993-08-28,1993,8,96,71,88,8,0
1993-08-29,1993,8,96,72,87.8,8.2,0
1993-08-30,1993,8,97,72,87.6,9.40000000000001,0
1993-08-31,1993,8,97,72,87.4,9.59999999999999,0
1993-09-01,1993,9,96,75,87.1,8.90000000000001,0
1993-09-02,1993,9,89,72,86.9,2.09999999999999,0.03
1993-09-03,1993,9,89,70,86.6,2.40000000000001,0.23
1993-09-04,1993,9,85,67,86.4,-1.40000000000001,0
1993-09-05,1993,9,86,62,86.1,-0.0999999999999943,0
1993-09-06,1993,9,89,61,85.8,3.2,0
1993-09-07,1993,9,88,65,85.5,2.5,0
1993-09-08,1993,9,87,65,85.2,1.8,0.3
1993-09-09,1993,9,82,66,84.8,-2.8,0.1
1993-09-10,1993,9,80,60,84.5,-4.5,0
1993-09-11,1993,9,80,50,84.2,-4.2,0
1993-09-12,1993,9,88,55,83.8,4.2,0
1993-09-13,1993,9,89,65,83.5,5.5,0
1993-09-14,1993,9,90,74,83.1,6.90000000000001,0.06
1993-09-15,1993,9,77,58,82.7,-5.7,0.33
1993-09-16,1993,9,69,60,82.4,-13.4,0.03
1993-09-17,1993,9,77,61,82,-5,0
1993-09-18,1993,9,78,58,81.6,-3.59999999999999,0
1993-09-19,1993,9,82,53,81.2,0.799999999999997,0
1993-09-20,1993,9,80,58,80.9,-0.900000000000006,0.11
1993-09-21,1993,9,85,60,80.5,4.5,0
1993-09-22,1993,9,89,55,80.1,8.90000000000001,0
1993-09-23,1993,9,79,65,79.7,-0.700000000000003,0.51
1993-09-24,1993,9,80,64,79.3,0.700000000000003,0.01
1993-09-25,1993,9,87,68,78.9,8.09999999999999,1.19
1993-09-26,1993,9,71,60,78.6,-7.59999999999999,0
1993-09-27,1993,9,65,48,78.2,-13.2,0
1993-09-28,1993,9,75,46,77.8,-2.8,0
1993-09-29,1993,9,70,49,77.4,-7.40000000000001,0
1993-09-30,1993,9,67,43,77.1,-10.1,0
1993-10-01,1993,10,78,48,76.7,1.3,0
1993-10-02,1993,10,70,56,76.4,-6.40000000000001,0.02
1993-10-03,1993,10,69,46,76,-7,0
1993-10-04,1993,10,77,41,75.7,1.3,0
1993-10-05,1993,10,82,50,75.3,6.7,0
1993-10-06,1993,10,86,51,75,11,0
1993-10-07,1993,10,82,56,74.6,7.40000000000001,0
1993-10-08,1993,10,82,56,74.3,7.7,0
1993-10-09,1993,10,74,49,74,0,0.14
1993-10-10,1993,10,50,40,73.6,-23.6,0
1993-10-11,1993,10,52,39,73.3,-21.3,0
1993-10-12,1993,10,69,43,73,-4,0
1993-10-13,1993,10,73,45,72.7,0.299999999999997,0
1993-10-14,1993,10,77,53,72.3,4.7,0
1993-10-15,1993,10,78,53,72,6,0
1993-10-16,1993,10,67,62,71.7,-4.7,0.82
1993-10-17,1993,10,80,61,71.4,8.59999999999999,0.37
1993-10-18,1993,10,67,57,71.1,-4.09999999999999,0.13
1993-10-19,1993,10,77,63,70.7,6.3,0.34
1993-10-20,1993,10,78,68,70.4,7.59999999999999,0
1993-10-21,1993,10,70,45,70.1,-0.0999999999999943,0.12
1993-10-22,1993,10,64,41,69.8,-5.8,0
1993-10-23,1993,10,69,37,69.4,-0.400000000000006,0
1993-10-24,1993,10,73,43,69.1,3.90000000000001,0
1993-10-25,1993,10,74,46,68.8,5.2,0
1993-10-26,1993,10,77,51,68.4,8.59999999999999,0
1993-10-27,1993,10,59,40,68.1,-9.09999999999999,0
1993-10-28,1993,10,63,31,67.8,-4.8,0
1993-10-29,1993,10,56,39,67.4,-11.4,0.12
1993-10-30,1993,10,39,34,67,-28,0.1
1993-10-31,1993,10,41,32,66.7,-25.7,0.04
1993-11-01,1993,11,48,29,66.3,-18.3,0
1993-11-02,1993,11,55,29,65.9,-10.9,0
1993-11-03,1993,11,51,45,65.6,-14.6,0.01
1993-11-04,1993,11,62,51,65.2,-3.2,0
1993-11-05,1993,11,66,40,64.8,1.2,0.14
1993-11-06,1993,11,40,31,64.4,-24.4,0
1993-11-07,1993,11,46,25,64,-18,0
1993-11-08,1993,11,56,23,63.6,-7.6,0
1993-11-09,1993,11,56,30,63.1,-7.1,0
1993-11-10,1993,11,62,30,62.7,-0.700000000000003,0
1993-11-11,1993,11,65,30,62.3,2.7,0
1993-11-12,1993,11,58,43,61.9,-3.9,0.14
1993-11-13,1993,11,74,58,61.4,12.6,0
1993-11-14,1993,11,78,63,61,17,1.18
1993-11-15,1993,11,65,50,60.6,4.4,0.21
1993-11-16,1993,11,67,48,60.1,6.9,0.04
1993-11-17,1993,11,71,45,59.7,11.3,0.38
1993-11-18,1993,11,52,45,59.2,-7.2,0
1993-11-19,1993,11,50,42,58.8,-8.8,0.07
1993-11-20,1993,11,50,32,58.4,-8.4,0
1993-11-21,1993,11,56,27,57.9,-1.9,0
1993-11-22,1993,11,62,29,57.5,4.5,0
1993-11-23,1993,11,65,32,57.1,7.9,0
1993-11-24,1993,11,65,41,56.6,8.4,0
1993-11-25,1993,11,59,49,56.2,2.8,0.05
1993-11-26,1993,11,61,35,55.8,5.2,0.31
1993-11-27,1993,11,47,28,55.4,-8.4,0
1993-11-28,1993,11,42,27,54.9,-12.9,0
1993-11-29,1993,11,52,25,54.5,-2.5,0
1993-11-30,1993,11,50,27,54.1,-4.1,0
1993-12-01,1993,12,63,30,53.8,9.2,0
1993-12-02,1993,12,59,46,53.4,5.6,0.09
1993-12-03,1993,12,56,50,53,3,0.78
1993-12-04,1993,12,57,47,52.6,4.4,2.38
1993-12-05,1993,12,48,37,52.3,-4.3,0
1993-12-06,1993,12,47,29,51.9,-4.9,0
1993-12-07,1993,12,51,26,51.6,-0.600000000000001,0
1993-12-08,1993,12,58,34,51.3,6.7,0
1993-12-09,1993,12,61,32,51,10,0.87
1993-12-10,1993,12,62,43,50.7,11.3,0.19
1993-12-11,1993,12,43,26,50.4,-7.4,0
1993-12-12,1993,12,44,22,50.1,-6.1,0
1993-12-13,1993,12,58,35,49.8,8.2,0.18
1993-12-14,1993,12,45,38,49.6,-4.6,0.71
1993-12-15,1993,12,46,41,49.3,-3.3,0.02
1993-12-16,1993,12,44,41,49.1,-5.1,0
1993-12-17,1993,12,42,40,48.8,-6.8,0
1993-12-18,1993,12,53,40,48.6,4.4,0
1993-12-19,1993,12,48,30,48.4,-0.399999999999999,0
1993-12-20,1993,12,42,32,48.2,-6.2,0.5
1993-12-21,1993,12,41,28,48,-7,0
1993-12-22,1993,12,45,27,47.9,-2.9,0
1993-12-23,1993,12,35,27,47.7,-12.7,0
1993-12-24,1993,12,38,20,47.6,-9.6,0
1993-12-25,1993,12,38,19,47.4,-9.4,0.03
1993-12-26,1993,12,55,19,47.3,7.7,0
1993-12-27,1993,12,60,45,47.2,12.8,0
1993-12-28,1993,12,53,28,47.1,5.9,0.87
1993-12-29,1993,12,34,23,47,-13,0
1993-12-30,1993,12,30,15,46.9,-16.9,0
1993-12-31,1993,12,46,22,46.8,-0.799999999999997,0
1994-01-01,1994,1,42,28,46.7,-4.7,0.08
1994-01-02,1994,1,43,40,46.6,-3.6,0
1994-01-03,1994,1,44,35,46.6,-2.6,0.41
1994-01-04,1994,1,37,30,46.5,-9.5,0.01
1994-01-05,1994,1,42,29,46.5,-4.5,0
1994-01-06,1994,1,61,41,46.5,14.5,0
1994-01-07,1994,1,61,19,46.4,14.6,1.25
1994-01-08,1994,1,28,14,46.4,-18.4,0
1994-01-09,1994,1,38,16,46.4,-8.4,0
1994-01-10,1994,1,49,24,46.4,2.6,0
1994-01-11,1994,1,47,31,46.4,0.600000000000001,0.08
1994-01-12,1994,1,43,40,46.4,-3.4,0
1994-01-13,1994,1,41,39,46.5,-5.5,0.05
1994-01-14,1994,1,39,13,46.5,-7.5,0.01
1994-01-15,1994,1,17,5,46.5,-29.5,0
1994-01-16,1994,1,36,4,46.6,-10.6,0.01
1994-01-17,1994,1,35,7,46.6,-11.6,0.61
1994-01-18,1994,1,10,0,46.7,-36.7,0
1994-01-19,1994,1,17,-1,46.8,-29.8,0
1994-01-20,1994,1,26,11,46.8,-20.8,0
1994-01-21,1994,1,29,15,46.9,-17.9,0
1994-01-22,1994,1,45,15,47,-2,0
1994-01-23,1994,1,48,37,47.1,0.899999999999999,0.02
1994-01-24,1994,1,61,40,47.3,13.7,0
1994-01-25,1994,1,54,44,47.4,6.6,0.52
1994-01-26,1994,1,57,48,47.5,9.5,0.09
1994-01-27,1994,1,57,50,47.6,9.4,1.22
1994-01-28,1994,1,54,35,47.8,6.2,0
1994-01-29,1994,1,36,32,48,-12,0
1994-01-30,1994,1,43,31,48.1,-5.1,0
1994-01-31,1994,1,33,24,48.3,-15.3,0
1994-02-01,1994,2,32,17,48.5,-16.5,0
1994-02-02,1994,2,43,18,48.7,-5.7,0
1994-02-03,1994,2,51,28,48.9,2.1,0
1994-02-04,1994,2,47,31,49.1,-2.1,0.03
1994-02-05,1994,2,57,41,49.3,7.7,0
1994-02-06,1994,2,59,34,49.5,9.5,0
1994-02-07,1994,2,63,30,49.7,13.3,0
1994-02-08,1994,2,75,60,50,25,0.08
1994-02-09,1994,2,70,23,50.2,19.8,1.18
1994-02-10,1994,2,33,23,50.4,-17.4,0.8
1994-02-11,1994,2,35,33,50.7,-15.7,1.03
1994-02-12,1994,2,45,34,51,-6,0
1994-02-13,1994,2,41,25,51.2,-10.2,0
1994-02-14,1994,2,53,21,51.5,1.5,0
1994-02-15,1994,2,59,34,51.8,7.2,0
1994-02-16,1994,2,62,28,52.1,9.9,0
1994-02-17,1994,2,67,30,52.3,14.7,0
1994-02-18,1994,2,72,36,52.6,19.4,0
1994-02-19,1994,2,73,50,52.9,20.1,0
1994-02-20,1994,2,64,58,53.2,10.8,0.51
1994-02-21,1994,2,68,48,53.5,14.5,0.73
1994-02-22,1994,2,59,47,53.8,5.2,1.73
1994-02-23,1994,2,68,41,54.1,13.9,0.09
1994-02-24,1994,2,46,32,54.5,-8.5,0
1994-02-25,1994,2,64,27,54.8,9.2,0
1994-02-26,1994,2,35,19,55.1,-20.1,0
1994-02-27,1994,2,44,21,55.4,-11.4,0
1994-02-28,1994,2,61,27,55.7,5.3,0
1994-03-01,1994,3,49,43,56.1,-7.1,0.36
1994-03-02,1994,3,43,35,56.4,-13.4,0.39
1994-03-03,1994,3,56,30,56.7,-0.700000000000003,0
1994-03-04,1994,3,75,48,57,18,0
1994-03-05,1994,3,67,40,57.4,9.6,0
1994-03-06,1994,3,78,35,57.7,20.3,0
1994-03-07,1994,3,76,51,58,18,0.02
1994-03-08,1994,3,51,35,58.4,-7.4,0.53
1994-03-09,1994,3,38,33,58.7,-20.7,1.84
1994-03-10,1994,3,47,31,59,-12,0
1994-03-11,1994,3,53,26,59.3,-6.3,0
1994-03-12,1994,3,62,32,59.7,2.3,0
1994-03-13,1994,3,60,42,60,0,0.09
1994-03-14,1994,3,69,42,60.3,8.7,0
1994-03-15,1994,3,66,49,60.7,5.3,0
1994-03-16,1994,3,50,36,61,-11,0
1994-03-17,1994,3,59,30,61.3,-2.3,0
1994-03-18,1994,3,72,49,61.7,10.3,0
1994-03-19,1994,3,69,40,62,7,0
1994-03-20,1994,3,79,49,62.3,16.7,0.06
1994-03-21,1994,3,70,43,62.7,7.3,0.02
1994-03-22,1994,3,70,34,63,7,0
1994-03-23,1994,3,79,42,63.3,15.7,0.02
1994-03-24,1994,3,64,51,63.7,0.299999999999997,0.74
1994-03-25,1994,3,57,43,64,-7,0.02
1994-03-26,1994,3,71,43,64.3,6.7,0.63
1994-03-27,1994,3,63,46,64.6,-1.59999999999999,2.54
1994-03-28,1994,3,54,44,65,-11,0.09
1994-03-29,1994,3,54,37,65.3,-11.3,0
1994-03-30,1994,3,50,38,65.6,-15.6,0.21
1994-03-31,1994,3,54,37,65.9,-11.9,0
1994-04-01,1994,4,66,30,66.2,-0.200000000000003,0
1994-04-02,1994,4,75,46,66.6,8.40000000000001,0
1994-04-03,1994,4,64,42,66.9,-2.90000000000001,0.29
1994-04-04,1994,4,62,34,67.2,-5.2,0
1994-04-05,1994,4,58,46,67.5,-9.5,1.22
1994-04-06,1994,4,63,37,67.8,-4.8,0.11
1994-04-07,1994,4,54,35,68.1,-14.1,0
1994-04-08,1994,4,70,34,68.4,1.59999999999999,0
1994-04-09,1994,4,75,51,68.7,6.3,0
1994-04-10,1994,4,70,60,69,1,1.11
1994-04-11,1994,4,84,60,69.3,14.7,0.09
1994-04-12,1994,4,77,64,69.6,7.40000000000001,0.15
1994-04-13,1994,4,73,52,69.9,3.09999999999999,0
1994-04-14,1994,4,82,52,70.2,11.8,0
1994-04-15,1994,4,75,56,70.5,4.5,1.99
1994-04-16,1994,4,70,49,70.8,-0.799999999999997,0
1994-04-17,1994,4,75,49,71,4,0
1994-04-18,1994,4,84,47,71.3,12.7,0
1994-04-19,1994,4,85,57,71.6,13.4,0
1994-04-20,1994,4,78,58,71.8,6.2,0
1994-04-21,1994,4,80,49,72.1,7.90000000000001,0
1994-04-22,1994,4,68,50,72.4,-4.40000000000001,0
1994-04-23,1994,4,76,45,72.6,3.40000000000001,0
1994-04-24,1994,4,80,50,72.9,7.09999999999999,0
1994-04-25,1994,4,84,57,73.1,10.9,0
1994-04-26,1994,4,83,64,73.4,9.59999999999999,0.01
1994-04-27,1994,4,81,65,73.6,7.40000000000001,0.44
1994-04-28,1994,4,86,63,73.9,12.1,0.04
1994-04-29,1994,4,86,57,74.1,11.9,0.14
1994-04-30,1994,4,74,53,74.3,-0.299999999999997,0.13
1994-05-01,1994,5,53,45,74.6,-21.6,0
1994-05-02,1994,5,64,45,74.8,-10.8,0
1994-05-03,1994,5,57,50,75,-18,0.76
1994-05-04,1994,5,63,50,75.3,-12.3,0
1994-05-05,1994,5,75,47,75.5,-0.5,0
1994-05-06,1994,5,79,55,75.7,3.3,0
1994-05-07,1994,5,72,52,76,-4,0.63
1994-05-08,1994,5,67,46,76.2,-9.2,0
1994-05-09,1994,5,77,48,76.4,0.599999999999994,0
1994-05-10,1994,5,77,54,76.7,0.299999999999997,0
1994-05-11,1994,5,80,46,76.9,3.09999999999999,0
1994-05-12,1994,5,80,58,77.1,2.90000000000001,0
1994-05-13,1994,5,63,54,77.4,-14.4,0.05
1994-05-14,1994,5,84,55,77.6,6.40000000000001,0.5
1994-05-15,1994,5,76,64,77.9,-1.90000000000001,0.11
1994-05-16,1994,5,80,57,78.1,1.90000000000001,0
1994-05-17,1994,5,73,52,78.4,-5.40000000000001,0
1994-05-18,1994,5,73,53,78.6,-5.59999999999999,0
1994-05-19,1994,5,69,51,78.9,-9.90000000000001,0
1994-05-20,1994,5,75,48,79.1,-4.09999999999999,0
1994-05-21,1994,5,78,50,79.4,-1.40000000000001,0
1994-05-22,1994,5,83,51,79.6,3.40000000000001,0
1994-05-23,1994,5,87,54,79.9,7.09999999999999,0
1994-05-24,1994,5,87,59,80.2,6.8,0
1994-05-25,1994,5,85,66,80.4,4.59999999999999,0.27
1994-05-26,1994,5,70,60,80.7,-10.7,1.44
1994-05-27,1994,5,70,51,81,-11,0
1994-05-28,1994,5,75,49,81.3,-6.3,0
1994-05-29,1994,5,84,50,81.6,2.40000000000001,0
1994-05-30,1994,5,83,65,81.8,1.2,0
1994-05-31,1994,5,86,60,82.1,3.90000000000001,0
1994-06-01,1994,6,87,66,82.4,4.59999999999999,0.06
1994-06-02,1994,6,85,65,82.7,2.3,0.01
1994-06-03,1994,6,83,62,83,0,0
1994-06-04,1994,6,87,65,83.2,3.8,0
1994-06-05,1994,6,89,67,83.5,5.5,1.95
1994-06-06,1994,6,87,69,83.8,3.2,0.16
1994-06-07,1994,6,81,68,84.1,-3.09999999999999,0.34
1994-06-08,1994,6,85,68,84.4,0.599999999999994,0
1994-06-09,1994,6,86,71,84.6,1.40000000000001,0.01
1994-06-10,1994,6,84,70,84.9,-0.900000000000006,0
1994-06-11,1994,6,86,70,85.2,0.799999999999997,0
1994-06-12,1994,6,89,67,85.4,3.59999999999999,0
1994-06-13,1994,6,85,71,85.7,-0.700000000000003,0
1994-06-14,1994,6,88,70,85.9,2.09999999999999,0.04
1994-06-15,1994,6,93,70,86.1,6.90000000000001,0
1994-06-16,1994,6,88,72,86.4,1.59999999999999,0
1994-06-17,1994,6,94,71,86.6,7.40000000000001,0.04
1994-06-18,1994,6,92,69,86.8,5.2,0
1994-06-19,1994,6,92,69,87,5,0
1994-06-20,1994,6,93,73,87.2,5.8,0
1994-06-21,1994,6,95,73,87.4,7.59999999999999,1.56
1994-06-22,1994,6,92,71,87.6,4.40000000000001,0
1994-06-23,1994,6,89,72,87.8,1.2,0.01
1994-06-24,1994,6,79,66,87.9,-8.90000000000001,0.22
1994-06-25,1994,6,86,63,88.1,-2.09999999999999,0.43
1994-06-26,1994,6,83,64,88.2,-5.2,3.23
1994-06-27,1994,6,85,68,88.4,-3.40000000000001,0
1994-06-28,1994,6,88,65,88.5,-0.5,0.02
1994-06-29,1994,6,90,71,88.6,1.40000000000001,0
1994-06-30,1994,6,89,66,88.7,0.299999999999997,0
1994-07-01,1994,7,90,67,88.8,1.2,0
1994-07-02,1994,7,90,71,88.9,1.09999999999999,0
1994-07-03,1994,7,90,71,89,1,0
1994-07-04,1994,7,92,72,89,3,0
1994-07-05,1994,7,94,72,89.1,4.90000000000001,0
1994-07-06,1994,7,92,74,89.1,2.90000000000001,0
1994-07-07,1994,7,82,71,89.2,-7.2,0
1994-07-08,1994,7,86,73,89.2,-3.2,0
1994-07-09,1994,7,85,72,89.3,-4.3,0
1994-07-10,1994,7,87,72,89.3,-2.3,0
1994-07-11,1994,7,87,74,89.3,-2.3,0
1994-07-12,1994,7,81,71,89.3,-8.3,0
1994-07-13,1994,7,83,73,89.4,-6.40000000000001,0.01
1994-07-14,1994,7,88,73,89.4,-1.40000000000001,0
1994-07-15,1994,7,87,74,89.4,-2.40000000000001,0
1994-07-16,1994,7,85,73,89.4,-4.40000000000001,0
1994-07-17,1994,7,86,70,89.4,-3.40000000000001,1.32
1994-07-18,1994,7,85,70,89.4,-4.40000000000001,0
1994-07-19,1994,7,93,69,89.4,3.59999999999999,0
1994-07-20,1994,7,93,74,89.4,3.59999999999999,0
1994-07-21,1994,7,86,72,89.4,-3.40000000000001,1.02
1994-07-22,1994,7,86,72,89.4,-3.40000000000001,0.04
1994-07-23,1994,7,87,68,89.4,-2.40000000000001,0
1994-07-24,1994,7,90,68,89.4,0.599999999999994,0
1994-07-25,1994,7,88,70,89.4,-1.40000000000001,0.07
1994-07-26,1994,7,87,69,89.4,-2.40000000000001,1.99
1994-07-27,1994,7,81,67,89.4,-8.40000000000001,0.23
1994-07-28,1994,7,80,62,89.4,-9.40000000000001,0
1994-07-29,1994,7,83,63,89.4,-6.40000000000001,0
1994-07-30,1994,7,84,61,89.5,-5.5,0
1994-07-31,1994,7,84,67,89.5,-5.5,0.14
1994-08-01,1994,8,87,65,89.5,-2.5,0
1994-08-02,1994,8,88,67,89.5,-1.5,0
1994-08-03,1994,8,86,69,89.5,-3.5,0
1994-08-04,1994,8,86,68,89.5,-3.5,1.11
1994-08-05,1994,8,81,64,89.5,-8.5,0.15
1994-08-06,1994,8,81,61,89.5,-8.5,0
1994-08-07,1994,8,86,61,89.5,-3.5,0
1994-08-08,1994,8,88,66,89.5,-1.5,0
1994-08-09,1994,8,89,66,89.5,-0.5,0
1994-08-10,1994,8,89,70,89.5,-0.5,0
1994-08-11,1994,8,92,68,89.5,2.5,0
1994-08-12,1994,8,92,70,89.5,2.5,0
1994-08-13,1994,8,91,71,89.4,1.59999999999999,0
1994-08-14,1994,8,91,70,89.4,1.59999999999999,0.34
1994-08-15,1994,8,82,67,89.4,-7.40000000000001,0
1994-08-16,1994,8,86,66,89.3,-3.3,0
1994-08-17,1994,8,89,68,89.3,-0.299999999999997,0
1994-08-18,1994,8,89,65,89.2,-0.200000000000003,0
1994-08-19,1994,8,89,67,89.1,-0.0999999999999943,0
1994-08-20,1994,8,88,69,89.1,-1.09999999999999,1
1994-08-21,1994,8,82,68,89,-7,0.25
1994-08-22,1994,8,82,64,88.9,-6.90000000000001,0
1994-08-23,1994,8,85,63,88.7,-3.7,0
1994-08-24,1994,8,87,66,88.6,-1.59999999999999,0
1994-08-25,1994,8,88,67,88.5,-0.5,0
1994-08-26,1994,8,89,68,88.3,0.700000000000003,0
1994-08-27,1994,8,90,67,88.2,1.8,0
1994-08-28,1994,8,89,67,88,1,0
1994-08-29,1994,8,83,69,87.8,-4.8,0
1994-08-30,1994,8,93,64,87.6,5.40000000000001,0.05
1994-08-31,1994,8,87,71,87.4,-0.400000000000006,2.15
1994-09-01,1994,9,74,63,87.1,-13.1,0.08
1994-09-02,1994,9,78,60,86.9,-8.90000000000001,0.08
1994-09-03,1994,9,79,58,86.6,-7.59999999999999,0
1994-09-04,1994,9,80,57,86.4,-6.40000000000001,0
1994-09-05,1994,9,75,65,86.1,-11.1,0.55
1994-09-06,1994,9,84,67,85.8,-1.8,0
1994-09-07,1994,9,80,61,85.5,-5.5,0
1994-09-08,1994,9,82,56,85.2,-3.2,0
1994-09-09,1994,9,83,59,84.8,-1.8,0
1994-09-10,1994,9,85,58,84.5,0.5,0
1994-09-11,1994,9,87,59,84.2,2.8,0
1994-09-12,1994,9,87,61,83.8,3.2,0
1994-09-13,1994,9,88,63,83.5,4.5,0
1994-09-14,1994,9,89,65,83.1,5.90000000000001,0
1994-09-15,1994,9,88,65,82.7,5.3,0
1994-09-16,1994,9,89,65,82.4,6.59999999999999,0.13
1994-09-17,1994,9,80,66,82,-2,0.32
1994-09-18,1994,9,78,61,81.6,-3.59999999999999,0
1994-09-19,1994,9,79,56,81.2,-2.2,0
1994-09-20,1994,9,82,55,80.9,1.09999999999999,0
1994-09-21,1994,9,81,58,80.5,0.5,0
1994-09-22,1994,9,81,58,80.1,0.900000000000006,0
1994-09-23,1994,9,69,56,79.7,-10.7,2.86
1994-09-24,1994,9,68,54,79.3,-11.3,0
1994-09-25,1994,9,68,51,78.9,-10.9,0
1994-09-26,1994,9,73,49,78.6,-5.59999999999999,0.18
1994-09-27,1994,9,67,52,78.2,-11.2,0
1994-09-28,1994,9,81,48,77.8,3.2,0
1994-09-29,1994,9,78,49,77.4,0.599999999999994,0
1994-09-30,1994,9,85,50,77.1,7.90000000000001,0
1994-10-01,1994,10,85,57,76.7,8.3,0
1994-10-02,1994,10,76,61,76.4,-0.400000000000006,0.09
1994-10-03,1994,10,72,59,76,-4,0.15
1994-10-04,1994,10,74,51,75.7,-1.7,0
1994-10-05,1994,10,73,51,75.3,-2.3,0
1994-10-06,1994,10,78,52,75,3,0
1994-10-07,1994,10,79,57,74.6,4.40000000000001,0
1994-10-08,1994,10,79,60,74.3,4.7,0
1994-10-09,1994,10,68,52,74,-6,0.9
1994-10-10,1994,10,68,46,73.6,-5.59999999999999,0
1994-10-11,1994,10,72,44,73.3,-1.3,0
1994-10-12,1994,10,61,55,73,-12,0.94
1994-10-13,1994,10,63,56,72.7,-9.7,0.51
1994-10-14,1994,10,67,59,72.3,-5.3,0.03
1994-10-15,1994,10,71,54,72,-1,0
1994-10-16,1994,10,75,52,71.7,3.3,0
1994-10-17,1994,10,72,51,71.4,0.599999999999994,0
1994-10-18,1994,10,74,53,71.1,2.90000000000001,0.03
1994-10-19,1994,10,76,60,70.7,5.3,0.03
1994-10-20,1994,10,77,54,70.4,6.59999999999999,0
1994-10-21,1994,10,76,49,70.1,5.90000000000001,0
1994-10-22,1994,10,73,62,69.8,3.2,0.49
1994-10-23,1994,10,71,45,69.4,1.59999999999999,0
1994-10-24,1994,10,73,41,69.1,3.90000000000001,0
1994-10-25,1994,10,60,45,68.8,-8.8,0
1994-10-26,1994,10,54,39,68.4,-14.4,0
1994-10-27,1994,10,62,33,68.1,-6.09999999999999,0
1994-10-28,1994,10,66,35,67.8,-1.8,0
1994-10-29,1994,10,70,40,67.4,2.59999999999999,0
1994-10-30,1994,10,64,51,67,-3,0.03
1994-10-31,1994,10,74,50,66.7,7.3,0.11
1994-11-01,1994,11,60,39,66.3,-6.3,0
1994-11-02,1994,11,69,35,65.9,3.09999999999999,0
1994-11-03,1994,11,76,49,65.6,10.4,0
1994-11-04,1994,11,77,57,65.2,11.8,0
1994-11-05,1994,11,76,62,64.8,11.2,0.63
1994-11-06,1994,11,65,48,64.4,0.599999999999994,0
1994-11-07,1994,11,71,44,64,7,0
1994-11-08,1994,11,74,52,63.6,10.4,0
1994-11-09,1994,11,72,61,63.1,8.9,0.45
1994-11-10,1994,11,62,51,62.7,-0.700000000000003,0.05
1994-11-11,1994,11,66,45,62.3,3.7,0
1994-11-12,1994,11,67,46,61.9,5.1,0
1994-11-13,1994,11,72,45,61.4,10.6,0
1994-11-14,1994,11,75,54,61,14,0
1994-11-15,1994,11,74,51,60.6,13.4,0
1994-11-16,1994,11,59,51,60.1,-1.1,0.12
1994-11-17,1994,11,61,45,59.7,1.3,0
1994-11-18,1994,11,58,43,59.2,-1.2,0
1994-11-19,1994,11,66,42,58.8,7.2,0
1994-11-20,1994,11,73,51,58.4,14.6,0
1994-11-21,1994,11,68,47,57.9,10.1,0.02
1994-11-22,1994,11,51,39,57.5,-6.5,0
1994-11-23,1994,11,48,29,57.1,-9.1,0
1994-11-24,1994,11,53,25,56.6,-3.6,0
1994-11-25,1994,11,51,38,56.2,-5.2,0
1994-11-26,1994,11,52,44,55.8,-3.8,0.56
1994-11-27,1994,11,65,50,55.4,9.6,2.2
1994-11-28,1994,11,60,36,54.9,5.1,0.01
1994-11-29,1994,11,55,31,54.5,0.5,0
1994-11-30,1994,11,50,31,54.1,-4.1,0
1994-12-01,1994,12,53,26,53.8,-0.799999999999997,0
1994-12-02,1994,12,62,30,53.4,8.6,0
1994-12-03,1994,12,61,47,53,8,0.21
1994-12-04,1994,12,64,57,52.6,11.4,0.93
1994-12-05,1994,12,62,57,52.3,9.7,0
1994-12-06,1994,12,62,51,51.9,10.1,0
1994-12-07,1994,12,65,42,51.6,13.4,0
1994-12-08,1994,12,51,43,51.3,-0.299999999999997,0.11
1994-12-09,1994,12,63,44,51,12,0.11
1994-12-10,1994,12,50,32,50.7,-0.700000000000003,1.13
1994-12-11,1994,12,33,26,50.4,-17.4,0
1994-12-12,1994,12,45,23,50.1,-5.1,0
1994-12-13,1994,12,48,26,49.8,-1.8,0
1994-12-14,1994,12,53,32,49.6,3.4,0
1994-12-15,1994,12,53,31,49.3,3.7,0
1994-12-16,1994,12,51,47,49.1,1.9,0.19
1994-12-17,1994,12,58,42,48.8,9.2,0
1994-12-18,1994,12,43,32,48.6,-5.6,0
1994-12-19,1994,12,47,25,48.4,-1.4,0
1994-12-20,1994,12,56,26,48.2,7.8,0
1994-12-21,1994,12,62,34,48,14,0
1994-12-22,1994,12,58,46,47.9,10.1,0.01
1994-12-23,1994,12,51,37,47.7,3.3,0
1994-12-24,1994,12,42,40,47.6,-5.6,0
1994-12-25,1994,12,50,32,47.4,2.6,0
1994-12-26,1994,12,54,25,47.3,6.7,0
1994-12-27,1994,12,60,26,47.2,12.8,0
1994-12-28,1994,12,62,27,47.1,14.9,0
1994-12-29,1994,12,52,37,47,5,0
1994-12-30,1994,12,58,37,46.9,11.1,0
1994-12-31,1994,12,51,46,46.8,4.2,0
1995-01-01,1995,1,52,28,46.7,5.3,0.04
1995-01-02,1995,1,36,20,46.6,-10.6,0
1995-01-03,1995,1,33,22,46.6,-13.6,0.1
1995-01-04,1995,1,29,14,46.5,-17.5,0
1995-01-05,1995,1,31,10,46.5,-15.5,0
1995-01-06,1995,1,43,25,46.5,-3.5,1.97
1995-01-07,1995,1,42,32,46.4,-4.4,0
1995-01-08,1995,1,47,23,46.4,0.600000000000001,0
1995-01-09,1995,1,53,32,46.4,6.6,0
1995-01-10,1995,1,61,30,46.4,14.6,0
1995-01-11,1995,1,63,51,46.4,16.6,0.39
1995-01-12,1995,1,70,58,46.4,23.6,0
1995-01-13,1995,1,69,54,46.5,22.5,0.03
1995-01-14,1995,1,62,45,46.5,15.5,0.76
1995-01-15,1995,1,45,39,46.5,-1.5,1.54
1995-01-16,1995,1,40,36,46.6,-6.6,0
1995-01-17,1995,1,56,28,46.6,9.4,0
1995-01-18,1995,1,58,37,46.7,11.3,0
1995-01-19,1995,1,56,34,46.8,9.2,0.4
1995-01-20,1995,1,39,31,46.8,-7.8,0.01
1995-01-21,1995,1,33,27,46.9,-13.9,0
1995-01-22,1995,1,40,20,47,-7,0
1995-01-23,1995,1,37,27,47.1,-10.1,0
1995-01-24,1995,1,43,19,47.3,-4.3,0
1995-01-25,1995,1,59,21,47.4,11.6,0
1995-01-26,1995,1,45,27,47.5,-2.5,0
1995-01-27,1995,1,48,29,47.6,0.399999999999999,0.16
1995-01-28,1995,1,60,36,47.8,12.2,0.21
1995-01-29,1995,1,36,29,48,-12,0
1995-01-30,1995,1,34,24,48.1,-14.1,0
1995-01-31,1995,1,46,18,48.3,-2.3,0
1995-02-01,1995,2,62,33,48.5,13.5,0
1995-02-02,1995,2,63,43,48.7,14.3,0.08
1995-02-03,1995,2,62,34,48.9,13.1,0.04
1995-02-04,1995,2,35,25,49.1,-14.1,0
1995-02-05,1995,2,31,17,49.3,-18.3,0
1995-02-06,1995,2,29,12,49.5,-20.5,0.03
1995-02-07,1995,2,37,21,49.7,-12.7,0.1
1995-02-08,1995,2,25,12,50,-25,0
1995-02-09,1995,2,38,12,50.2,-12.2,0
1995-02-10,1995,2,45,31,50.4,-5.4,0.01
1995-02-11,1995,2,38,20,50.7,-12.7,0
1995-02-12,1995,2,28,11,51,-23,0
1995-02-13,1995,2,32,21,51.2,-19.2,0
1995-02-14,1995,2,44,28,51.5,-7.5,0.52
1995-02-15,1995,2,61,39,51.8,9.2,0.59
1995-02-16,1995,2,50,37,52.1,-2.1,0.27
1995-02-17,1995,2,51,32,52.3,-1.3,0
1995-02-18,1995,2,64,30,52.6,11.4,0
1995-02-19,1995,2,59,42,52.9,6.1,0
1995-02-20,1995,2,64,31,53.2,10.8,0
1995-02-21,1995,2,52,35,53.5,-1.5,0
1995-02-22,1995,2,71,26,53.8,17.2,0
1995-02-23,1995,2,69,52,54.1,14.9,0.1
1995-02-24,1995,2,52,35,54.5,-2.5,0
1995-02-25,1995,2,63,26,54.8,8.2,0
1995-02-26,1995,2,73,43,55.1,17.9,0
1995-02-27,1995,2,60,53,55.4,4.6,0.07
1995-02-28,1995,2,59,41,55.7,3.3,0
1995-03-01,1995,3,43,33,56.1,-13.1,0
1995-03-02,1995,3,40,29,56.4,-16.4,0
1995-03-03,1995,3,43,30,56.7,-13.7,0
1995-03-04,1995,3,56,33,57,-1,0.22
1995-03-05,1995,3,58,47,57.4,0.600000000000001,0.39
1995-03-06,1995,3,69,55,57.7,11.3,0.38
1995-03-07,1995,3,69,36,58,11,2.08
1995-03-08,1995,3,36,29,58.4,-22.4,0.21
1995-03-09,1995,3,41,25,58.7,-17.7,0
1995-03-10,1995,3,61,25,59,2,0
1995-03-11,1995,3,68,32,59.3,8.7,0
1995-03-12,1995,3,71,34,59.7,11.3,0
1995-03-13,1995,3,75,44,60,15,0
1995-03-14,1995,3,74,48,60.3,13.7,0
1995-03-15,1995,3,75,46,60.7,14.3,0
1995-03-16,1995,3,77,49,61,16,0
1995-03-17,1995,3,77,49,61.3,15.7,0
1995-03-18,1995,3,74,48,61.7,12.3,0
1995-03-19,1995,3,79,41,62,17,0
1995-03-20,1995,3,75,54,62.3,12.7,0.25
1995-03-21,1995,3,73,44,62.7,10.3,0
1995-03-22,1995,3,83,56,63,20,0
1995-03-23,1995,3,78,51,63.3,14.7,0
1995-03-24,1995,3,62,45,63.7,-1.7,0
1995-03-25,1995,3,69,36,64,5,0
1995-03-26,1995,3,81,50,64.3,16.7,0
1995-03-27,1995,3,72,55,64.6,7.40000000000001,0.34
1995-03-28,1995,3,64,45,65,-1,0
1995-03-29,1995,3,61,41,65.3,-4.3,0
1995-03-30,1995,3,60,41,65.6,-5.59999999999999,0
1995-03-31,1995,3,57,41,65.9,-8.90000000000001,0
1995-04-01,1995,4,57,34,66.2,-9.2,0
1995-04-02,1995,4,69,38,66.6,2.40000000000001,0
1995-04-03,1995,4,77,41,66.9,10.1,0
1995-04-04,1995,4,67,41,67.2,-0.200000000000003,0
1995-04-05,1995,4,62,35,67.5,-5.5,0
1995-04-06,1995,4,77,38,67.8,9.2,0
1995-04-07,1995,4,81,44,68.1,12.9,0
1995-04-08,1995,4,82,57,68.4,13.6,0
1995-04-09,1995,4,88,58,68.7,19.3,0
1995-04-10,1995,4,89,61,69,20,0
1995-04-11,1995,4,73,54,69.3,3.7,0.58
1995-04-12,1995,4,73,49,69.6,3.40000000000001,0.11
1995-04-13,1995,4,66,44,69.9,-3.90000000000001,0
1995-04-14,1995,4,72,40,70.2,1.8,0
1995-04-15,1995,4,80,46,70.5,9.5,0
1995-04-16,1995,4,83,66,70.8,12.2,0
1995-04-17,1995,4,73,63,71,2,0.81
1995-04-18,1995,4,82,66,71.3,10.7,0.01
1995-04-19,1995,4,82,65,71.6,10.4,0
1995-04-20,1995,4,72,61,71.8,0.200000000000003,1.49
1995-04-21,1995,4,80,57,72.1,7.90000000000001,0.17
1995-04-22,1995,4,64,53,72.4,-8.40000000000001,0
1995-04-23,1995,4,67,45,72.6,-5.59999999999999,0.43
1995-04-24,1995,4,62,43,72.9,-10.9,0
1995-04-25,1995,4,68,42,73.1,-5.09999999999999,0
1995-04-26,1995,4,74,42,73.4,0.599999999999994,0
1995-04-27,1995,4,64,49,73.6,-9.59999999999999,0.13
1995-04-28,1995,4,65,38,73.9,-8.90000000000001,0
1995-04-29,1995,4,74,40,74.1,-0.0999999999999943,0.11
1995-04-30,1995,4,64,57,74.3,-10.3,0.11
1995-05-01,1995,5,70,49,74.6,-4.59999999999999,0.59
1995-05-02,1995,5,65,48,74.8,-9.8,0
1995-05-03,1995,5,71,42,75,-4,0
1995-05-04,1995,5,70,51,75.3,-5.3,0.19
1995-05-05,1995,5,70,53,75.5,-5.5,0
1995-05-06,1995,5,71,46,75.7,-4.7,0
1995-05-07,1995,5,83,52,76,7,0
1995-05-08,1995,5,85,61,76.2,8.8,0
1995-05-09,1995,5,85,68,76.4,8.59999999999999,0.97
1995-05-10,1995,5,85,61,76.7,8.3,0
1995-05-11,1995,5,68,58,76.9,-8.90000000000001,0
1995-05-12,1995,5,74,51,77.1,-3.09999999999999,0
1995-05-13,1995,5,82,58,77.4,4.59999999999999,0
1995-05-14,1995,5,86,67,77.6,8.40000000000001,0.97
1995-05-15,1995,5,79,62,77.9,1.09999999999999,0.02
1995-05-16,1995,5,77,58,78.1,-1.09999999999999,0.61
1995-05-17,1995,5,84,74,78.4,5.59999999999999,0
1995-05-18,1995,5,82,64,78.6,3.40000000000001,2.35
1995-05-19,1995,5,70,54,78.9,-8.90000000000001,0
1995-05-20,1995,5,78,51,79.1,-1.09999999999999,0
1995-05-21,1995,5,77,51,79.4,-2.40000000000001,0
1995-05-22,1995,5,80,61,79.6,0.400000000000006,0
1995-05-23,1995,5,86,57,79.9,6.09999999999999,0
1995-05-24,1995,5,86,64,80.2,5.8,0
1995-05-25,1995,5,88,64,80.4,7.59999999999999,0
1995-05-26,1995,5,83,68,80.7,2.3,1.17
1995-05-27,1995,5,87,67,81,6,0.18
1995-05-28,1995,5,83,67,81.3,1.7,0.27
1995-05-29,1995,5,80,63,81.6,-1.59999999999999,0
1995-05-30,1995,5,77,58,81.8,-4.8,0
1995-05-31,1995,5,74,59,82.1,-8.09999999999999,0.34
1995-06-01,1995,6,83,66,82.4,0.599999999999994,0.48
1995-06-02,1995,6,82,66,82.7,-0.700000000000003,0.01
1995-06-03,1995,6,86,62,83,3,0
1995-06-04,1995,6,87,66,83.2,3.8,0
1995-06-05,1995,6,86,67,83.5,2.5,0
1995-06-06,1995,6,89,65,83.8,5.2,0.24
1995-06-07,1995,6,90,65,84.1,5.90000000000001,0.04
1995-06-08,1995,6,93,67,84.4,8.59999999999999,0
1995-06-09,1995,6,92,68,84.6,7.40000000000001,0
1995-06-10,1995,6,91,73,84.9,6.09999999999999,0.04
1995-06-11,1995,6,77,63,85.2,-8.2,1.13
1995-06-12,1995,6,75,59,85.4,-10.4,0.03
1995-06-13,1995,6,76,54,85.7,-9.7,0
1995-06-14,1995,6,82,51,85.9,-3.90000000000001,0
1995-06-15,1995,6,85,58,86.1,-1.09999999999999,0
1995-06-16,1995,6,87,62,86.4,0.599999999999994,0
1995-06-17,1995,6,87,62,86.6,0.400000000000006,0
1995-06-18,1995,6,87,61,86.8,0.200000000000003,0
1995-06-19,1995,6,79,65,87,-8,0.14
1995-06-20,1995,6,82,65,87.2,-5.2,0.02
1995-06-21,1995,6,85,64,87.4,-2.40000000000001,0
1995-06-22,1995,6,86,64,87.6,-1.59999999999999,0
1995-06-23,1995,6,86,66,87.8,-1.8,0.9
1995-06-24,1995,6,88,63,87.9,0.0999999999999943,0.01
1995-06-25,1995,6,84,68,88.1,-4.09999999999999,0.19
1995-06-26,1995,6,85,68,88.2,-3.2,0.05
1995-06-27,1995,6,87,66,88.4,-1.40000000000001,0
1995-06-28,1995,6,87,66,88.5,-1.5,0
1995-06-29,1995,6,86,66,88.6,-2.59999999999999,0.32
1995-06-30,1995,6,86,67,88.7,-2.7,0.09
1995-07-01,1995,7,83,66,88.8,-5.8,0
1995-07-02,1995,7,82,64,88.9,-6.90000000000001,0
1995-07-03,1995,7,86,64,89,-3,0.08
1995-07-04,1995,7,90,67,89,1,0.64
1995-07-05,1995,7,87,69,89.1,-2.09999999999999,0.2
1995-07-06,1995,7,86,68,89.1,-3.09999999999999,0
1995-07-07,1995,7,88,69,89.2,-1.2,0
1995-07-08,1995,7,89,66,89.2,-0.200000000000003,0
1995-07-09,1995,7,90,68,89.3,0.700000000000003,0.06
1995-07-10,1995,7,92,73,89.3,2.7,0
1995-07-11,1995,7,94,70,89.3,4.7,0
1995-07-12,1995,7,98,72,89.3,8.7,0
1995-07-13,1995,7,99,74,89.4,9.59999999999999,0
1995-07-14,1995,7,98,76,89.4,8.59999999999999,0
1995-07-15,1995,7,95,74,89.4,5.59999999999999,0
1995-07-16,1995,7,95,72,89.4,5.59999999999999,0
1995-07-17,1995,7,96,76,89.4,6.59999999999999,0
1995-07-18,1995,7,92,74,89.4,2.59999999999999,0
1995-07-19,1995,7,91,64,89.4,1.59999999999999,0
1995-07-20,1995,7,92,66,89.4,2.59999999999999,0
1995-07-21,1995,7,91,75,89.4,1.59999999999999,0
1995-07-22,1995,7,93,72,89.4,3.59999999999999,0.34
1995-07-23,1995,7,92,70,89.4,2.59999999999999,0.2
1995-07-24,1995,7,89,71,89.4,-0.400000000000006,0.32
1995-07-25,1995,7,91,72,89.4,1.59999999999999,0
1995-07-26,1995,7,94,71,89.4,4.59999999999999,0.01
1995-07-27,1995,7,85,71,89.4,-4.40000000000001,0.08
1995-07-28,1995,7,86,70,89.4,-3.40000000000001,0.02
1995-07-29,1995,7,94,69,89.4,4.59999999999999,0
1995-07-30,1995,7,95,73,89.5,5.5,0
1995-07-31,1995,7,96,73,89.5,6.5,0
1995-08-01,1995,8,95,73,89.5,5.5,0.02
1995-08-02,1995,8,94,71,89.5,4.5,0
1995-08-03,1995,8,92,72,89.5,2.5,0
1995-08-04,1995,8,93,76,89.5,3.5,0.12
1995-08-05,1995,8,82,74,89.5,-7.5,0.89
1995-08-06,1995,8,87,74,89.5,-2.5,0.23
1995-08-07,1995,8,89,73,89.5,-0.5,0.22
1995-08-08,1995,8,89,71,89.5,-0.5,1.33
1995-08-09,1995,8,89,70,89.5,-0.5,0.01
1995-08-10,1995,8,91,72,89.5,1.5,0
1995-08-11,1995,8,93,73,89.5,3.5,0
1995-08-12,1995,8,94,74,89.5,4.5,0
1995-08-13,1995,8,95,73,89.4,5.59999999999999,0
1995-08-14,1995,8,95,75,89.4,5.59999999999999,0
1995-08-15,1995,8,96,77,89.4,6.59999999999999,0
1995-08-16,1995,8,97,78,89.3,7.7,0
1995-08-17,1995,8,97,79,89.3,7.7,0
1995-08-18,1995,8,98,77,89.2,8.8,0
1995-08-19,1995,8,98,74,89.1,8.90000000000001,0.25
1995-08-20,1995,8,94,74,89.1,4.90000000000001,0.32
1995-08-21,1995,8,90,73,89,1,0
1995-08-22,1995,8,91,70,88.9,2.09999999999999,0
1995-08-23,1995,8,92,65,88.7,3.3,0
1995-08-24,1995,8,93,67,88.6,4.40000000000001,0
1995-08-25,1995,8,95,72,88.5,6.5,0
1995-08-26,1995,8,94,75,88.3,5.7,0
1995-08-27,1995,8,95,75,88.2,6.8,0
1995-08-28,1995,8,95,74,88,7,0
1995-08-29,1995,8,96,70,87.8,8.2,0
1995-08-30,1995,8,99,71,87.6,11.4,0.01
1995-08-31,1995,8,98,73,87.4,10.6,0
1995-09-01,1995,9,95,70,87.1,7.90000000000001,0
1995-09-02,1995,9,86,63,86.9,-0.900000000000006,0
1995-09-03,1995,9,89,56,86.6,2.40000000000001,0
1995-09-04,1995,9,90,62,86.4,3.59999999999999,0
1995-09-05,1995,9,91,62,86.1,4.90000000000001,0
1995-09-06,1995,9,93,63,85.8,7.2,0
1995-09-07,1995,9,89,62,85.5,3.5,0
1995-09-08,1995,9,89,64,85.2,3.8,0
1995-09-09,1995,9,72,67,84.8,-12.8,0
1995-09-10,1995,9,82,67,84.5,-2.5,0
1995-09-11,1995,9,91,63,84.2,6.8,0.36
1995-09-12,1995,9,86,70,83.8,2.2,1.85
1995-09-13,1995,9,76,68,83.5,-7.5,1.2
1995-09-14,1995,9,89,68,83.1,5.90000000000001,0
1995-09-15,1995,9,85,66,82.7,2.3,0.01
1995-09-16,1995,9,75,71,82.4,-7.40000000000001,1.12
1995-09-17,1995,9,82,66,82,0,0
1995-09-18,1995,9,75,58,81.6,-6.59999999999999,0
1995-09-19,1995,9,83,55,81.2,1.8,0
1995-09-20,1995,9,80,66,80.9,-0.900000000000006,0.18
1995-09-21,1995,9,79,59,80.5,-1.5,0
1995-09-22,1995,9,62,46,80.1,-18.1,0
1995-09-23,1995,9,69,46,79.7,-10.7,0
1995-09-24,1995,9,72,51,79.3,-7.3,0
1995-09-25,1995,9,72,54,78.9,-6.90000000000001,0.02
1995-09-26,1995,9,66,52,78.6,-12.6,0.26
1995-09-27,1995,9,76,50,78.2,-2.2,0
1995-09-28,1995,9,80,51,77.8,2.2,0
1995-09-29,1995,9,81,54,77.4,3.59999999999999,0
1995-09-30,1995,9,82,55,77.1,4.90000000000001,0
1995-10-01,1995,10,80,60,76.7,3.3,0
1995-10-02,1995,10,82,68,76.4,5.59999999999999,0
1995-10-03,1995,10,70,65,76,-6,0.93
1995-10-04,1995,10,70,63,75.7,-5.7,0.35
1995-10-05,1995,10,80,64,75.3,4.7,2.32
1995-10-06,1995,10,74,57,75,-1,0
1995-10-07,1995,10,67,49,74.6,-7.59999999999999,0
1995-10-08,1995,10,71,44,74.3,-3.3,0
1995-10-09,1995,10,77,45,74,3,0
1995-10-10,1995,10,79,49,73.6,5.40000000000001,0
1995-10-11,1995,10,80,51,73.3,6.7,0
1995-10-12,1995,10,82,50,73,9,0
1995-10-13,1995,10,73,64,72.7,0.299999999999997,0.02
1995-10-14,1995,10,69,45,72.3,-3.3,0.08
1995-10-15,1995,10,68,38,72,-4,0
1995-10-16,1995,10,71,43,71.7,-0.700000000000003,0
1995-10-17,1995,10,76,40,71.4,4.59999999999999,0
1995-10-18,1995,10,76,46,71.1,4.90000000000001,0
1995-10-19,1995,10,78,50,70.7,7.3,0
1995-10-20,1995,10,65,47,70.4,-5.40000000000001,0.24
1995-10-21,1995,10,60,40,70.1,-10.1,0
1995-10-22,1995,10,75,37,69.8,5.2,0
1995-10-23,1995,10,75,49,69.4,5.59999999999999,0
1995-10-24,1995,10,69,42,69.1,-0.0999999999999943,0.25
1995-10-25,1995,10,65,36,68.8,-3.8,0
1995-10-26,1995,10,62,47,68.4,-6.40000000000001,0.04
1995-10-27,1995,10,62,54,68.1,-6.09999999999999,1.37
1995-10-28,1995,10,63,43,67.8,-4.8,0
1995-10-29,1995,10,62,34,67.4,-5.40000000000001,0
1995-10-30,1995,10,62,39,67,-5,0
1995-10-31,1995,10,65,53,66.7,-1.7,0
1995-11-01,1995,11,72,59,66.3,5.7,0.2
1995-11-02,1995,11,77,46,65.9,11.1,0.7
1995-11-03,1995,11,48,34,65.6,-17.6,0
1995-11-04,1995,11,48,28,65.2,-17.2,0
1995-11-05,1995,11,42,27,64.8,-22.8,0
1995-11-06,1995,11,54,32,64.4,-10.4,0.66
1995-11-07,1995,11,59,44,64,-5,1.16
1995-11-08,1995,11,44,30,63.6,-19.6,0
1995-11-09,1995,11,56,27,63.1,-7.1,0
1995-11-10,1995,11,63,45,62.7,0.299999999999997,0.09
1995-11-11,1995,11,62,28,62.3,-0.299999999999997,0.83
1995-11-12,1995,11,47,22,61.9,-14.9,0
1995-11-13,1995,11,51,39,61.4,-10.4,0.02
1995-11-14,1995,11,39,30,61,-22,0
1995-11-15,1995,11,43,25,60.6,-17.6,0
1995-11-16,1995,11,47,31,60.1,-13.1,0
1995-11-17,1995,11,63,29,59.7,3.3,0
1995-11-18,1995,11,64,39,59.2,4.8,0
1995-11-19,1995,11,57,32,58.8,-1.8,0
1995-11-20,1995,11,67,33,58.4,8.6,0
1995-11-21,1995,11,55,39,57.9,-2.9,0
1995-11-22,1995,11,52,23,57.5,-5.5,0
1995-11-23,1995,11,53,34,57.1,-4.1,0.29
1995-11-24,1995,11,47,27,56.6,-9.6,0
1995-11-25,1995,11,58,23,56.2,1.8,0
1995-11-26,1995,11,67,36,55.8,11.2,0
1995-11-27,1995,11,66,48,55.4,10.6,0.03
1995-11-28,1995,11,48,33,54.9,-6.9,0
1995-11-29,1995,11,43,27,54.5,-11.5,0
1995-11-30,1995,11,54,23,54.1,-0.100000000000001,0
1995-12-01,1995,12,66,41,53.8,12.2,0
1995-12-02,1995,12,66,35,53.4,12.6,0
1995-12-03,1995,12,66,50,53,13,0.3
1995-12-04,1995,12,58,39,52.6,5.4,0
1995-12-05,1995,12,62,37,52.3,9.7,0
1995-12-06,1995,12,47,34,51.9,-4.9,0.16
1995-12-07,1995,12,43,27,51.6,-8.6,0
1995-12-08,1995,12,44,25,51.3,-7.3,0.1
1995-12-09,1995,12,40,13,51,-11,0
1995-12-10,1995,12,26,9,50.7,-24.7,0
1995-12-11,1995,12,44,15,50.4,-6.4,0
1995-12-12,1995,12,45,35,50.1,-5.1,0
1995-12-13,1995,12,63,43,49.8,13.2,0
1995-12-14,1995,12,67,59,49.6,17.4,0
1995-12-15,1995,12,71,46,49.3,21.7,0.26
1995-12-16,1995,12,57,40,49.1,7.9,0
1995-12-17,1995,12,56,41,48.8,7.2,0.57
1995-12-18,1995,12,60,48,48.6,11.4,0.44
1995-12-19,1995,12,57,31,48.4,8.6,0.06
1995-12-20,1995,12,38,24,48.2,-10.2,0
1995-12-21,1995,12,30,22,48,-18,0
1995-12-22,1995,12,32,26,47.9,-15.9,0
1995-12-23,1995,12,32,26,47.7,-15.7,0.04
1995-12-24,1995,12,34,24,47.6,-13.6,0
1995-12-25,1995,12,32,22,47.4,-15.4,0
1995-12-26,1995,12,41,20,47.3,-6.3,0
1995-12-27,1995,12,37,28,47.2,-10.2,0
1995-12-28,1995,12,31,19,47.1,-16.1,0
1995-12-29,1995,12,44,19,47,-3,0
1995-12-30,1995,12,53,21,46.9,6.1,0
1995-12-31,1995,12,48,40,46.8,1.2,0.39
1996-01-01,1996,1,51,45,46.7,4.3,0.31
1996-01-02,1996,1,50,33,46.6,3.4,0.41
1996-01-03,1996,1,33,24,46.6,-13.6,0.01
1996-01-04,1996,1,39,27,46.5,-7.5,0
1996-01-05,1996,1,41,34,46.5,-5.5,0.07
1996-01-06,1996,1,34,20,46.5,-12.5,0.31
1996-01-07,1996,1,22,17,46.4,-24.4,0.33
1996-01-08,1996,1,27,10,46.4,-19.4,0
1996-01-09,1996,1,46,20,46.4,-0.399999999999999,0
1996-01-10,1996,1,43,31,46.4,-3.4,0
1996-01-11,1996,1,42,30,46.4,-4.4,0.52
1996-01-12,1996,1,36,32,46.4,-10.4,0.01
1996-01-13,1996,1,58,25,46.5,11.5,0
1996-01-14,1996,1,68,32,46.5,21.5,0
1996-01-15,1996,1,62,37,46.5,15.5,0
1996-01-16,1996,1,64,38,46.6,17.4,0.09
1996-01-17,1996,1,64,52,46.6,17.4,0
1996-01-18,1996,1,65,21,46.7,18.3,0.82
1996-01-19,1996,1,22,12,46.8,-24.8,0.02
1996-01-20,1996,1,36,12,46.8,-10.8,0
1996-01-21,1996,1,39,27,46.9,-7.9,0.05
1996-01-22,1996,1,51,23,47,4,0
1996-01-23,1996,1,59,43,47.1,11.9,0.46
1996-01-24,1996,1,54,23,47.3,6.7,0.13
1996-01-25,1996,1,47,19,47.4,-0.399999999999999,0
1996-01-26,1996,1,51,35,47.5,3.5,0.25
1996-01-27,1996,1,47,25,47.6,-0.600000000000001,0
1996-01-28,1996,1,45,17,47.8,-2.8,0
1996-01-29,1996,1,45,36,48,-3,0
1996-01-30,1996,1,42,24,48.1,-6.1,0.02
1996-01-31,1996,1,25,17,48.3,-23.3,0.01
1996-02-01,1996,2,30,20,48.5,-18.5,0.1
1996-02-02,1996,2,20,8,48.7,-28.7,0.22
1996-02-03,1996,2,16,1,48.9,-32.9,0
1996-02-04,1996,2,14,-3,49.1,-35.1,0
1996-02-05,1996,2,28,-3,49.3,-21.3,0
1996-02-06,1996,2,41,18,49.5,-8.5,0
1996-02-07,1996,2,49,33,49.7,-0.700000000000003,0.14
1996-02-08,1996,2,58,49,50,8,0.02
1996-02-09,1996,2,59,36,50.2,8.8,0
1996-02-10,1996,2,65,34,50.4,14.6,0.01
1996-02-11,1996,2,59,35,50.7,8.3,0
1996-02-12,1996,2,41,29,51,-10,0
1996-02-13,1996,2,53,20,51.2,1.8,0
1996-02-14,1996,2,63,43,51.5,11.5,0
1996-02-15,1996,2,43,29,51.8,-8.8,0
1996-02-16,1996,2,34,22,52.1,-18.1,0.19
1996-02-17,1996,2,49,14,52.3,-3.3,0
1996-02-18,1996,2,47,26,52.6,-5.6,0
1996-02-19,1996,2,57,37,52.9,4.1,1.06
1996-02-20,1996,2,59,50,53.2,5.8,0.05
1996-02-21,1996,2,66,43,53.5,12.5,0
1996-02-22,1996,2,64,51,53.8,10.2,0
1996-02-23,1996,2,83,50,54.1,28.9,0
1996-02-24,1996,2,65,36,54.5,10.5,0
1996-02-25,1996,2,75,34,54.8,20.2,0
1996-02-26,1996,2,76,57,55.1,20.9,0
1996-02-27,1996,2,70,56,55.4,14.6,0.66
1996-02-28,1996,2,56,27,55.7,0.299999999999997,0.01
1996-02-29,1996,2,39,24,55.9,-16.9,0
1996-03-01,1996,3,48,28,56.1,-8.1,0
1996-03-02,1996,3,56,32,56.4,-0.399999999999999,0
1996-03-03,1996,3,39,25,56.7,-17.7,0
1996-03-04,1996,3,69,24,57,12,0
1996-03-05,1996,3,64,51,57.4,6.6,0.45
1996-03-06,1996,3,66,37,57.7,8.3,0.77
1996-03-07,1996,3,37,19,58,-21,0.25
1996-03-08,1996,3,22,12,58.4,-36.4,0
1996-03-09,1996,3,36,11,58.7,-22.7,0
1996-03-10,1996,3,46,18,59,-13,0
1996-03-11,1996,3,53,20,59.3,-6.3,0
1996-03-12,1996,3,62,24,59.7,2.3,0
1996-03-13,1996,3,70,32,60,10,0
1996-03-14,1996,3,73,45,60.3,12.7,0
1996-03-15,1996,3,71,52,60.7,10.3,0.21
1996-03-16,1996,3,74,45,61,13,0.19
1996-03-17,1996,3,64,45,61.3,2.7,0
1996-03-18,1996,3,60,41,61.7,-1.7,0.35
1996-03-19,1996,3,41,33,62,-21,1.21
1996-03-20,1996,3,35,30,62.3,-27.3,0.06
1996-03-21,1996,3,42,30,62.7,-20.7,0
1996-03-22,1996,3,51,25,63,-12,0
1996-03-23,1996,3,62,25,63.3,-1.3,0
1996-03-24,1996,3,76,43,63.7,12.3,0
1996-03-25,1996,3,67,39,64,3,0.98
1996-03-26,1996,3,47,29,64.3,-17.3,0
1996-03-27,1996,3,58,32,64.6,-6.59999999999999,0.08
1996-03-28,1996,3,53,46,65,-12,0.19
1996-03-29,1996,3,55,47,65.3,-10.3,0.01
1996-03-30,1996,3,74,46,65.6,8.40000000000001,0
1996-03-31,1996,3,62,45,65.9,-3.90000000000001,0.4
1996-04-01,1996,4,56,39,66.2,-10.2,0.17
1996-04-02,1996,4,64,31,66.6,-2.59999999999999,0
1996-04-03,1996,4,78,36,66.9,11.1,0
1996-04-04,1996,4,68,40,67.2,0.799999999999997,0.1
1996-04-05,1996,4,42,38,67.5,-25.5,0
1996-04-06,1996,4,49,34,67.8,-18.8,0
1996-04-07,1996,4,52,31,68.1,-16.1,0
1996-04-08,1996,4,45,38,68.4,-23.4,0.05
1996-04-09,1996,4,54,31,68.7,-14.7,0
1996-04-10,1996,4,62,29,69,-7,0
1996-04-11,1996,4,76,32,69.3,6.7,0
1996-04-12,1996,4,79,54,69.6,9.40000000000001,0
1996-04-13,1996,4,67,47,69.9,-2.90000000000001,0.08
1996-04-14,1996,4,76,40,70.2,5.8,0
1996-04-15,1996,4,68,43,70.5,-2.5,0.08
1996-04-16,1996,4,69,41,70.8,-1.8,0
1996-04-17,1996,4,79,41,71,8,0
1996-04-18,1996,4,75,50,71.3,3.7,0
1996-04-19,1996,4,75,64,71.6,3.40000000000001,0.01
1996-04-20,1996,4,79,59,71.8,7.2,1.19
1996-04-21,1996,4,75,58,72.1,2.90000000000001,0
1996-04-22,1996,4,79,61,72.4,6.59999999999999,0.62
1996-04-23,1996,4,64,46,72.6,-8.59999999999999,0.45
1996-04-24,1996,4,70,38,72.9,-2.90000000000001,0
1996-04-25,1996,4,79,54,73.1,5.90000000000001,0.24
1996-04-26,1996,4,75,44,73.4,1.59999999999999,0.08
1996-04-27,1996,4,68,38,73.6,-5.59999999999999,0
1996-04-28,1996,4,83,51,73.9,9.09999999999999,0
1996-04-29,1996,4,78,48,74.1,3.90000000000001,0.61
1996-04-30,1996,4,62,43,74.3,-12.3,0
1996-05-01,1996,5,76,44,74.6,1.40000000000001,0
1996-05-02,1996,5,79,48,74.8,4.2,0
1996-05-03,1996,5,83,58,75,8,0
1996-05-04,1996,5,83,62,75.3,7.7,0
1996-05-05,1996,5,86,68,75.5,10.5,0.01
1996-05-06,1996,5,72,65,75.7,-3.7,0.98
1996-05-07,1996,5,75,65,76,-1,0.57
1996-05-08,1996,5,85,63,76.2,8.8,0
1996-05-09,1996,5,87,61,76.4,10.6,0
1996-05-10,1996,5,86,63,76.7,9.3,0
1996-05-11,1996,5,74,53,76.9,-2.90000000000001,0.15
1996-05-12,1996,5,67,52,77.1,-10.1,0
1996-05-13,1996,5,61,47,77.4,-16.4,0
1996-05-14,1996,5,71,41,77.6,-6.59999999999999,0
1996-05-15,1996,5,81,60,77.9,3.09999999999999,1.29
1996-05-16,1996,5,83,66,78.1,4.90000000000001,0
1996-05-17,1996,5,89,63,78.4,10.6,0
1996-05-18,1996,5,90,68,78.6,11.4,0
1996-05-19,1996,5,89,71,78.9,10.1,0
1996-05-20,1996,5,89,67,79.1,9.90000000000001,0
1996-05-21,1996,5,86,66,79.4,6.59999999999999,0.06
1996-05-22,1996,5,83,63,79.6,3.40000000000001,0
1996-05-23,1996,5,89,56,79.9,9.09999999999999,0
1996-05-24,1996,5,93,70,80.2,12.8,0
1996-05-25,1996,5,91,70,80.4,10.6,0
1996-05-26,1996,5,90,70,80.7,9.3,0
1996-05-27,1996,5,88,65,81,7,0.95
1996-05-28,1996,5,87,64,81.3,5.7,0.47
1996-05-29,1996,5,77,62,81.6,-4.59999999999999,0
1996-05-30,1996,5,76,59,81.8,-5.8,0
1996-05-31,1996,5,80,54,82.1,-2.09999999999999,0
1996-06-01,1996,6,78,65,82.4,-4.40000000000001,0
1996-06-02,1996,6,71,64,82.7,-11.7,0.25
1996-06-03,1996,6,80,59,83,-3,0.13
1996-06-04,1996,6,77,57,83.2,-6.2,0
1996-06-05,1996,6,81,55,83.5,-2.5,0.05
1996-06-06,1996,6,86,63,83.8,2.2,0.01
1996-06-07,1996,6,80,67,84.1,-4.09999999999999,0.09
1996-06-08,1996,6,73,63,84.4,-11.4,1.01
1996-06-09,1996,6,75,60,84.6,-9.59999999999999,0.2
1996-06-10,1996,6,76,57,84.9,-8.90000000000001,0.08
1996-06-11,1996,6,80,64,85.2,-5.2,0.05
1996-06-12,1996,6,83,64,85.4,-2.40000000000001,1.29
1996-06-13,1996,6,87,65,85.7,1.3,0
1996-06-14,1996,6,88,69,85.9,2.09999999999999,0
1996-06-15,1996,6,90,68,86.1,3.90000000000001,0
1996-06-16,1996,6,92,68,86.4,5.59999999999999,0
1996-06-17,1996,6,90,69,86.6,3.40000000000001,0
1996-06-18,1996,6,90,70,86.8,3.2,0.18
1996-06-19,1996,6,90,68,87,3,0.34
1996-06-20,1996,6,90,68,87.2,2.8,0
1996-06-21,1996,6,90,70,87.4,2.59999999999999,0
1996-06-22,1996,6,92,71,87.6,4.40000000000001,0
1996-06-23,1996,6,95,72,87.8,7.2,0
1996-06-24,1996,6,91,74,87.9,3.09999999999999,0
1996-06-25,1996,6,87,69,88.1,-1.09999999999999,0
1996-06-26,1996,6,83,65,88.2,-5.2,0
1996-06-27,1996,6,88,64,88.4,-0.400000000000006,0
1996-06-28,1996,6,91,67,88.5,2.5,0
1996-06-29,1996,6,91,69,88.6,2.40000000000001,0
1996-06-30,1996,6,94,71,88.7,5.3,0
1996-07-01,1996,7,95,73,88.8,6.2,0
1996-07-02,1996,7,93,76,88.9,4.09999999999999,0
1996-07-03,1996,7,84,69,89,-5,0
1996-07-04,1996,7,83,58,89,-6,0
1996-07-05,1996,7,88,63,89.1,-1.09999999999999,0
1996-07-06,1996,7,93,63,89.1,3.90000000000001,0
1996-07-07,1996,7,89,72,89.2,-0.200000000000003,0.22
1996-07-08,1996,7,80,70,89.2,-9.2,0.14
1996-07-09,1996,7,85,69,89.3,-4.3,0
1996-07-10,1996,7,83,65,89.3,-6.3,0
1996-07-11,1996,7,82,64,89.3,-7.3,0
1996-07-12,1996,7,87,67,89.3,-2.3,0
1996-07-13,1996,7,90,71,89.4,0.599999999999994,0
1996-07-14,1996,7,88,72,89.4,-1.40000000000001,0.31
1996-07-15,1996,7,85,67,89.4,-4.40000000000001,0.35
1996-07-16,1996,7,90,65,89.4,0.599999999999994,0
1996-07-17,1996,7,92,72,89.4,2.59999999999999,0
1996-07-18,1996,7,92,76,89.4,2.59999999999999,0
1996-07-19,1996,7,93,78,89.4,3.59999999999999,0
1996-07-20,1996,7,81,72,89.4,-8.40000000000001,0.09
1996-07-21,1996,7,93,70,89.4,3.59999999999999,2.25
1996-07-22,1996,7,88,71,89.4,-1.40000000000001,0.12
1996-07-23,1996,7,84,69,89.4,-5.40000000000001,0.01
1996-07-24,1996,7,87,66,89.4,-2.40000000000001,0
1996-07-25,1996,7,85,73,89.4,-4.40000000000001,0
1996-07-26,1996,7,84,64,89.4,-5.40000000000001,0
1996-07-27,1996,7,82,66,89.4,-7.40000000000001,0
1996-07-28,1996,7,83,69,89.4,-6.40000000000001,0.25
1996-07-29,1996,7,77,69,89.4,-12.4,0.25
1996-07-30,1996,7,78,68,89.5,-11.5,0.67
1996-07-31,1996,7,79,70,89.5,-10.5,0.79
1996-08-01,1996,8,82,64,89.5,-7.5,0
1996-08-02,1996,8,82,66,89.5,-7.5,0.01
1996-08-03,1996,8,87,65,89.5,-2.5,0
1996-08-04,1996,8,89,67,89.5,-0.5,0
1996-08-05,1996,8,89,71,89.5,-0.5,0.01
1996-08-06,1996,8,89,72,89.5,-0.5,0
1996-08-07,1996,8,90,73,89.5,0.5,0.01
1996-08-08,1996,8,89,73,89.5,-0.5,0.57
1996-08-09,1996,8,83,69,89.5,-6.5,0
1996-08-10,1996,8,84,62,89.5,-5.5,0
1996-08-11,1996,8,81,68,89.5,-8.5,0.07
1996-08-12,1996,8,80,69,89.5,-9.5,0.33
1996-08-13,1996,8,83,67,89.4,-6.40000000000001,0
1996-08-14,1996,8,86,63,89.4,-3.40000000000001,0
1996-08-15,1996,8,88,65,89.4,-1.40000000000001,0
1996-08-16,1996,8,88,67,89.3,-1.3,0
1996-08-17,1996,8,88,67,89.3,-1.3,0
1996-08-18,1996,8,87,70,89.2,-2.2,0
1996-08-19,1996,8,90,67,89.1,0.900000000000006,0
1996-08-20,1996,8,90,70,89.1,0.900000000000006,0
1996-08-21,1996,8,89,72,89,0,0
1996-08-22,1996,8,91,69,88.9,2.09999999999999,0
1996-08-23,1996,8,91,71,88.7,2.3,0
1996-08-24,1996,8,86,71,88.6,-2.59999999999999,0
1996-08-25,1996,8,87,70,88.5,-1.5,0
1996-08-26,1996,8,88,68,88.3,-0.299999999999997,0.09
1996-08-27,1996,8,84,67,88.2,-4.2,0
1996-08-28,1996,8,87,68,88,-1,0
1996-08-29,1996,8,88,69,87.8,0.200000000000003,0
1996-08-30,1996,8,88,67,87.6,0.400000000000006,0
1996-08-31,1996,8,84,68,87.4,-3.40000000000001,0
1996-09-01,1996,9,84,66,87.1,-3.09999999999999,0
1996-09-02,1996,9,79,67,86.9,-7.90000000000001,0.29
1996-09-03,1996,9,75,68,86.6,-11.6,1.12
1996-09-04,1996,9,83,66,86.4,-3.40000000000001,0
1996-09-05,1996,9,85,65,86.1,-1.09999999999999,0
1996-09-06,1996,9,86,68,85.8,0.200000000000003,0
1996-09-07,1996,9,86,68,85.5,0.5,0.72
1996-09-08,1996,9,88,66,85.2,2.8,0
1996-09-09,1996,9,88,70,84.8,3.2,0
1996-09-10,1996,9,86,71,84.5,1.5,0
1996-09-11,1996,9,85,65,84.2,0.799999999999997,0
1996-09-12,1996,9,85,60,83.8,1.2,0
1996-09-13,1996,9,73,53,83.5,-10.5,0
1996-09-14,1996,9,76,48,83.1,-7.09999999999999,0
1996-09-15,1996,9,78,55,82.7,-4.7,0.07
1996-09-16,1996,9,82,63,82.4,-0.400000000000006,0.7
1996-09-17,1996,9,67,57,82,-15,0
1996-09-18,1996,9,75,54,81.6,-6.59999999999999,0
1996-09-19,1996,9,76,51,81.2,-5.2,0
1996-09-20,1996,9,77,53,80.9,-3.90000000000001,0
1996-09-21,1996,9,71,58,80.5,-9.5,0.77
1996-09-22,1996,9,82,53,80.1,1.90000000000001,0
1996-09-23,1996,9,83,55,79.7,3.3,0
1996-09-24,1996,9,78,62,79.3,-1.3,0
1996-09-25,1996,9,78,59,78.9,-0.900000000000006,0
1996-09-26,1996,9,82,65,78.6,3.40000000000001,0
1996-09-27,1996,9,77,60,78.2,-1.2,0.95
1996-09-28,1996,9,68,49,77.8,-9.8,0.26
1996-09-29,1996,9,71,45,77.4,-6.40000000000001,0
1996-09-30,1996,9,78,45,77.1,0.900000000000006,0
1996-10-01,1996,10,73,60,76.7,-3.7,0
1996-10-02,1996,10,77,66,76.4,0.599999999999994,0
1996-10-03,1996,10,68,50,76,-8,0
1996-10-04,1996,10,70,47,75.7,-5.7,0
1996-10-05,1996,10,69,51,75.3,-6.3,0
1996-10-06,1996,10,74,49,75,-1,0
1996-10-07,1996,10,75,50,74.6,0.400000000000006,0
1996-10-08,1996,10,68,52,74.3,-6.3,0.01
1996-10-09,1996,10,65,49,74,-9,0
1996-10-10,1996,10,63,47,73.6,-10.6,0
1996-10-11,1996,10,64,39,73.3,-9.3,0
1996-10-12,1996,10,71,38,73,-2,0
1996-10-13,1996,10,74,45,72.7,1.3,0
1996-10-14,1996,10,78,46,72.3,5.7,0
1996-10-15,1996,10,79,47,72,7,0
1996-10-16,1996,10,78,55,71.7,6.3,0
1996-10-17,1996,10,81,58,71.4,9.59999999999999,0
1996-10-18,1996,10,72,45,71.1,0.900000000000006,0.83
1996-10-19,1996,10,61,37,70.7,-9.7,0
1996-10-20,1996,10,66,33,70.4,-4.40000000000001,0
1996-10-21,1996,10,74,52,70.1,3.90000000000001,0
1996-10-22,1996,10,76,48,69.8,6.2,0.63
1996-10-23,1996,10,66,43,69.4,-3.40000000000001,0
1996-10-24,1996,10,68,40,69.1,-1.09999999999999,0
1996-10-25,1996,10,68,49,68.8,-0.799999999999997,0.05
1996-10-26,1996,10,71,57,68.4,2.59999999999999,0.45
1996-10-27,1996,10,78,67,68.1,9.90000000000001,0.7
1996-10-28,1996,10,72,66,67.8,4.2,0.19
1996-10-29,1996,10,78,66,67.4,10.6,0
1996-10-30,1996,10,72,56,67,5,0
1996-10-31,1996,10,63,45,66.7,-3.7,0.3
1996-11-01,1996,11,46,40,66.3,-20.3,0.92
1996-11-02,1996,11,48,32,65.9,-17.9,0
1996-11-03,1996,11,49,29,65.6,-16.6,0
1996-11-04,1996,11,61,30,65.2,-4.2,0
1996-11-05,1996,11,71,51,64.8,6.2,0
1996-11-06,1996,11,73,57,64.4,8.59999999999999,0.16
1996-11-07,1996,11,73,46,64,9,1.03
1996-11-08,1996,11,55,40,63.6,-8.6,0.05
1996-11-09,1996,11,49,33,63.1,-14.1,0.06
1996-11-10,1996,11,40,32,62.7,-22.7,0.12
1996-11-11,1996,11,42,31,62.3,-20.3,0
1996-11-12,1996,11,43,29,61.9,-18.9,0
1996-11-13,1996,11,43,36,61.4,-18.4,0.15
1996-11-14,1996,11,40,35,61,-21,0.17
1996-11-15,1996,11,58,33,60.6,-2.6,0
1996-11-16,1996,11,60,36,60.1,-0.100000000000001,0
1996-11-17,1996,11,57,52,59.7,-2.7,0.85
1996-11-18,1996,11,55,49,59.2,-4.2,0.17
1996-11-19,1996,11,55,45,58.8,-3.8,0
1996-11-20,1996,11,56,41,58.4,-2.4,0
1996-11-21,1996,11,56,40,57.9,-1.9,0.14
1996-11-22,1996,11,45,30,57.5,-12.5,0
1996-11-23,1996,11,58,27,57.1,0.899999999999999,0
1996-11-24,1996,11,66,43,56.6,9.4,0
1996-11-25,1996,11,63,46,56.2,6.8,0.37
1996-11-26,1996,11,46,29,55.8,-9.8,0
1996-11-27,1996,11,42,25,55.4,-13.4,0
1996-11-28,1996,11,51,23,54.9,-3.9,0
1996-11-29,1996,11,52,33,54.5,-2.5,0.1
1996-11-30,1996,11,65,49,54.1,10.9,1.71
1996-12-01,1996,12,64,33,53.8,10.2,0
1996-12-02,1996,12,52,27,53.4,-1.4,0
1996-12-03,1996,12,57,41,53,4,0
1996-12-04,1996,12,47,29,52.6,-5.6,0
1996-12-05,1996,12,48,31,52.3,-4.3,0.44
1996-12-06,1996,12,66,29,51.9,14.1,0
1996-12-07,1996,12,56,42,51.6,4.4,0.01
1996-12-08,1996,12,50,32,51.3,-1.3,0
1996-12-09,1996,12,45,23,51,-6,0
1996-12-10,1996,12,65,34,50.7,14.3,0
1996-12-11,1996,12,71,62,50.4,20.6,0
1996-12-12,1996,12,66,46,50.1,15.9,0.7
1996-12-13,1996,12,52,38,49.8,2.2,0
1996-12-14,1996,12,60,31,49.6,10.4,0
1996-12-15,1996,12,65,33,49.3,15.7,0
1996-12-16,1996,12,52,43,49.1,2.9,2.44
1996-12-17,1996,12,47,31,48.8,-1.8,0.28
1996-12-18,1996,12,33,22,48.6,-15.6,0
1996-12-19,1996,12,23,17,48.4,-25.4,0
1996-12-20,1996,12,29,14,48.2,-19.2,0
1996-12-21,1996,12,45,17,48,-3,0
1996-12-22,1996,12,54,37,47.9,6.1,0.01
1996-12-23,1996,12,66,50,47.7,18.3,0.07
1996-12-24,1996,12,60,22,47.6,12.4,0.65
1996-12-25,1996,12,37,19,47.4,-10.4,0
1996-12-26,1996,12,47,25,47.3,-0.299999999999997,0.07
1996-12-27,1996,12,60,43,47.2,12.8,0.04
1996-12-28,1996,12,68,58,47.1,20.9,0
1996-12-29,1996,12,70,53,47,23,0.01
1996-12-30,1996,12,61,50,46.9,14.1,0.04
1996-12-31,1996,12,60,44,46.8,13.2,0.01
1997-01-01,1997,1,63,44,46.7,16.3,0
1997-01-02,1997,1,65,52,46.6,18.4,0
1997-01-03,1997,1,70,59,46.6,23.4,0
1997-01-04,1997,1,70,57,46.5,23.5,0.6
1997-01-05,1997,1,59,43,46.5,12.5,0.08
1997-01-06,1997,1,44,28,46.5,-2.5,0
1997-01-07,1997,1,38,25,46.4,-8.4,0
1997-01-08,1997,1,34,28,46.4,-12.4,0.18
1997-01-09,1997,1,41,30,46.4,-5.4,0.03
1997-01-10,1997,1,32,12,46.4,-14.4,0.16
1997-01-11,1997,1,18,5,46.4,-28.4,0
1997-01-12,1997,1,22,7,46.4,-24.4,0
1997-01-13,1997,1,22,8,46.5,-24.5,0
1997-01-14,1997,1,30,10,46.5,-16.5,0
1997-01-15,1997,1,55,20,46.5,8.5,0.51
1997-01-16,1997,1,37,12,46.6,-9.6,0
1997-01-17,1997,1,26,8,46.6,-20.6,0
1997-01-18,1997,1,27,14,46.7,-19.7,0
1997-01-19,1997,1,46,25,46.8,-0.799999999999997,0
1997-01-20,1997,1,64,24,46.8,17.2,0
1997-01-21,1997,1,70,38,46.9,23.1,0
1997-01-22,1997,1,59,47,47,12,0.55
1997-01-23,1997,1,53,38,47.1,5.9,0.01
1997-01-24,1997,1,65,41,47.3,17.7,1.12
1997-01-25,1997,1,46,25,47.4,-1.4,0
1997-01-26,1997,1,47,22,47.5,-0.5,0
1997-01-27,1997,1,57,41,47.6,9.4,0.93
1997-01-28,1997,1,41,20,47.8,-6.8,0.02
1997-01-29,1997,1,46,18,48,-2,0
1997-01-30,1997,1,50,26,48.1,1.9,0
1997-01-31,1997,1,59,28,48.3,10.7,0
1997-02-01,1997,2,66,32,48.5,17.5,0
1997-02-02,1997,2,66,42,48.7,17.3,0
1997-02-03,1997,2,59,51,48.9,10.1,0.49
1997-02-04,1997,2,64,42,49.1,14.9,0.28
1997-02-05,1997,2,42,34,49.3,-7.3,0
1997-02-06,1997,2,44,30,49.5,-5.5,0
1997-02-07,1997,2,50,37,49.7,0.299999999999997,0.16
1997-02-08,1997,2,40,32,50,-10,0.13
1997-02-09,1997,2,35,32,50.2,-15.2,0
1997-02-10,1997,2,36,32,50.4,-14.4,0
1997-02-11,1997,2,39,28,50.7,-11.7,0
1997-02-12,1997,2,49,25,51,-2,0
1997-02-13,1997,2,38,35,51.2,-13.2,0.45
1997-02-14,1997,2,42,33,51.5,-9.5,0
1997-02-15,1997,2,47,25,51.8,-4.8,0
1997-02-16,1997,2,56,26,52.1,3.9,0
1997-02-17,1997,2,61,27,52.3,8.7,0
1997-02-18,1997,2,67,38,52.6,14.4,0
1997-02-19,1997,2,66,47,52.9,13.1,0
1997-02-20,1997,2,76,53,53.2,22.8,0
1997-02-21,1997,2,72,47,53.5,18.5,0.36
1997-02-22,1997,2,47,28,53.8,-6.8,0
1997-02-23,1997,2,56,23,54.1,1.9,0
1997-02-24,1997,2,57,29,54.5,2.5,0
1997-02-25,1997,2,59,38,54.8,4.2,0
1997-02-26,1997,2,67,47,55.1,11.9,0.4
1997-02-27,1997,2,68,51,55.4,12.6,0.41
1997-02-28,1997,2,68,49,55.7,12.3,0.42
1997-03-01,1997,3,81,68,56.1,24.9,0.19
1997-03-02,1997,3,74,47,56.4,17.6,2.94
1997-03-03,1997,3,56,47,56.7,-0.700000000000003,0.97
1997-03-04,1997,3,68,48,57,11,0
1997-03-05,1997,3,64,37,57.4,6.6,2.04
1997-03-06,1997,3,55,33,57.7,-2.7,0
1997-03-07,1997,3,63,30,58,5,0
1997-03-08,1997,3,70,51,58.4,11.6,0
1997-03-09,1997,3,76,48,58.7,17.3,0.23
1997-03-10,1997,3,61,44,59,2,0.01
1997-03-11,1997,3,71,40,59.3,11.7,0
1997-03-12,1997,3,70,43,59.7,10.3,0
1997-03-13,1997,3,67,51,60,7,0.14
1997-03-14,1997,3,62,32,60.3,1.7,0.31
1997-03-15,1997,3,42,29,60.7,-18.7,0
1997-03-16,1997,3,49,25,61,-12,0
1997-03-17,1997,3,54,35,61.3,-7.3,0.14
1997-03-18,1997,3,64,47,61.7,2.3,1.34
1997-03-19,1997,3,58,42,62,-4,0.31
1997-03-20,1997,3,66,33,62.3,3.7,0
1997-03-21,1997,3,76,39,62.7,13.3,0
1997-03-22,1997,3,67,43,63,4,0
1997-03-23,1997,3,61,36,63.3,-2.3,0
1997-03-24,1997,3,71,40,63.7,7.3,0
1997-03-25,1997,3,74,45,64,10,0.64
1997-03-26,1997,3,61,41,64.3,-3.3,0
1997-03-27,1997,3,71,35,64.6,6.40000000000001,0
1997-03-28,1997,3,81,55,65,16,0.33
1997-03-29,1997,3,69,51,65.3,3.7,0
1997-03-30,1997,3,66,43,65.6,0.400000000000006,0.05
1997-03-31,1997,3,58,39,65.9,-7.90000000000001,0
1997-04-01,1997,4,63,35,66.2,-3.2,0
1997-04-02,1997,4,70,37,66.6,3.40000000000001,0
1997-04-03,1997,4,76,39,66.9,9.09999999999999,0
1997-04-04,1997,4,71,47,67.2,3.8,0
1997-04-05,1997,4,75,62,67.5,7.5,0.39
1997-04-06,1997,4,79,55,67.8,11.2,0
1997-04-07,1997,4,59,44,68.1,-9.09999999999999,0
1997-04-08,1997,4,61,37,68.4,-7.40000000000001,0
1997-04-09,1997,4,49,36,68.7,-19.7,0
1997-04-10,1997,4,61,32,69,-8,0
1997-04-11,1997,4,77,40,69.3,7.7,0.03
1997-04-12,1997,4,69,43,69.6,-0.599999999999994,0
1997-04-13,1997,4,44,32,69.9,-25.9,0
1997-04-14,1997,4,59,28,70.2,-11.2,0
1997-04-15,1997,4,66,32,70.5,-4.5,0
1997-04-16,1997,4,73,35,70.8,2.2,0.02
1997-04-17,1997,4,52,40,71,-19,0
1997-04-18,1997,4,63,35,71.3,-8.3,0
1997-04-19,1997,4,75,48,71.6,3.40000000000001,0.07
1997-04-20,1997,4,70,39,71.8,-1.8,0
1997-04-21,1997,4,65,50,72.1,-7.09999999999999,0.37
1997-04-22,1997,4,65,52,72.4,-7.40000000000001,0.31
1997-04-23,1997,4,64,50,72.6,-8.59999999999999,0
1997-04-24,1997,4,65,44,72.9,-7.90000000000001,0
1997-04-25,1997,4,67,43,73.1,-6.09999999999999,0
1997-04-26,1997,4,68,52,73.4,-5.40000000000001,0.01
1997-04-27,1997,4,63,53,73.6,-10.6,0.15
1997-04-28,1997,4,60,50,73.9,-13.9,0.61
1997-04-29,1997,4,71,44,74.1,-3.09999999999999,0
1997-04-30,1997,4,79,46,74.3,4.7,0.46
1997-05-01,1997,5,69,51,74.6,-5.59999999999999,0
1997-05-02,1997,5,77,45,74.8,2.2,0.12
1997-05-03,1997,5,66,47,75,-9,0
1997-05-04,1997,5,68,44,75.3,-7.3,0
1997-05-05,1997,5,73,40,75.5,-2.5,0
1997-05-06,1997,5,76,54,75.7,0.299999999999997,0
1997-05-07,1997,5,76,44,76,0,0
1997-05-08,1997,5,78,59,76.2,1.8,0.21
1997-05-09,1997,5,67,54,76.4,-9.40000000000001,0
1997-05-10,1997,5,68,46,76.7,-8.7,0
1997-05-11,1997,5,74,41,76.9,-2.90000000000001,0
1997-05-12,1997,5,68,51,77.1,-9.09999999999999,0
1997-05-13,1997,5,70,41,77.4,-7.40000000000001,0
1997-05-14,1997,5,80,49,77.6,2.40000000000001,0.04
1997-05-15,1997,5,71,42,77.9,-6.90000000000001,0
1997-05-16,1997,5,68,38,78.1,-10.1,0
1997-05-17,1997,5,82,43,78.4,3.59999999999999,0
1997-05-18,1997,5,87,65,78.6,8.40000000000001,0
1997-05-19,1997,5,81,64,78.9,2.09999999999999,1.4
1997-05-20,1997,5,74,59,79.1,-5.09999999999999,0
1997-05-21,1997,5,69,51,79.4,-10.4,0
1997-05-22,1997,5,72,47,79.6,-7.59999999999999,0
1997-05-23,1997,5,82,51,79.9,2.09999999999999,0
1997-05-24,1997,5,81,68,80.2,0.799999999999997,0
1997-05-25,1997,5,76,67,80.4,-4.40000000000001,0.06
1997-05-26,1997,5,77,66,80.7,-3.7,0.79
1997-05-27,1997,5,74,65,81,-7,0.12
1997-05-28,1997,5,69,58,81.3,-12.3,0.03
1997-05-29,1997,5,71,56,81.6,-10.6,0.42
1997-05-30,1997,5,78,61,81.8,-3.8,0
1997-05-31,1997,5,67,61,82.1,-15.1,1.73
1997-06-01,1997,6,65,60,82.4,-17.4,0.02
1997-06-02,1997,6,75,59,82.7,-7.7,0.02
1997-06-03,1997,6,71,58,83,-12,0
1997-06-04,1997,6,72,60,83.2,-11.2,0
1997-06-05,1997,6,67,61,83.5,-16.5,0
1997-06-06,1997,6,68,59,83.8,-15.8,0.1
1997-06-07,1997,6,73,59,84.1,-11.1,0
1997-06-08,1997,6,76,61,84.4,-8.40000000000001,0.86
1997-06-09,1997,6,72,61,84.6,-12.6,0
1997-06-10,1997,6,71,61,84.9,-13.9,0.04
1997-06-11,1997,6,70,64,85.2,-15.2,0.1
1997-06-12,1997,6,83,64,85.4,-2.40000000000001,0.91
1997-06-13,1997,6,86,64,85.7,0.299999999999997,2.17
1997-06-14,1997,6,75,64,85.9,-10.9,0.18
1997-06-15,1997,6,83,59,86.1,-3.09999999999999,0
1997-06-16,1997,6,80,64,86.4,-6.40000000000001,0.15
1997-06-17,1997,6,79,68,86.6,-7.59999999999999,0.5
1997-06-18,1997,6,84,68,86.8,-2.8,0.02
1997-06-19,1997,6,88,65,87,1,0
1997-06-20,1997,6,88,67,87.2,0.799999999999997,0
1997-06-21,1997,6,77,68,87.4,-10.4,0.66
1997-06-22,1997,6,88,68,87.6,0.400000000000006,0
1997-06-23,1997,6,90,71,87.8,2.2,0
1997-06-24,1997,6,91,72,87.9,3.09999999999999,0
1997-06-25,1997,6,88,72,88.1,-0.0999999999999943,0
1997-06-26,1997,6,83,71,88.2,-5.2,0.02
1997-06-27,1997,6,85,68,88.4,-3.40000000000001,0
1997-06-28,1997,6,82,68,88.5,-6.5,0.26
1997-06-29,1997,6,82,70,88.6,-6.59999999999999,0.12
1997-06-30,1997,6,84,71,88.7,-4.7,0.53
1997-07-01,1997,7,90,71,88.8,1.2,0
1997-07-02,1997,7,92,73,88.9,3.09999999999999,0
1997-07-03,1997,7,90,72,89,1,0
1997-07-04,1997,7,86,67,89,-3,0.04
1997-07-05,1997,7,77,61,89.1,-12.1,0
1997-07-06,1997,7,81,57,89.1,-8.09999999999999,0
1997-07-07,1997,7,85,63,89.2,-4.2,0
1997-07-08,1997,7,89,66,89.2,-0.200000000000003,0.18
1997-07-09,1997,7,89,70,89.3,-0.299999999999997,0.02
1997-07-10,1997,7,85,68,89.3,-4.3,0
1997-07-11,1997,7,86,65,89.3,-3.3,0
1997-07-12,1997,7,90,64,89.3,0.700000000000003,0
1997-07-13,1997,7,91,66,89.4,1.59999999999999,0
1997-07-14,1997,7,92,69,89.4,2.59999999999999,0
1997-07-15,1997,7,91,69,89.4,1.59999999999999,0
1997-07-16,1997,7,91,72,89.4,1.59999999999999,0
1997-07-17,1997,7,92,66,89.4,2.59999999999999,0
1997-07-18,1997,7,93,67,89.4,3.59999999999999,0
1997-07-19,1997,7,95,70,89.4,5.59999999999999,0
1997-07-20,1997,7,95,74,89.4,5.59999999999999,0
1997-07-21,1997,7,95,74,89.4,5.59999999999999,0.5
1997-07-22,1997,7,92,75,89.4,2.59999999999999,0
1997-07-23,1997,7,93,75,89.4,3.59999999999999,0
1997-07-24,1997,7,90,74,89.4,0.599999999999994,0
1997-07-25,1997,7,92,70,89.4,2.59999999999999,0
1997-07-26,1997,7,95,70,89.4,5.59999999999999,0
1997-07-27,1997,7,99,76,89.4,9.59999999999999,0
1997-07-28,1997,7,97,73,89.4,7.59999999999999,2.52
1997-07-29,1997,7,86,71,89.4,-3.40000000000001,0
1997-07-30,1997,7,86,73,89.5,-3.5,0
1997-07-31,1997,7,87,69,89.5,-2.5,0
1997-08-01,1997,8,86,66,89.5,-3.5,0
1997-08-02,1997,8,88,64,89.5,-1.5,0
1997-08-03,1997,8,90,66,89.5,0.5,0
1997-08-04,1997,8,93,69,89.5,3.5,0
1997-08-05,1997,8,86,71,89.5,-3.5,0
1997-08-06,1997,8,84,65,89.5,-5.5,0
1997-08-07,1997,8,85,63,89.5,-4.5,0
1997-08-08,1997,8,80,64,89.5,-9.5,0.37
1997-08-09,1997,8,71,63,89.5,-18.5,0.77
1997-08-10,1997,8,85,63,89.5,-4.5,0.01
1997-08-11,1997,8,87,68,89.5,-2.5,0
1997-08-12,1997,8,86,71,89.5,-3.5,0.78
1997-08-13,1997,8,87,72,89.4,-2.40000000000001,0.14
1997-08-14,1997,8,89,71,89.4,-0.400000000000006,0.08
1997-08-15,1997,8,91,72,89.4,1.59999999999999,0
1997-08-16,1997,8,93,77,89.3,3.7,0
1997-08-17,1997,8,93,74,89.3,3.7,0.05
1997-08-18,1997,8,87,73,89.2,-2.2,0
1997-08-19,1997,8,89,70,89.1,-0.0999999999999943,1.06
1997-08-20,1997,8,85,70,89.1,-4.09999999999999,0.26
1997-08-21,1997,8,79,65,89,-10,0
1997-08-22,1997,8,81,59,88.9,-7.90000000000001,0
1997-08-23,1997,8,79,60,88.7,-9.7,0
1997-08-24,1997,8,82,55,88.6,-6.59999999999999,0
1997-08-25,1997,8,83,59,88.5,-5.5,0
1997-08-26,1997,8,88,67,88.3,-0.299999999999997,0
1997-08-27,1997,8,91,68,88.2,2.8,0
1997-08-28,1997,8,90,74,88,2,0
1997-08-29,1997,8,90,68,87.8,2.2,0
1997-08-30,1997,8,89,68,87.6,1.40000000000001,0
1997-08-31,1997,8,90,71,87.4,2.59999999999999,0
1997-09-01,1997,9,93,71,87.1,5.90000000000001,0
1997-09-02,1997,9,93,71,86.9,6.09999999999999,0
1997-09-03,1997,9,78,61,86.6,-8.59999999999999,0.79
1997-09-04,1997,9,75,55,86.4,-11.4,0
1997-09-05,1997,9,83,48,86.1,-3.09999999999999,0
1997-09-06,1997,9,85,60,85.8,-0.799999999999997,0
1997-09-07,1997,9,87,63,85.5,1.5,0
1997-09-08,1997,9,83,68,85.2,-2.2,0.14
1997-09-09,1997,9,83,69,84.8,-1.8,0.11
1997-09-10,1997,9,79,65,84.5,-5.5,0
1997-09-11,1997,9,77,61,84.2,-7.2,0
1997-09-12,1997,9,80,53,83.8,-3.8,0
1997-09-13,1997,9,83,55,83.5,-0.5,0
1997-09-14,1997,9,83,60,83.1,-0.0999999999999943,0
1997-09-15,1997,9,86,60,82.7,3.3,0
1997-09-16,1997,9,90,63,82.4,7.59999999999999,0
1997-09-17,1997,9,88,68,82,6,0
1997-09-18,1997,9,88,65,81.6,6.40000000000001,0
1997-09-19,1997,9,93,62,81.2,11.8,0
1997-09-20,1997,9,87,70,80.9,6.09999999999999,0
1997-09-21,1997,9,78,60,80.5,-2.5,0
1997-09-22,1997,9,83,55,80.1,2.90000000000001,0
1997-09-23,1997,9,76,61,79.7,-3.7,1.83
1997-09-24,1997,9,69,61,79.3,-10.3,2.86
1997-09-25,1997,9,73,57,78.9,-5.90000000000001,0.02
1997-09-26,1997,9,80,52,78.6,1.40000000000001,0
1997-09-27,1997,9,83,56,78.2,4.8,0
1997-09-28,1997,9,82,62,77.8,4.2,0
1997-09-29,1997,9,80,54,77.4,2.59999999999999,0
1997-09-30,1997,9,82,63,77.1,4.90000000000001,0
1997-10-01,1997,10,74,54,76.7,-2.7,0
1997-10-02,1997,10,73,46,76.4,-3.40000000000001,0
1997-10-03,1997,10,80,48,76,4,0
1997-10-04,1997,10,82,55,75.7,6.3,0
1997-10-05,1997,10,82,56,75.3,6.7,0
1997-10-06,1997,10,84,56,75,9,0
1997-10-07,1997,10,85,63,74.6,10.4,0
1997-10-08,1997,10,86,64,74.3,11.7,0
1997-10-09,1997,10,83,66,74,9,0.2
1997-10-10,1997,10,83,67,73.6,9.40000000000001,0
1997-10-11,1997,10,84,64,73.3,10.7,0
1997-10-12,1997,10,84,63,73,11,0
1997-10-13,1997,10,82,51,72.7,9.3,1.22
1997-10-14,1997,10,64,48,72.3,-8.3,0.07
1997-10-15,1997,10,65,45,72,-7,0
1997-10-16,1997,10,64,42,71.7,-7.7,0
1997-10-17,1997,10,63,45,71.4,-8.40000000000001,0
1997-10-18,1997,10,63,42,71.1,-8.09999999999999,0
1997-10-19,1997,10,66,43,70.7,-4.7,0
1997-10-20,1997,10,70,42,70.4,-0.400000000000006,0
1997-10-21,1997,10,53,46,70.1,-17.1,0.36
1997-10-22,1997,10,56,35,69.8,-13.8,0
1997-10-23,1997,10,64,32,69.4,-5.40000000000001,0
1997-10-24,1997,10,66,50,69.1,-3.09999999999999,0.22
1997-10-25,1997,10,68,57,68.8,-0.799999999999997,0.45
1997-10-26,1997,10,72,46,68.4,3.59999999999999,0.16
1997-10-27,1997,10,46,40,68.1,-22.1,0.02
1997-10-28,1997,10,55,33,67.8,-12.8,0
1997-10-29,1997,10,64,31,67.4,-3.40000000000001,0
1997-10-30,1997,10,67,33,67,0,0
1997-10-31,1997,10,72,45,66.7,5.3,0.01
1997-11-01,1997,11,63,49,66.3,-3.3,0.15
1997-11-02,1997,11,59,40,65.9,-6.90000000000001,0
1997-11-03,1997,11,48,39,65.6,-17.6,0.05
1997-11-04,1997,11,51,33,65.2,-14.2,0
1997-11-05,1997,11,62,35,64.8,-2.8,0.02
1997-11-06,1997,11,51,45,64.4,-13.4,0.59
1997-11-07,1997,11,51,44,64,-13,0.1
1997-11-08,1997,11,56,43,63.6,-7.6,0
1997-11-09,1997,11,58,37,63.1,-5.1,0
1997-11-10,1997,11,46,38,62.7,-16.7,0.05
1997-11-11,1997,11,48,42,62.3,-14.3,0
1997-11-12,1997,11,44,35,61.9,-17.9,0.11
1997-11-13,1997,11,44,35,61.4,-17.4,0.4
1997-11-14,1997,11,39,36,61,-22,0.12
1997-11-15,1997,11,46,35,60.6,-14.6,0
1997-11-16,1997,11,41,27,60.1,-19.1,0
1997-11-17,1997,11,41,21,59.7,-18.7,0
1997-11-18,1997,11,52,20,59.2,-7.2,0
1997-11-19,1997,11,57,29,58.8,-1.8,0
1997-11-20,1997,11,63,30,58.4,4.6,0
1997-11-21,1997,11,60,49,57.9,2.1,0.75
1997-11-22,1997,11,50,45,57.5,-7.5,0
1997-11-23,1997,11,47,32,57.1,-10.1,0
1997-11-24,1997,11,50,29,56.6,-6.6,0
1997-11-25,1997,11,61,29,56.2,4.8,0
1997-11-26,1997,11,61,41,55.8,5.2,0
1997-11-27,1997,11,61,27,55.4,5.6,0
1997-11-28,1997,11,71,52,54.9,16.1,0
1997-11-29,1997,11,66,53,54.5,11.5,0.05
1997-11-30,1997,11,67,47,54.1,12.9,4.2
1997-12-01,1997,12,52,35,53.8,-1.8,0
1997-12-02,1997,12,50,35,53.4,-3.4,0
1997-12-03,1997,12,55,46,53,2,0.28
1997-12-04,1997,12,51,38,52.6,-1.6,0.02
1997-12-05,1997,12,41,28,52.3,-11.3,0
1997-12-06,1997,12,31,23,51.9,-20.9,0
1997-12-07,1997,12,36,26,51.6,-15.6,0
1997-12-08,1997,12,39,27,51.3,-12.3,0.02
1997-12-09,1997,12,53,39,51,2,0.4
1997-12-10,1997,12,52,38,50.7,1.3,0.13
1997-12-11,1997,12,40,37,50.4,-10.4,0
1997-12-12,1997,12,39,32,50.1,-11.1,0
1997-12-13,1997,12,39,27,49.8,-10.8,0
1997-12-14,1997,12,44,22,49.6,-5.6,0
1997-12-15,1997,12,51,21,49.3,1.7,0
1997-12-16,1997,12,57,22,49.1,7.9,0
1997-12-17,1997,12,55,29,48.8,6.2,0
1997-12-18,1997,12,59,24,48.6,10.4,0
1997-12-19,1997,12,64,30,48.4,15.6,0
1997-12-20,1997,12,63,38,48.2,14.8,0
1997-12-21,1997,12,53,34,48,5,0.38
1997-12-22,1997,12,58,44,47.9,10.1,0
1997-12-23,1997,12,47,43,47.7,-0.700000000000003,0
1997-12-24,1997,12,61,43,47.6,13.4,0.53
1997-12-25,1997,12,47,40,47.4,-0.399999999999999,0
1997-12-26,1997,12,42,34,47.3,-5.3,0.13
1997-12-27,1997,12,37,25,47.2,-10.2,0.04
1997-12-28,1997,12,40,19,47.1,-7.1,0
1997-12-29,1997,12,36,31,47,-11,0.16
1997-12-30,1997,12,38,30,46.9,-8.9,0.1
1997-12-31,1997,12,36,20,46.8,-10.8,0
1998-01-01,1998,1,49,18,46.7,2.3,0
1998-01-02,1998,1,58,35,46.6,11.4,0
1998-01-03,1998,1,67,50,46.6,20.4,0
1998-01-04,1998,1,69,44,46.5,22.5,0
1998-01-05,1998,1,63,51,46.5,16.5,0.23
1998-01-06,1998,1,69,59,46.5,22.5,0.03
1998-01-07,1998,1,63,61,46.4,16.6,1.59
1998-01-08,1998,1,64,44,46.4,17.6,0.18
1998-01-09,1998,1,44,36,46.4,-2.4,0.02
1998-01-10,1998,1,43,38,46.4,-3.4,0
1998-01-11,1998,1,48,39,46.4,1.6,0.04
1998-01-12,1998,1,61,45,46.4,14.6,0
1998-01-13,1998,1,53,33,46.5,6.5,0
1998-01-14,1998,1,52,30,46.5,5.5,0.07
1998-01-15,1998,1,49,38,46.5,2.5,0.14
1998-01-16,1998,1,39,35,46.6,-7.6,0.48
1998-01-17,1998,1,40,35,46.6,-6.6,0
1998-01-18,1998,1,46,33,46.7,-0.700000000000003,0.2
1998-01-19,1998,1,39,28,46.8,-7.8,0
1998-01-20,1998,1,45,22,46.8,-1.8,0
1998-01-21,1998,1,49,31,46.9,2.1,0.01
1998-01-22,1998,1,49,41,47,2,0.54
1998-01-23,1998,1,41,35,47.1,-6.1,0
1998-01-24,1998,1,38,34,47.3,-9.3,0.01
1998-01-25,1998,1,45,32,47.4,-2.4,0
1998-01-26,1998,1,53,35,47.5,5.5,0.01
1998-01-27,1998,1,54,42,47.6,6.4,0.13
1998-01-28,1998,1,59,38,47.8,11.2,0
1998-01-29,1998,1,60,38,48,12,0
1998-01-30,1998,1,52,33,48.1,3.9,0
1998-01-31,1998,1,51,26,48.3,2.7,0
1998-02-01,1998,2,58,29,48.5,9.5,0
1998-02-02,1998,2,56,45,48.7,7.3,0
1998-02-03,1998,2,49,33,48.9,0.100000000000001,1.26
1998-02-04,1998,2,37,30,49.1,-12.1,0.17
1998-02-05,1998,2,34,30,49.3,-15.3,0.01
1998-02-06,1998,2,36,32,49.5,-13.5,0
1998-02-07,1998,2,40,34,49.7,-9.7,0
1998-02-08,1998,2,50,33,50,0,0
1998-02-09,1998,2,56,34,50.2,5.8,0
1998-02-10,1998,2,52,37,50.4,1.6,0.26
1998-02-11,1998,2,54,41,50.7,3.3,0.1
1998-02-12,1998,2,43,39,51,-8,0
1998-02-13,1998,2,47,40,51.2,-4.2,0
1998-02-14,1998,2,53,31,51.5,1.5,0
1998-02-15,1998,2,60,30,51.8,8.2,0.01
1998-02-16,1998,2,61,46,52.1,8.9,0.53
1998-02-17,1998,2,56,44,52.3,3.7,1.01
1998-02-18,1998,2,47,43,52.6,-5.6,0.03
1998-02-19,1998,2,56,46,52.9,3.1,0
1998-02-20,1998,2,52,44,53.2,-1.2,0
1998-02-21,1998,2,59,41,53.5,5.5,0
1998-02-22,1998,2,54,37,53.8,0.200000000000003,0.33
1998-02-23,1998,2,57,43,54.1,2.9,0.06
1998-02-24,1998,2,68,33,54.5,13.5,0
1998-02-25,1998,2,70,36,54.8,15.2,0
1998-02-26,1998,2,72,47,55.1,16.9,0.26
1998-02-27,1998,2,64,49,55.4,8.6,0.06
1998-02-28,1998,2,65,40,55.7,9.3,0.02
1998-03-01,1998,3,53,33,56.1,-3.1,0
1998-03-02,1998,3,41,33,56.4,-15.4,0.02
1998-03-03,1998,3,41,31,56.7,-15.7,0
1998-03-04,1998,3,58,31,57,1,0.01
1998-03-05,1998,3,54,44,57.4,-3.4,0.26
1998-03-06,1998,3,58,45,57.7,0.299999999999997,0.07
1998-03-07,1998,3,59,51,58,1,0.43
1998-03-08,1998,3,73,49,58.4,14.6,0.36
1998-03-09,1998,3,49,29,58.7,-9.7,0.05
1998-03-10,1998,3,33,23,59,-26,0
1998-03-11,1998,3,33,19,59.3,-26.3,0.02
1998-03-12,1998,3,34,15,59.7,-25.7,0
1998-03-13,1998,3,50,19,60,-10,0
1998-03-14,1998,3,59,39,60.3,-1.3,0
1998-03-15,1998,3,47,34,60.7,-13.7,0.08
1998-03-16,1998,3,51,39,61,-10,0.07
1998-03-17,1998,3,63,49,61.3,1.7,0
1998-03-18,1998,3,64,53,61.7,2.3,0.16
1998-03-19,1998,3,69,54,62,7,0.56
1998-03-20,1998,3,55,36,62.3,-7.3,0.1
1998-03-21,1998,3,42,34,62.7,-20.7,0.02
1998-03-22,1998,3,56,35,63,-7,0
1998-03-23,1998,3,47,35,63.3,-16.3,0.03
1998-03-24,1998,3,59,34,63.7,-4.7,0
1998-03-25,1998,3,72,46,64,8,0
1998-03-26,1998,3,81,59,64.3,16.7,0
1998-03-27,1998,3,79,57,64.6,14.4,0
1998-03-28,1998,3,79,61,65,14,0
1998-03-29,1998,3,81,60,65.3,15.7,0
1998-03-30,1998,3,83,61,65.6,17.4,0
1998-03-31,1998,3,81,50,65.9,15.1,0.89
1998-04-01,1998,4,74,46,66.2,7.8,0
1998-04-02,1998,4,77,48,66.6,10.4,0
1998-04-03,1998,4,79,50,66.9,12.1,0.98
1998-04-04,1998,4,52,45,67.2,-15.2,0
1998-04-05,1998,4,63,38,67.5,-4.5,0
1998-04-06,1998,4,72,35,67.8,4.2,0
1998-04-07,1998,4,73,50,68.1,4.90000000000001,0
1998-04-08,1998,4,73,57,68.4,4.59999999999999,0.38
1998-04-09,1998,4,60,49,68.7,-8.7,0
1998-04-10,1998,4,61,45,69,-8,0
1998-04-11,1998,4,66,39,69.3,-3.3,0
1998-04-12,1998,4,74,38,69.6,4.40000000000001,0
1998-04-13,1998,4,73,53,69.9,3.09999999999999,0.04
1998-04-14,1998,4,78,56,70.2,7.8,0.38
1998-04-15,1998,4,79,54,70.5,8.5,0
1998-04-16,1998,4,76,55,70.8,5.2,1.5
1998-04-17,1998,4,59,47,71,-12,0
1998-04-18,1998,4,53,47,71.3,-18.3,1.23
1998-04-19,1998,4,60,42,71.6,-11.6,0.02
1998-04-20,1998,4,65,38,71.8,-6.8,0
1998-04-21,1998,4,62,40,72.1,-10.1,0.02
1998-04-22,1998,4,62,45,72.4,-10.4,0
1998-04-23,1998,4,68,49,72.6,-4.59999999999999,0.08
1998-04-24,1998,4,73,41,72.9,0.0999999999999943,0
1998-04-25,1998,4,75,47,73.1,1.90000000000001,0
1998-04-26,1998,4,74,55,73.4,0.599999999999994,0
1998-04-27,1998,4,69,53,73.6,-4.59999999999999,0.26
1998-04-28,1998,4,65,52,73.9,-8.90000000000001,0.06
1998-04-29,1998,4,65,58,74.1,-9.09999999999999,0.34
1998-04-30,1998,4,67,56,74.3,-7.3,1.02
1998-05-01,1998,5,65,51,74.6,-9.59999999999999,0.06
1998-05-02,1998,5,78,56,74.8,3.2,0.15
1998-05-03,1998,5,70,53,75,-5,0.11
1998-05-04,1998,5,70,50,75.3,-5.3,0
1998-05-05,1998,5,76,48,75.5,0.5,0
1998-05-06,1998,5,68,59,75.7,-7.7,0.72
1998-05-07,1998,5,82,63,76,6,0.68
1998-05-08,1998,5,70,61,76.2,-6.2,0
1998-05-09,1998,5,72,59,76.4,-4.40000000000001,0.25
1998-05-10,1998,5,75,61,76.7,-1.7,0.18
1998-05-11,1998,5,79,57,76.9,2.09999999999999,0
1998-05-12,1998,5,82,53,77.1,4.90000000000001,0
1998-05-13,1998,5,89,61,77.4,11.6,0
1998-05-14,1998,5,90,63,77.6,12.4,0
1998-05-15,1998,5,84,66,77.9,6.09999999999999,0
1998-05-16,1998,5,87,67,78.1,8.90000000000001,0
1998-05-17,1998,5,87,60,78.4,8.59999999999999,0
1998-05-18,1998,5,87,53,78.6,8.40000000000001,0
1998-05-19,1998,5,90,58,78.9,11.1,0
1998-05-20,1998,5,89,70,79.1,9.90000000000001,0
1998-05-21,1998,5,89,67,79.4,9.59999999999999,0.32
1998-05-22,1998,5,81,64,79.6,1.40000000000001,0.01
1998-05-23,1998,5,89,71,79.9,9.09999999999999,0
1998-05-24,1998,5,87,73,80.2,6.8,0
1998-05-25,1998,5,85,66,80.4,4.59999999999999,1.2
1998-05-26,1998,5,70,64,80.7,-10.7,0.36
1998-05-27,1998,5,82,65,81,1,0.11
1998-05-28,1998,5,89,66,81.3,7.7,0
1998-05-29,1998,5,80,67,81.6,-1.59999999999999,0.01
1998-05-30,1998,5,87,68,81.8,5.2,0
1998-05-31,1998,5,91,70,82.1,8.90000000000001,0.3
1998-06-01,1998,6,86,69,82.4,3.59999999999999,0
1998-06-02,1998,6,94,69,82.7,11.3,0.63
1998-06-03,1998,6,92,71,83,9,0
1998-06-04,1998,6,75,67,83.2,-8.2,3.41
1998-06-05,1998,6,83,58,83.5,-0.5,2.65
1998-06-06,1998,6,70,55,83.8,-13.8,0
1998-06-07,1998,6,75,49,84.1,-9.09999999999999,0
1998-06-08,1998,6,75,54,84.4,-9.40000000000001,0
1998-06-09,1998,6,85,63,84.6,0.400000000000006,1.31
1998-06-10,1998,6,83,69,84.9,-1.90000000000001,1.02
1998-06-11,1998,6,87,70,85.2,1.8,0
1998-06-12,1998,6,91,72,85.4,5.59999999999999,0.15
1998-06-13,1998,6,87,70,85.7,1.3,0.07
1998-06-14,1998,6,85,67,85.9,-0.900000000000006,0.52
1998-06-15,1998,6,85,67,86.1,-1.09999999999999,0
1998-06-16,1998,6,82,66,86.4,-4.40000000000001,0
1998-06-17,1998,6,89,62,86.6,2.40000000000001,0
1998-06-18,1998,6,92,71,86.8,5.2,0
1998-06-19,1998,6,84,69,87,-3,1.39
1998-06-20,1998,6,90,67,87.2,2.8,0
1998-06-21,1998,6,88,70,87.4,0.599999999999994,0.11
1998-06-22,1998,6,93,74,87.6,5.40000000000001,0
1998-06-23,1998,6,94,76,87.8,6.2,0
1998-06-24,1998,6,94,74,87.9,6.09999999999999,0
1998-06-25,1998,6,96,74,88.1,7.90000000000001,0
1998-06-26,1998,6,94,76,88.2,5.8,0
1998-06-27,1998,6,92,74,88.4,3.59999999999999,0
1998-06-28,1998,6,92,75,88.5,3.5,0
1998-06-29,1998,6,92,75,88.6,3.40000000000001,0
1998-06-30,1998,6,89,68,88.7,0.299999999999997,0.69
1998-07-01,1998,7,85,70,88.8,-3.8,0
1998-07-02,1998,7,88,67,88.9,-0.900000000000006,0
1998-07-03,1998,7,88,70,89,-1,0.12
1998-07-04,1998,7,90,72,89,1,0
1998-07-05,1998,7,89,72,89.1,-0.0999999999999943,0
1998-07-06,1998,7,89,70,89.1,-0.0999999999999943,0
1998-07-07,1998,7,95,73,89.2,5.8,0
1998-07-08,1998,7,89,77,89.2,-0.200000000000003,0.38
1998-07-09,1998,7,92,75,89.3,2.7,0
1998-07-10,1998,7,88,74,89.3,-1.3,0.02
1998-07-11,1998,7,84,73,89.3,-5.3,0
1998-07-12,1998,7,89,71,89.3,-0.299999999999997,0.13
1998-07-13,1998,7,79,68,89.4,-10.4,0.93
1998-07-14,1998,7,78,69,89.4,-11.4,0.3
1998-07-15,1998,7,80,72,89.4,-9.40000000000001,0.28
1998-07-16,1998,7,85,73,89.4,-4.40000000000001,0.09
1998-07-17,1998,7,90,72,89.4,0.599999999999994,0
1998-07-18,1998,7,91,70,89.4,1.59999999999999,0
1998-07-19,1998,7,95,73,89.4,5.59999999999999,0
1998-07-20,1998,7,93,76,89.4,3.59999999999999,0.04
1998-07-21,1998,7,92,73,89.4,2.59999999999999,0
1998-07-22,1998,7,92,74,89.4,2.59999999999999,0
1998-07-23,1998,7,88,74,89.4,-1.40000000000001,0.02
1998-07-24,1998,7,81,72,89.4,-8.40000000000001,0.82
1998-07-25,1998,7,85,72,89.4,-4.40000000000001,0.03
1998-07-26,1998,7,83,72,89.4,-6.40000000000001,0
1998-07-27,1998,7,82,73,89.4,-7.40000000000001,0.21
1998-07-28,1998,7,85,71,89.4,-4.40000000000001,0
1998-07-29,1998,7,84,72,89.4,-5.40000000000001,0
1998-07-30,1998,7,87,73,89.5,-2.5,0.77
1998-07-31,1998,7,84,70,89.5,-5.5,0.49
1998-08-01,1998,8,84,66,89.5,-5.5,0
1998-08-02,1998,8,85,68,89.5,-4.5,0.04
1998-08-03,1998,8,87,69,89.5,-2.5,0
1998-08-04,1998,8,87,69,89.5,-2.5,0
1998-08-05,1998,8,89,68,89.5,-0.5,0
1998-08-06,1998,8,91,71,89.5,1.5,0
1998-08-07,1998,8,90,73,89.5,0.5,0
1998-08-08,1998,8,88,70,89.5,-1.5,0.12
1998-08-09,1998,8,86,71,89.5,-3.5,0
1998-08-10,1998,8,89,69,89.5,-0.5,0.01
1998-08-11,1998,8,87,72,89.5,-2.5,0.03
1998-08-12,1998,8,88,70,89.5,-1.5,0.01
1998-08-13,1998,8,89,70,89.4,-0.400000000000006,0.08
1998-08-14,1998,8,87,72,89.4,-2.40000000000001,0
1998-08-15,1998,8,86,71,89.4,-3.40000000000001,0
1998-08-16,1998,8,82,71,89.3,-7.3,2.64
1998-08-17,1998,8,89,67,89.3,-0.299999999999997,0
1998-08-18,1998,8,90,71,89.2,0.799999999999997,0
1998-08-19,1998,8,90,70,89.1,0.900000000000006,0
1998-08-20,1998,8,90,63,89.1,0.900000000000006,0
1998-08-21,1998,8,90,70,89,1,0
1998-08-22,1998,8,91,68,88.9,2.09999999999999,0
1998-08-23,1998,8,91,69,88.7,2.3,0
1998-08-24,1998,8,91,67,88.6,2.40000000000001,0
1998-08-25,1998,8,94,67,88.5,5.5,0
1998-08-26,1998,8,92,71,88.3,3.7,0
1998-08-27,1998,8,91,67,88.2,2.8,0
1998-08-28,1998,8,94,63,88,6,0
1998-08-29,1998,8,92,75,87.8,4.2,0
1998-08-30,1998,8,92,69,87.6,4.40000000000001,0
1998-08-31,1998,8,93,65,87.4,5.59999999999999,0
1998-09-01,1998,9,91,68,87.1,3.90000000000001,0
1998-09-02,1998,9,90,69,86.9,3.09999999999999,0
1998-09-03,1998,9,90,66,86.6,3.40000000000001,0
1998-09-04,1998,9,95,61,86.4,8.59999999999999,0
1998-09-05,1998,9,98,66,86.1,11.9,0
1998-09-06,1998,9,99,66,85.8,13.2,0
1998-09-07,1998,9,94,69,85.5,8.5,0.02
1998-09-08,1998,9,82,62,85.2,-3.2,0.06
1998-09-09,1998,9,78,56,84.8,-6.8,0
1998-09-10,1998,9,84,48,84.5,-0.5,0
1998-09-11,1998,9,87,52,84.2,2.8,0
1998-09-12,1998,9,91,54,83.8,7.2,0
1998-09-13,1998,9,96,58,83.5,12.5,0
1998-09-14,1998,9,94,66,83.1,10.9,0
1998-09-15,1998,9,89,68,82.7,6.3,0
1998-09-16,1998,9,93,67,82.4,10.6,0
1998-09-17,1998,9,92,70,82,10,0
1998-09-18,1998,9,93,71,81.6,11.4,0.34
1998-09-19,1998,9,92,70,81.2,10.8,0
1998-09-20,1998,9,77,72,80.9,-3.90000000000001,0.79
1998-09-21,1998,9,87,70,80.5,6.5,0.18
1998-09-22,1998,9,87,70,80.1,6.90000000000001,0
1998-09-23,1998,9,80,61,79.7,0.299999999999997,0
1998-09-24,1998,9,87,50,79.3,7.7,0
1998-09-25,1998,9,89,65,78.9,10.1,0
1998-09-26,1998,9,90,61,78.6,11.4,0
1998-09-27,1998,9,93,71,78.2,14.8,0
1998-09-28,1998,9,92,71,77.8,14.2,0
1998-09-29,1998,9,91,69,77.4,13.6,0
1998-09-30,1998,9,90,67,77.1,12.9,0
1998-10-01,1998,10,80,58,76.7,3.3,0
1998-10-02,1998,10,82,52,76.4,5.59999999999999,0
1998-10-03,1998,10,79,65,76,3,0.9
1998-10-04,1998,10,86,66,75.7,10.3,0
1998-10-05,1998,10,87,69,75.3,11.7,0.01
1998-10-06,1998,10,84,71,75,9,0.01
1998-10-07,1998,10,73,57,74.6,-1.59999999999999,0.58
1998-10-08,1998,10,65,52,74.3,-9.3,0
1998-10-09,1998,10,68,52,74,-6,0
1998-10-10,1998,10,73,46,73.6,-0.599999999999994,0
1998-10-11,1998,10,78,46,73.3,4.7,0
1998-10-12,1998,10,78,49,73,5,0
1998-10-13,1998,10,75,48,72.7,2.3,0
1998-10-14,1998,10,73,44,72.3,0.700000000000003,0
1998-10-15,1998,10,81,45,72,9,0
1998-10-16,1998,10,82,53,71.7,10.3,0
1998-10-17,1998,10,82,56,71.4,10.6,0
1998-10-18,1998,10,79,60,71.1,7.90000000000001,0.07
1998-10-19,1998,10,63,51,70.7,-7.7,0.02
1998-10-20,1998,10,71,47,70.4,0.599999999999994,0
1998-10-21,1998,10,71,51,70.1,0.900000000000006,0
1998-10-22,1998,10,60,42,69.8,-9.8,0
1998-10-23,1998,10,65,36,69.4,-4.40000000000001,0
1998-10-24,1998,10,72,34,69.1,2.90000000000001,0
1998-10-25,1998,10,75,43,68.8,6.2,0
1998-10-26,1998,10,76,39,68.4,7.59999999999999,0
1998-10-27,1998,10,80,42,68.1,11.9,0
1998-10-28,1998,10,79,47,67.8,11.2,0
1998-10-29,1998,10,81,50,67.4,13.6,0
1998-10-30,1998,10,81,60,67,14,0
1998-10-31,1998,10,73,50,66.7,6.3,0
1998-11-01,1998,11,75,45,66.3,8.7,0
1998-11-02,1998,11,76,56,65.9,10.1,0.02
1998-11-03,1998,11,65,46,65.6,-0.599999999999994,0
1998-11-04,1998,11,49,44,65.2,-16.2,0
1998-11-05,1998,11,51,35,64.8,-13.8,0
1998-11-06,1998,11,50,32,64.4,-14.4,0
1998-11-07,1998,11,57,25,64,-7,0.02
1998-11-08,1998,11,50,44,63.6,-13.6,0.07
1998-11-09,1998,11,67,48,63.1,3.9,0
1998-11-10,1998,11,69,50,62.7,6.3,0.55
1998-11-11,1998,11,57,34,62.3,-5.3,0
1998-11-12,1998,11,56,29,61.9,-5.9,0
1998-11-13,1998,11,61,41,61.4,-0.399999999999999,0
1998-11-14,1998,11,62,51,61,1,0.07
1998-11-15,1998,11,64,41,60.6,3.4,0
1998-11-16,1998,11,73,36,60.1,12.9,0
1998-11-17,1998,11,58,41,59.7,-1.7,0
1998-11-18,1998,11,71,32,59.2,11.8,0
1998-11-19,1998,11,68,54,58.8,9.2,0
1998-11-20,1998,11,60,36,58.4,1.6,0.29
1998-11-21,1998,11,56,32,57.9,-1.9,0
1998-11-22,1998,11,63,27,57.5,5.5,0
1998-11-23,1998,11,73,48,57.1,15.9,0
1998-11-24,1998,11,68,42,56.6,11.4,0
1998-11-25,1998,11,69,39,56.2,12.8,0.19
1998-11-26,1998,11,65,39,55.8,9.2,0
1998-11-27,1998,11,72,35,55.4,16.6,0
1998-11-28,1998,11,73,36,54.9,18.1,0
1998-11-29,1998,11,74,47,54.5,19.5,0
1998-11-30,1998,11,70,49,54.1,15.9,0.09
1998-12-01,1998,12,63,40,53.8,9.2,0
1998-12-02,1998,12,72,36,53.4,18.6,0
1998-12-03,1998,12,75,51,53,22,0
1998-12-04,1998,12,77,50,52.6,24.4,0.13
1998-12-05,1998,12,70,59,52.3,17.7,0.72
1998-12-06,1998,12,76,56,51.9,24.1,0.15
1998-12-07,1998,12,67,51,51.6,15.4,1.1
1998-12-08,1998,12,51,42,51.3,-0.299999999999997,1.19
1998-12-09,1998,12,51,34,51,0,0
1998-12-10,1998,12,44,29,50.7,-6.7,0.06
1998-12-11,1998,12,49,41,50.4,-1.4,0.08
1998-12-12,1998,12,45,42,50.1,-5.1,1.94
1998-12-13,1998,12,48,41,49.8,-1.8,0.18
1998-12-14,1998,12,53,34,49.6,3.4,0
1998-12-15,1998,12,52,25,49.3,2.7,0
1998-12-16,1998,12,59,25,49.1,9.9,0
1998-12-17,1998,12,44,27,48.8,-4.8,0
1998-12-18,1998,12,52,25,48.6,3.4,0
1998-12-19,1998,12,53,42,48.4,4.6,0.15
1998-12-20,1998,12,61,48,48.2,12.8,0
1998-12-21,1998,12,69,35,48,21,0.1
1998-12-22,1998,12,35,20,47.9,-12.9,0.11
1998-12-23,1998,12,25,19,47.7,-22.7,0.37
1998-12-24,1998,12,29,22,47.6,-18.6,0
1998-12-25,1998,12,37,19,47.4,-10.4,0
1998-12-26,1998,12,41,24,47.3,-6.3,0
1998-12-27,1998,12,40,24,47.2,-7.2,0
1998-12-28,1998,12,44,39,47.1,-3.1,0.23
1998-12-29,1998,12,48,30,47,1,0.02
1998-12-30,1998,12,30,20,46.9,-16.9,0
1998-12-31,1998,12,41,21,46.8,-5.8,0
1999-01-01,1999,1,35,18,46.7,-11.7,0.07
1999-01-02,1999,1,49,26,46.6,2.4,0.81
1999-01-03,1999,1,26,19,46.6,-20.6,0
1999-01-04,1999,1,21,16,46.5,-25.5,0
1999-01-05,1999,1,28,13,46.5,-18.5,0
1999-01-06,1999,1,37,26,46.5,-9.5,0.02
1999-01-07,1999,1,38,30,46.4,-8.4,0.24
1999-01-08,1999,1,58,35,46.4,11.6,1.59
1999-01-09,1999,1,35,16,46.4,-11.4,0.11
1999-01-10,1999,1,37,15,46.4,-9.4,0
1999-01-11,1999,1,46,19,46.4,-0.399999999999999,0
1999-01-12,1999,1,60,45,46.4,13.6,0
1999-01-13,1999,1,59,42,46.5,12.5,0.18
1999-01-14,1999,1,42,28,46.5,-4.5,0.04
1999-01-15,1999,1,41,26,46.5,-5.5,0
1999-01-16,1999,1,61,34,46.6,14.4,0
1999-01-17,1999,1,63,35,46.6,16.4,0.29
1999-01-18,1999,1,56,34,46.7,9.3,0
1999-01-19,1999,1,62,27,46.8,15.2,0
1999-01-20,1999,1,68,51,46.8,21.2,0
1999-01-21,1999,1,73,55,46.9,26.1,0
1999-01-22,1999,1,71,58,47,24,2.77
1999-01-23,1999,1,63,44,47.1,15.9,0.72
1999-01-24,1999,1,48,35,47.3,0.700000000000003,0
1999-01-25,1999,1,56,36,47.4,8.6,0
1999-01-26,1999,1,67,31,47.5,19.5,0
1999-01-27,1999,1,70,51,47.6,22.4,0
1999-01-28,1999,1,67,49,47.8,19.2,0.66
1999-01-29,1999,1,49,42,48,1,0.26
1999-01-30,1999,1,54,45,48.1,5.9,1.12
1999-01-31,1999,1,54,42,48.3,5.7,0.4
1999-02-01,1999,2,47,42,48.5,-1.5,0
1999-02-02,1999,2,52,42,48.7,3.3,0
1999-02-03,1999,2,57,27,48.9,8.1,0
1999-02-04,1999,2,59,37,49.1,9.9,0
1999-02-05,1999,2,64,26,49.3,14.7,0
1999-02-06,1999,2,67,45,49.5,17.5,0.04
1999-02-07,1999,2,67,43,49.7,17.3,0.17
1999-02-08,1999,2,66,39,50,16,0
1999-02-09,1999,2,69,49,50.2,18.8,0
1999-02-10,1999,2,68,45,50.4,17.6,0
1999-02-11,1999,2,73,52,50.7,22.3,0.36
1999-02-12,1999,2,52,32,51,1,0.56
1999-02-13,1999,2,36,25,51.2,-15.2,0
1999-02-14,1999,2,47,20,51.5,-4.5,0
1999-02-15,1999,2,59,28,51.8,7.2,0
1999-02-16,1999,2,65,36,52.1,12.9,0.27
1999-02-17,1999,2,55,34,52.3,2.7,0.03
1999-02-18,1999,2,54,29,52.6,1.4,0
1999-02-19,1999,2,52,37,52.9,-0.899999999999999,0
1999-02-20,1999,2,51,31,53.2,-2.2,0
1999-02-21,1999,2,38,27,53.5,-15.5,0
1999-02-22,1999,2,41,22,53.8,-12.8,0
1999-02-23,1999,2,45,34,54.1,-9.1,0.08
1999-02-24,1999,2,41,32,54.5,-13.5,0
1999-02-25,1999,2,62,35,54.8,7.2,0
1999-02-26,1999,2,63,30,55.1,7.9,0
1999-02-27,1999,2,62,54,55.4,6.6,0.82
1999-02-28,1999,2,55,40,55.7,-0.700000000000003,0
1999-03-01,1999,3,55,35,56.1,-1.1,0
1999-03-02,1999,3,71,31,56.4,14.6,0.84
1999-03-03,1999,3,48,31,56.7,-8.7,0.17
1999-03-04,1999,3,49,24,57,-8,0
1999-03-05,1999,3,59,34,57.4,1.6,0.11
1999-03-06,1999,3,58,33,57.7,0.299999999999997,0.41
1999-03-07,1999,3,46,31,58,-12,0
1999-03-08,1999,3,49,31,58.4,-9.4,0.2
1999-03-09,1999,3,51,39,58.7,-7.7,0.05
1999-03-10,1999,3,40,35,59,-19,0
1999-03-11,1999,3,47,30,59.3,-12.3,0
1999-03-12,1999,3,51,26,59.7,-8.7,0
1999-03-13,1999,3,43,33,60,-17,0.79
1999-03-14,1999,3,42,33,60.3,-18.3,0.8
1999-03-15,1999,3,51,29,60.7,-9.7,0
1999-03-16,1999,3,66,28,61,5,0
1999-03-17,1999,3,73,43,61.3,11.7,0
1999-03-18,1999,3,63,46,61.7,1.3,0
1999-03-19,1999,3,59,37,62,-3,0
1999-03-20,1999,3,57,39,62.3,-5.3,0.02
1999-03-21,1999,3,61,43,62.7,-1.7,0.03
1999-03-22,1999,3,61,30,63,-2,0
1999-03-23,1999,3,65,44,63.3,1.7,0.21
1999-03-24,1999,3,51,39,63.7,-12.7,0
1999-03-25,1999,3,56,37,64,-8,0
1999-03-26,1999,3,52,33,64.3,-12.3,0
1999-03-27,1999,3,59,33,64.6,-5.59999999999999,0
1999-03-28,1999,3,61,31,65,-4,0.06
1999-03-29,1999,3,62,44,65.3,-3.3,0.12
1999-03-30,1999,3,69,38,65.6,3.40000000000001,0
1999-03-31,1999,3,59,51,65.9,-6.90000000000001,0.46
1999-04-01,1999,4,65,49,66.2,-1.2,0.02
1999-04-02,1999,4,80,48,66.6,13.4,0
1999-04-03,1999,4,85,62,66.9,18.1,0
1999-04-04,1999,4,76,58,67.2,8.8,0.27
1999-04-05,1999,4,83,53,67.5,15.5,0.19
1999-04-06,1999,4,81,57,67.8,13.2,0.26
1999-04-07,1999,4,81,48,68.1,12.9,0
1999-04-08,1999,4,80,63,68.4,11.6,0
1999-04-09,1999,4,85,59,68.7,16.3,0
1999-04-10,1999,4,85,52,69,16,0
1999-04-11,1999,4,79,55,69.3,9.7,0
1999-04-12,1999,4,65,46,69.6,-4.59999999999999,0
1999-04-13,1999,4,66,42,69.9,-3.90000000000001,0
1999-04-14,1999,4,59,51,70.2,-11.2,0.67
1999-04-15,1999,4,66,47,70.5,-4.5,0.34
1999-04-16,1999,4,59,43,70.8,-11.8,0
1999-04-17,1999,4,52,41,71,-19,0
1999-04-18,1999,4,60,41,71.3,-11.3,0
1999-04-19,1999,4,74,42,71.6,2.40000000000001,0.01
1999-04-20,1999,4,76,51,71.8,4.2,0
1999-04-21,1999,4,83,54,72.1,10.9,0
1999-04-22,1999,4,78,62,72.4,5.59999999999999,0
1999-04-23,1999,4,83,58,72.6,10.4,0.01
1999-04-24,1999,4,69,54,72.9,-3.90000000000001,0
1999-04-25,1999,4,69,51,73.1,-4.09999999999999,0.15
1999-04-26,1999,4,72,57,73.4,-1.40000000000001,0.15
1999-04-27,1999,4,77,61,73.6,3.40000000000001,0.12
1999-04-28,1999,4,80,56,73.9,6.09999999999999,0
1999-04-29,1999,4,62,49,74.1,-12.1,0.1
1999-04-30,1999,4,71,45,74.3,-3.3,0
1999-05-01,1999,5,75,44,74.6,0.400000000000006,0
1999-05-02,1999,5,79,46,74.8,4.2,0
1999-05-03,1999,5,80,49,75,5,0
1999-05-04,1999,5,82,56,75.3,6.7,0.48
1999-05-05,1999,5,76,62,75.5,0.5,2.17
1999-05-06,1999,5,79,55,75.7,3.3,0.07
1999-05-07,1999,5,76,51,76,0,0
1999-05-08,1999,5,78,54,76.2,1.8,0
1999-05-09,1999,5,78,51,76.4,1.59999999999999,0.33
1999-05-10,1999,5,83,54,76.7,6.3,0
1999-05-11,1999,5,83,59,76.9,6.09999999999999,0
1999-05-12,1999,5,82,60,77.1,4.90000000000001,0.05
1999-05-13,1999,5,70,60,77.4,-7.40000000000001,0.56
1999-05-14,1999,5,70,56,77.6,-7.59999999999999,0
1999-05-15,1999,5,80,52,77.9,2.09999999999999,0
1999-05-16,1999,5,82,61,78.1,3.90000000000001,0
1999-05-17,1999,5,84,61,78.4,5.59999999999999,0
1999-05-18,1999,5,74,60,78.6,-4.59999999999999,0.46
1999-05-19,1999,5,77,56,78.9,-1.90000000000001,0
1999-05-20,1999,5,79,52,79.1,-0.0999999999999943,0
1999-05-21,1999,5,84,57,79.4,4.59999999999999,0
1999-05-22,1999,5,83,64,79.6,3.40000000000001,0
1999-05-23,1999,5,85,58,79.9,5.09999999999999,0
1999-05-24,1999,5,75,58,80.2,-5.2,0
1999-05-25,1999,5,75,60,80.4,-5.40000000000001,0.04
1999-05-26,1999,5,77,58,80.7,-3.7,0
1999-05-27,1999,5,78,51,81,-3,0
1999-05-28,1999,5,79,51,81.3,-2.3,0
1999-05-29,1999,5,86,53,81.6,4.40000000000001,0
1999-05-30,1999,5,83,64,81.8,1.2,0.01
1999-05-31,1999,5,78,67,82.1,-4.09999999999999,0.18
1999-06-01,1999,6,80,66,82.4,-2.40000000000001,0.69
1999-06-02,1999,6,86,71,82.7,3.3,0
1999-06-03,1999,6,89,69,83,6,0
1999-06-04,1999,6,88,67,83.2,4.8,0.31
1999-06-05,1999,6,89,66,83.5,5.5,0.22
1999-06-06,1999,6,89,70,83.8,5.2,0
1999-06-07,1999,6,88,66,84.1,3.90000000000001,0
1999-06-08,1999,6,90,67,84.4,5.59999999999999,0
1999-06-09,1999,6,92,70,84.6,7.40000000000001,0
1999-06-10,1999,6,93,68,84.9,8.09999999999999,0.05
1999-06-11,1999,6,89,70,85.2,3.8,0.05
1999-06-12,1999,6,89,70,85.4,3.59999999999999,0
1999-06-13,1999,6,89,67,85.7,3.3,0.04
1999-06-14,1999,6,80,70,85.9,-5.90000000000001,0.2
1999-06-15,1999,6,82,65,86.1,-4.09999999999999,0
1999-06-16,1999,6,80,64,86.4,-6.40000000000001,0
1999-06-17,1999,6,78,60,86.6,-8.59999999999999,0
1999-06-18,1999,6,80,57,86.8,-6.8,0
1999-06-19,1999,6,83,58,87,-4,0
1999-06-20,1999,6,85,64,87.2,-2.2,0
1999-06-21,1999,6,89,61,87.4,1.59999999999999,0
1999-06-22,1999,6,89,64,87.6,1.40000000000001,0
1999-06-23,1999,6,83,69,87.8,-4.8,0.36
1999-06-24,1999,6,82,71,87.9,-5.90000000000001,0.33
1999-06-25,1999,6,88,71,88.1,-0.0999999999999943,0
1999-06-26,1999,6,83,74,88.2,-5.2,0.03
1999-06-27,1999,6,88,73,88.4,-0.400000000000006,0.39
1999-06-28,1999,6,82,71,88.5,-6.5,0.89
1999-06-29,1999,6,86,69,88.6,-2.59999999999999,0
1999-06-30,1999,6,87,65,88.7,-1.7,0
1999-07-01,1999,7,88,74,88.8,-0.799999999999997,0.57
1999-07-02,1999,7,87,73,88.9,-1.90000000000001,0.2
1999-07-03,1999,7,91,72,89,2,0
1999-07-04,1999,7,92,72,89,3,0
1999-07-05,1999,7,92,73,89.1,2.90000000000001,0
1999-07-06,1999,7,93,74,89.1,3.90000000000001,0
1999-07-07,1999,7,93,73,89.2,3.8,0
1999-07-08,1999,7,94,71,89.2,4.8,0.13
1999-07-09,1999,7,89,72,89.3,-0.299999999999997,0
1999-07-10,1999,7,88,71,89.3,-1.3,0.28
1999-07-11,1999,7,75,67,89.3,-14.3,1.15
1999-07-12,1999,7,83,69,89.3,-6.3,0
1999-07-13,1999,7,85,69,89.4,-4.40000000000001,0
1999-07-14,1999,7,85,70,89.4,-4.40000000000001,0
1999-07-15,1999,7,86,67,89.4,-3.40000000000001,0
1999-07-16,1999,7,88,68,89.4,-1.40000000000001,0
1999-07-17,1999,7,89,71,89.4,-0.400000000000006,0
1999-07-18,1999,7,89,74,89.4,-0.400000000000006,0
1999-07-19,1999,7,92,71,89.4,2.59999999999999,0
1999-07-20,1999,7,93,75,89.4,3.59999999999999,0.01
1999-07-21,1999,7,94,76,89.4,4.59999999999999,0
1999-07-22,1999,7,95,75,89.4,5.59999999999999,0
1999-07-23,1999,7,95,78,89.4,5.59999999999999,0
1999-07-24,1999,7,92,74,89.4,2.59999999999999,0.79
1999-07-25,1999,7,94,73,89.4,4.59999999999999,0
1999-07-26,1999,7,96,73,89.4,6.59999999999999,0
1999-07-27,1999,7,97,72,89.4,7.59999999999999,0
1999-07-28,1999,7,96,74,89.4,6.59999999999999,0.06
1999-07-29,1999,7,100,75,89.4,10.6,0
1999-07-30,1999,7,101,76,89.5,11.5,0
1999-07-31,1999,7,99,77,89.5,9.5,0
1999-08-01,1999,8,97,77,89.5,7.5,0.02
1999-08-02,1999,8,93,74,89.5,3.5,0
1999-08-03,1999,8,90,70,89.5,0.5,0
1999-08-04,1999,8,93,65,89.5,3.5,0
1999-08-05,1999,8,91,70,89.5,1.5,0
1999-08-06,1999,8,93,65,89.5,3.5,0
1999-08-07,1999,8,97,66,89.5,7.5,0
1999-08-08,1999,8,89,75,89.5,-0.5,0.01
1999-08-09,1999,8,90,72,89.5,0.5,0
1999-08-10,1999,8,95,65,89.5,5.5,0
1999-08-11,1999,8,94,70,89.5,4.5,0.23
1999-08-12,1999,8,99,73,89.5,9.5,1.76
1999-08-13,1999,8,97,72,89.4,7.59999999999999,0
1999-08-14,1999,8,77,64,89.4,-12.4,0
1999-08-15,1999,8,82,60,89.4,-7.40000000000001,0
1999-08-16,1999,8,92,65,89.3,2.7,0
1999-08-17,1999,8,97,67,89.3,7.7,0
1999-08-18,1999,8,93,75,89.2,3.8,0
1999-08-19,1999,8,99,67,89.1,9.90000000000001,0
1999-08-20,1999,8,85,69,89.1,-4.09999999999999,0
1999-08-21,1999,8,88,65,89,-1,0
1999-08-22,1999,8,90,60,88.9,1.09999999999999,0
1999-08-23,1999,8,90,65,88.7,1.3,0
1999-08-24,1999,8,91,71,88.6,2.40000000000001,1.03
1999-08-25,1999,8,88,68,88.5,-0.5,0
1999-08-26,1999,8,87,64,88.3,-1.3,0
1999-08-27,1999,8,89,66,88.2,0.799999999999997,0
1999-08-28,1999,8,91,68,88,3,0
1999-08-29,1999,8,93,70,87.8,5.2,0
1999-08-30,1999,8,84,63,87.6,-3.59999999999999,0
1999-08-31,1999,8,90,57,87.4,2.59999999999999,0
1999-09-01,1999,9,93,64,87.1,5.90000000000001,0
1999-09-02,1999,9,94,64,86.9,7.09999999999999,0
1999-09-03,1999,9,96,62,86.6,9.40000000000001,0
1999-09-04,1999,9,96,70,86.4,9.59999999999999,0
1999-09-05,1999,9,99,65,86.1,12.9,0
1999-09-06,1999,9,92,66,85.8,6.2,0
1999-09-07,1999,9,93,67,85.5,7.5,0
1999-09-08,1999,9,97,61,85.2,11.8,0
1999-09-09,1999,9,87,62,84.8,2.2,0.04
1999-09-10,1999,9,88,53,84.5,3.5,0
1999-09-11,1999,9,89,58,84.2,4.8,0
1999-09-12,1999,9,91,69,83.8,7.2,0
1999-09-13,1999,9,79,65,83.5,-4.5,0.17
1999-09-14,1999,9,82,55,83.1,-1.09999999999999,0
1999-09-15,1999,9,84,54,82.7,1.3,0
1999-09-16,1999,9,79,58,82.4,-3.40000000000001,0
1999-09-17,1999,9,80,49,82,-2,0
1999-09-18,1999,9,83,47,81.6,1.40000000000001,0
1999-09-19,1999,9,88,59,81.2,6.8,0.01
1999-09-20,1999,9,82,62,80.9,1.09999999999999,0.86
1999-09-21,1999,9,69,55,80.5,-11.5,0.32
1999-09-22,1999,9,73,48,80.1,-7.09999999999999,0
1999-09-23,1999,9,78,44,79.7,-1.7,0
1999-09-24,1999,9,83,53,79.3,3.7,0
1999-09-25,1999,9,85,50,78.9,6.09999999999999,0
1999-09-26,1999,9,86,54,78.6,7.40000000000001,0
1999-09-27,1999,9,82,65,78.2,3.8,0
1999-09-28,1999,9,89,68,77.8,11.2,0
1999-09-29,1999,9,77,53,77.4,-0.400000000000006,0.57
1999-09-30,1999,9,70,45,77.1,-7.09999999999999,0
1999-10-01,1999,10,75,43,76.7,-1.7,0
1999-10-02,1999,10,79,47,76.4,2.59999999999999,0
1999-10-03,1999,10,83,52,76,7,0
1999-10-04,1999,10,71,51,75.7,-4.7,0
1999-10-05,1999,10,65,46,75.3,-10.3,0
1999-10-06,1999,10,74,39,75,-1,0
1999-10-07,1999,10,81,43,74.6,6.40000000000001,0
1999-10-08,1999,10,84,61,74.3,9.7,0.6
1999-10-09,1999,10,70,64,74,-4,1.34
1999-10-10,1999,10,77,62,73.6,3.40000000000001,0.03
1999-10-11,1999,10,79,54,73.3,5.7,0
1999-10-12,1999,10,82,56,73,9,0
1999-10-13,1999,10,80,63,72.7,7.3,0
1999-10-14,1999,10,67,48,72.3,-5.3,0
1999-10-15,1999,10,79,44,72,7,0
1999-10-16,1999,10,80,54,71.7,8.3,0
1999-10-17,1999,10,64,51,71.4,-7.40000000000001,0
1999-10-18,1999,10,62,44,71.1,-9.09999999999999,0
1999-10-19,1999,10,56,42,70.7,-14.7,0.07
1999-10-20,1999,10,65,38,70.4,-5.40000000000001,0
1999-10-21,1999,10,67,36,70.1,-3.09999999999999,0
1999-10-22,1999,10,71,48,69.8,1.2,0
1999-10-23,1999,10,54,42,69.4,-15.4,0
1999-10-24,1999,10,58,34,69.1,-11.1,0
1999-10-25,1999,10,63,30,68.8,-5.8,0
1999-10-26,1999,10,73,36,68.4,4.59999999999999,0
1999-10-27,1999,10,76,42,68.1,7.90000000000001,0
1999-10-28,1999,10,80,44,67.8,12.2,0
1999-10-29,1999,10,78,48,67.4,10.6,0
1999-10-30,1999,10,78,48,67,11,0
1999-10-31,1999,10,82,51,66.7,15.3,0
1999-11-01,1999,11,75,53,66.3,8.7,0.7
1999-11-02,1999,11,60,39,65.9,-5.90000000000001,1.03
1999-11-03,1999,11,56,33,65.6,-9.59999999999999,0
1999-11-04,1999,11,65,29,65.2,-0.200000000000003,0
1999-11-05,1999,11,72,40,64.8,7.2,0
1999-11-06,1999,11,76,45,64.4,11.6,0
1999-11-07,1999,11,78,47,64,14,0
1999-11-08,1999,11,79,52,63.6,15.4,0
1999-11-09,1999,11,76,50,63.1,12.9,0
1999-11-10,1999,11,76,53,62.7,13.3,0
1999-11-11,1999,11,66,49,62.3,3.7,0
1999-11-12,1999,11,64,44,61.9,2.1,0
1999-11-13,1999,11,76,42,61.4,14.6,0
1999-11-14,1999,11,77,51,61,16,0
1999-11-15,1999,11,58,40,60.6,-2.6,0
1999-11-16,1999,11,58,35,60.1,-2.1,0
1999-11-17,1999,11,57,30,59.7,-2.7,0
1999-11-18,1999,11,66,33,59.2,6.8,0
1999-11-19,1999,11,71,45,58.8,12.2,0.03
1999-11-20,1999,11,63,51,58.4,4.6,0.09
1999-11-21,1999,11,68,49,57.9,10.1,0
1999-11-22,1999,11,70,52,57.5,12.5,0
1999-11-23,1999,11,72,47,57.1,14.9,0
1999-11-24,1999,11,63,46,56.6,6.4,0.25
1999-11-25,1999,11,48,45,56.2,-8.2,0.81
1999-11-26,1999,11,53,36,55.8,-2.8,0.08
1999-11-27,1999,11,65,32,55.4,9.6,0
1999-11-28,1999,11,62,39,54.9,7.1,0
1999-11-29,1999,11,54,36,54.5,-0.5,0
1999-11-30,1999,11,45,28,54.1,-9.1,0
1999-12-01,1999,12,52,23,53.8,-1.8,0
1999-12-02,1999,12,62,27,53.4,8.6,0
1999-12-03,1999,12,60,47,53,7,0.03
1999-12-04,1999,12,70,55,52.6,17.4,0
1999-12-05,1999,12,61,49,52.3,8.7,0.27
1999-12-06,1999,12,49,28,51.9,-2.9,0.05
1999-12-07,1999,12,51,25,51.6,-0.600000000000001,0
1999-12-08,1999,12,61,31,51.3,9.7,0
1999-12-09,1999,12,66,47,51,15,0.14
1999-12-10,1999,12,59,37,50.7,8.3,0.23
1999-12-11,1999,12,55,31,50.4,4.6,0
1999-12-12,1999,12,60,43,50.1,9.9,1.32
1999-12-13,1999,12,52,45,49.8,2.2,0.42
1999-12-14,1999,12,54,39,49.6,4.4,0
1999-12-15,1999,12,50,40,49.3,0.700000000000003,0
1999-12-16,1999,12,51,29,49.1,1.9,0
1999-12-17,1999,12,58,38,48.8,9.2,0
1999-12-18,1999,12,58,38,48.6,9.4,0
1999-12-19,1999,12,58,45,48.4,9.6,0
1999-12-20,1999,12,57,33,48.2,8.8,0.04
1999-12-21,1999,12,34,26,48,-14,0
1999-12-22,1999,12,42,20,47.9,-5.9,0
1999-12-23,1999,12,45,22,47.7,-2.7,0
1999-12-24,1999,12,41,23,47.6,-6.6,0
1999-12-25,1999,12,37,18,47.4,-10.4,0
1999-12-26,1999,12,52,26,47.3,4.7,0
1999-12-27,1999,12,47,24,47.2,-0.200000000000003,0
1999-12-28,1999,12,44,25,47.1,-3.1,0
1999-12-29,1999,12,51,36,47,4,0
1999-12-30,1999,12,64,32,46.9,17.1,0
1999-12-31,1999,12,63,40,46.8,16.2,0
2000-01-01,2000,1,62,42,46.7,15.3,0
2000-01-02,2000,1,68,53,46.6,21.4,0
2000-01-03,2000,1,72,61,46.6,25.4,1.69
2000-01-04,2000,1,63,31,46.5,16.5,0
2000-01-05,2000,1,38,27,46.5,-8.5,0
2000-01-06,2000,1,52,24,46.5,5.5,0
2000-01-07,2000,1,53,26,46.4,6.6,0
2000-01-08,2000,1,48,28,46.4,1.6,0.01
2000-01-09,2000,1,62,43,46.4,15.6,0.9
2000-01-10,2000,1,62,50,46.4,15.6,0
2000-01-11,2000,1,62,38,46.4,15.6,0
2000-01-12,2000,1,63,30,46.4,16.6,0
2000-01-13,2000,1,63,30,46.5,16.5,0.19
2000-01-14,2000,1,40,24,46.5,-6.5,0
2000-01-15,2000,1,58,24,46.5,11.5,0
2000-01-16,2000,1,56,43,46.6,9.4,0.04
2000-01-17,2000,1,52,34,46.6,5.4,0.03
2000-01-18,2000,1,52,34,46.7,5.3,0.12
2000-01-19,2000,1,47,32,46.8,0.200000000000003,0.05
2000-01-20,2000,1,44,20,46.8,-2.8,0
2000-01-21,2000,1,33,16,46.9,-13.9,0
2000-01-22,2000,1,34,27,47,-13,0.15
2000-01-23,2000,1,36,32,47.1,-11.1,0
2000-01-24,2000,1,33,18,47.3,-14.3,0
2000-01-25,2000,1,27,13,47.4,-20.4,0
2000-01-26,2000,1,31,16,47.5,-16.5,0
2000-01-27,2000,1,31,14,47.6,-16.6,0
2000-01-28,2000,1,38,22,47.8,-9.8,0
2000-01-29,2000,1,38,32,48,-10,0.32
2000-01-30,2000,1,35,27,48.1,-13.1,0.02
2000-01-31,2000,1,38,26,48.3,-10.3,0
2000-02-01,2000,2,35,21,48.5,-13.5,0
2000-02-02,2000,2,42,20,48.7,-6.7,0
2000-02-03,2000,2,56,22,48.9,7.1,0
2000-02-04,2000,2,40,31,49.1,-9.1,0
2000-02-05,2000,2,40,24,49.3,-9.3,0
2000-02-06,2000,2,47,17,49.5,-2.5,0
2000-02-07,2000,2,61,28,49.7,11.3,0
2000-02-08,2000,2,57,32,50,7,0
2000-02-09,2000,2,63,26,50.2,12.8,0
2000-02-10,2000,2,70,43,50.4,19.6,0
2000-02-11,2000,2,62,38,50.7,11.3,0.3
2000-02-12,2000,2,42,36,51,-9,0.25
2000-02-13,2000,2,62,41,51.2,10.8,1.33
2000-02-14,2000,2,55,36,51.5,3.5,0.02
2000-02-15,2000,2,63,29,51.8,11.2,0
2000-02-16,2000,2,61,38,52.1,8.9,0
2000-02-17,2000,2,49,34,52.3,-3.3,0.66
2000-02-18,2000,2,73,48,52.6,20.4,0.41
2000-02-19,2000,2,48,36,52.9,-4.9,0
2000-02-20,2000,2,49,32,53.2,-4.2,0
2000-02-21,2000,2,59,27,53.5,5.5,0
2000-02-22,2000,2,68,47,53.8,14.2,0.01
2000-02-23,2000,2,69,51,54.1,14.9,0
2000-02-24,2000,2,73,53,54.5,18.5,0.15
2000-02-25,2000,2,76,51,54.8,21.2,0
2000-02-26,2000,2,76,54,55.1,20.9,0.38
2000-02-27,2000,2,58,42,55.4,2.6,0.24
2000-02-28,2000,2,62,32,55.7,6.3,0
2000-02-29,2000,2,72,33,55.9,16.1,0
2000-03-01,2000,3,69,47,56.1,12.9,0
2000-03-02,2000,3,58,41,56.4,1.6,0
2000-03-03,2000,3,60,43,56.7,3.3,0.01
2000-03-04,2000,3,59,41,57,2,0
2000-03-05,2000,3,65,31,57.4,7.6,0
2000-03-06,2000,3,73,32,57.7,15.3,0
2000-03-07,2000,3,80,41,58,22,0
2000-03-08,2000,3,80,49,58.4,21.6,0
2000-03-09,2000,3,81,55,58.7,22.3,0
2000-03-10,2000,3,63,47,59,4,0.15
2000-03-11,2000,3,56,32,59.3,-3.3,0.33
2000-03-12,2000,3,50,29,59.7,-9.7,0
2000-03-13,2000,3,58,33,60,-2,0
2000-03-14,2000,3,67,34,60.3,6.7,0
2000-03-15,2000,3,72,44,60.7,11.3,0
2000-03-16,2000,3,68,42,61,7,0.29
2000-03-17,2000,3,54,39,61.3,-7.3,0
2000-03-18,2000,3,63,36,61.7,1.3,0
2000-03-19,2000,3,52,47,62,-10,1.96
2000-03-20,2000,3,52,47,62.3,-10.3,0.16
2000-03-21,2000,3,61,41,62.7,-1.7,0
2000-03-22,2000,3,68,41,63,5,0
2000-03-23,2000,3,74,43,63.3,10.7,0
2000-03-24,2000,3,77,47,63.7,13.3,0
2000-03-25,2000,3,78,57,64,14,0
2000-03-26,2000,3,72,43,64.3,7.7,0
2000-03-27,2000,3,63,44,64.6,-1.59999999999999,0.27
2000-03-28,2000,3,57,40,65,-8,0
2000-03-29,2000,3,48,34,65.3,-17.3,0.04
2000-03-30,2000,3,61,44,65.6,-4.59999999999999,0.13
2000-03-31,2000,3,68,43,65.9,2.09999999999999,0
2000-04-01,2000,4,77,42,66.2,10.8,0.1
2000-04-02,2000,4,71,59,66.6,4.40000000000001,0.11
2000-04-03,2000,4,62,49,66.9,-4.90000000000001,1.18
2000-04-04,2000,4,53,36,67.2,-14.2,0
2000-04-05,2000,4,66,29,67.5,-1.5,0
2000-04-06,2000,4,77,54,67.8,9.2,0
2000-04-07,2000,4,74,60,68.1,5.90000000000001,0.49
2000-04-08,2000,4,64,37,68.4,-4.40000000000001,0.05
2000-04-09,2000,4,64,28,68.7,-4.7,0
2000-04-10,2000,4,68,36,69,-1,0
2000-04-11,2000,4,60,50,69.3,-9.3,0.64
2000-04-12,2000,4,56,44,69.6,-13.6,0
2000-04-13,2000,4,55,45,69.9,-14.9,0.17
2000-04-14,2000,4,67,52,70.2,-3.2,0.06
2000-04-15,2000,4,64,53,70.5,-6.5,0
2000-04-16,2000,4,76,48,70.8,5.2,0
2000-04-17,2000,4,66,51,71,-5,0.33
2000-04-18,2000,4,62,47,71.3,-9.3,0
2000-04-19,2000,4,80,41,71.6,8.40000000000001,0
2000-04-20,2000,4,78,58,71.8,6.2,0.01
2000-04-21,2000,4,59,48,72.1,-13.1,0
2000-04-22,2000,4,68,44,72.4,-4.40000000000001,0
2000-04-23,2000,4,68,46,72.6,-4.59999999999999,0
2000-04-24,2000,4,58,52,72.9,-14.9,2.39
2000-04-25,2000,4,69,51,73.1,-4.09999999999999,0.01
2000-04-26,2000,4,71,46,73.4,-2.40000000000001,0
2000-04-27,2000,4,73,40,73.6,-0.599999999999994,0.62
2000-04-28,2000,4,71,46,73.9,-2.90000000000001,0.01
2000-04-29,2000,4,70,41,74.1,-4.09999999999999,0.06
2000-04-30,2000,4,76,43,74.3,1.7,0
2000-05-01,2000,5,79,46,74.6,4.40000000000001,0.01
2000-05-02,2000,5,79,61,74.8,4.2,0
2000-05-03,2000,5,81,61,75,6,0.38
2000-05-04,2000,5,77,59,75.3,1.7,0.1
2000-05-05,2000,5,82,64,75.5,6.5,0.05
2000-05-06,2000,5,84,60,75.7,8.3,0
2000-05-07,2000,5,84,61,76,8,0
2000-05-08,2000,5,84,65,76.2,7.8,0
2000-05-09,2000,5,83,64,76.4,6.59999999999999,0.4
2000-05-10,2000,5,72,56,76.7,-4.7,0.01
2000-05-11,2000,5,86,50,76.9,9.09999999999999,0
2000-05-12,2000,5,84,73,77.1,6.90000000000001,0
2000-05-13,2000,5,77,59,77.4,-0.400000000000006,0.18
2000-05-14,2000,5,69,52,77.6,-8.59999999999999,0
2000-05-15,2000,5,71,47,77.9,-6.90000000000001,0
2000-05-16,2000,5,81,53,78.1,2.90000000000001,0
2000-05-17,2000,5,85,61,78.4,6.59999999999999,0.02
2000-05-18,2000,5,88,71,78.6,9.40000000000001,0
2000-05-19,2000,5,84,66,78.9,5.09999999999999,0
2000-05-20,2000,5,69,59,79.1,-10.1,0.27
2000-05-21,2000,5,72,57,79.4,-7.40000000000001,0
2000-05-22,2000,5,81,53,79.6,1.40000000000001,0
2000-05-23,2000,5,82,65,79.9,2.09999999999999,0.68
2000-05-24,2000,5,83,69,80.2,2.8,3.28
2000-05-25,2000,5,77,64,80.4,-3.40000000000001,1.12
2000-05-26,2000,5,76,60,80.7,-4.7,1.04
2000-05-27,2000,5,87,66,81,6,0.12
2000-05-28,2000,5,78,62,81.3,-3.3,0
2000-05-29,2000,5,73,58,81.6,-8.59999999999999,0
2000-05-30,2000,5,81,54,81.8,-0.799999999999997,0
2000-05-31,2000,5,85,62,82.1,2.90000000000001,0
2000-06-01,2000,6,88,64,82.4,5.59999999999999,0
2000-06-02,2000,6,88,66,82.7,5.3,0
2000-06-03,2000,6,82,68,83,-1,0
2000-06-04,2000,6,80,62,83.2,-3.2,0
2000-06-05,2000,6,80,59,83.5,-3.5,0.01
2000-06-06,2000,6,73,57,83.8,-10.8,0
2000-06-07,2000,6,78,52,84.1,-6.09999999999999,0
2000-06-08,2000,6,85,54,84.4,0.599999999999994,0
2000-06-09,2000,6,89,62,84.6,4.40000000000001,0
2000-06-10,2000,6,91,67,84.9,6.09999999999999,0
2000-06-11,2000,6,90,69,85.2,4.8,0
2000-06-12,2000,6,92,69,85.4,6.59999999999999,0
2000-06-13,2000,6,93,69,85.7,7.3,0
2000-06-14,2000,6,90,72,85.9,4.09999999999999,0.01
2000-06-15,2000,6,86,72,86.1,-0.0999999999999943,0.36
2000-06-16,2000,6,88,71,86.4,1.59999999999999,0
2000-06-17,2000,6,85,69,86.6,-1.59999999999999,0.08
2000-06-18,2000,6,81,68,86.8,-5.8,0.17
2000-06-19,2000,6,85,72,87,-2,0.01
2000-06-20,2000,6,88,72,87.2,0.799999999999997,0.07
2000-06-21,2000,6,89,73,87.4,1.59999999999999,0
2000-06-22,2000,6,89,70,87.6,1.40000000000001,0
2000-06-23,2000,6,92,64,87.8,4.2,0
2000-06-24,2000,6,93,66,87.9,5.09999999999999,0
2000-06-25,2000,6,92,75,88.1,3.90000000000001,0
2000-06-26,2000,6,91,73,88.2,2.8,0
2000-06-27,2000,6,84,68,88.4,-4.40000000000001,1.01
2000-06-28,2000,6,78,68,88.5,-10.5,0.02
2000-06-29,2000,6,83,65,88.6,-5.59999999999999,0
2000-06-30,2000,6,82,59,88.7,-6.7,0
2000-07-01,2000,7,87,64,88.8,-1.8,0
2000-07-02,2000,7,90,65,88.9,1.09999999999999,0
2000-07-03,2000,7,92,69,89,3,0
2000-07-04,2000,7,92,73,89,3,0
2000-07-05,2000,7,89,75,89.1,-0.0999999999999943,0
2000-07-06,2000,7,95,75,89.1,5.90000000000001,0
2000-07-07,2000,7,92,73,89.2,2.8,0
2000-07-08,2000,7,91,68,89.2,1.8,0
2000-07-09,2000,7,95,72,89.3,5.7,0
2000-07-10,2000,7,98,70,89.3,8.7,0
2000-07-11,2000,7,96,78,89.3,6.7,0
2000-07-12,2000,7,97,74,89.3,7.7,0.01
2000-07-13,2000,7,93,71,89.4,3.59999999999999,0.05
2000-07-14,2000,7,94,74,89.4,4.59999999999999,0
2000-07-15,2000,7,93,74,89.4,3.59999999999999,0
2000-07-16,2000,7,91,68,89.4,1.59999999999999,0
2000-07-17,2000,7,90,63,89.4,0.599999999999994,0
2000-07-18,2000,7,91,74,89.4,1.59999999999999,0.02
2000-07-19,2000,7,93,72,89.4,3.59999999999999,0.11
2000-07-20,2000,7,88,68,89.4,-1.40000000000001,0.17
2000-07-21,2000,7,84,67,89.4,-5.40000000000001,0
2000-07-22,2000,7,87,68,89.4,-2.40000000000001,0
2000-07-23,2000,7,83,69,89.4,-6.40000000000001,0
2000-07-24,2000,7,88,64,89.4,-1.40000000000001,0
2000-07-25,2000,7,90,60,89.4,0.599999999999994,0
2000-07-26,2000,7,90,64,89.4,0.599999999999994,0
2000-07-27,2000,7,95,68,89.4,5.59999999999999,0.01
2000-07-28,2000,7,93,69,89.4,3.59999999999999,0.71
2000-07-29,2000,7,91,71,89.4,1.59999999999999,0.92
2000-07-30,2000,7,85,68,89.5,-4.5,0.25
2000-07-31,2000,7,89,69,89.5,-0.5,0
2000-08-01,2000,8,88,68,89.5,-1.5,0
2000-08-02,2000,8,90,69,89.5,0.5,0
2000-08-03,2000,8,88,69,89.5,-1.5,0.04
2000-08-04,2000,8,88,69,89.5,-1.5,0.31
2000-08-05,2000,8,89,71,89.5,-0.5,0.02
2000-08-06,2000,8,95,76,89.5,5.5,0
2000-08-07,2000,8,95,76,89.5,5.5,0
2000-08-08,2000,8,93,74,89.5,3.5,0
2000-08-09,2000,8,97,74,89.5,7.5,0
2000-08-10,2000,8,96,76,89.5,6.5,0.34
2000-08-11,2000,8,87,70,89.5,-2.5,0
2000-08-12,2000,8,85,66,89.5,-4.5,0
2000-08-13,2000,8,85,60,89.4,-4.40000000000001,0
2000-08-14,2000,8,89,63,89.4,-0.400000000000006,0
2000-08-15,2000,8,96,64,89.4,6.59999999999999,0
2000-08-16,2000,8,99,70,89.3,9.7,0
2000-08-17,2000,8,100,73,89.3,10.7,0
2000-08-18,2000,8,87,71,89.2,-2.2,0.01
2000-08-19,2000,8,84,65,89.1,-5.09999999999999,0
2000-08-20,2000,8,83,66,89.1,-6.09999999999999,0.01
2000-08-21,2000,8,91,64,89,2,0
2000-08-22,2000,8,91,67,88.9,2.09999999999999,0
2000-08-23,2000,8,95,71,88.7,6.3,0
2000-08-24,2000,8,86,70,88.6,-2.59999999999999,0.44
2000-08-25,2000,8,90,67,88.5,1.5,0
2000-08-26,2000,8,80,64,88.3,-8.3,0.07
2000-08-27,2000,8,84,68,88.2,-4.2,0.71
2000-08-28,2000,8,87,70,88,-1,0
2000-08-29,2000,8,97,73,87.8,9.2,0
2000-08-30,2000,8,93,73,87.6,5.40000000000001,0
2000-08-31,2000,8,90,71,87.4,2.59999999999999,0
2000-09-01,2000,9,90,70,87.1,2.90000000000001,0
2000-09-02,2000,9,92,71,86.9,5.09999999999999,0.01
2000-09-03,2000,9,90,70,86.6,3.40000000000001,0
2000-09-04,2000,9,90,71,86.4,3.59999999999999,0.03
2000-09-05,2000,9,77,68,86.1,-9.09999999999999,0
2000-09-06,2000,9,86,64,85.8,0.200000000000003,0
2000-09-07,2000,9,79,67,85.5,-6.5,0.02
2000-09-08,2000,9,82,69,85.2,-3.2,0
2000-09-09,2000,9,83,71,84.8,-1.8,0.03
2000-09-10,2000,9,89,71,84.5,4.5,0.09
2000-09-11,2000,9,88,71,84.2,3.8,0.01
2000-09-12,2000,9,83,70,83.8,-0.799999999999997,0.49
2000-09-13,2000,9,85,69,83.5,1.5,0
2000-09-14,2000,9,88,63,83.1,4.90000000000001,0
2000-09-15,2000,9,76,57,82.7,-6.7,0
2000-09-16,2000,9,71,51,82.4,-11.4,0
2000-09-17,2000,9,78,47,82,-4,0
2000-09-18,2000,9,85,50,81.6,3.40000000000001,0
2000-09-19,2000,9,89,53,81.2,7.8,0
2000-09-20,2000,9,88,63,80.9,7.09999999999999,0.01
2000-09-21,2000,9,79,59,80.5,-1.5,0
2000-09-22,2000,9,84,62,80.1,3.90000000000001,0
2000-09-23,2000,9,82,68,79.7,2.3,0.27
2000-09-24,2000,9,74,67,79.3,-5.3,0.59
2000-09-25,2000,9,72,48,78.9,-6.90000000000001,0.35
2000-09-26,2000,9,65,47,78.6,-13.6,0
2000-09-27,2000,9,72,42,78.2,-6.2,0
2000-09-28,2000,9,77,47,77.8,-0.799999999999997,0
2000-09-29,2000,9,77,53,77.4,-0.400000000000006,0
2000-09-30,2000,9,77,51,77.1,-0.0999999999999943,0
2000-10-01,2000,10,79,56,76.7,2.3,0
2000-10-02,2000,10,85,60,76.4,8.59999999999999,0
2000-10-03,2000,10,87,62,76,11,0
2000-10-04,2000,10,86,61,75.7,10.3,0
2000-10-05,2000,10,87,62,75.3,11.7,0
2000-10-06,2000,10,72,48,75,-3,0.2
2000-10-07,2000,10,49,39,74.6,-25.6,0
2000-10-08,2000,10,52,35,74.3,-22.3,0
2000-10-09,2000,10,55,32,74,-19,0
2000-10-10,2000,10,64,30,73.6,-9.59999999999999,0
2000-10-11,2000,10,70,32,73.3,-3.3,0
2000-10-12,2000,10,77,36,73,4,0
2000-10-13,2000,10,81,38,72.7,8.3,0
2000-10-14,2000,10,80,46,72.3,7.7,0
2000-10-15,2000,10,82,47,72,10,0
2000-10-16,2000,10,81,54,71.7,9.3,0
2000-10-17,2000,10,76,62,71.4,4.59999999999999,0
2000-10-18,2000,10,73,55,71.1,1.90000000000001,0
2000-10-19,2000,10,75,44,70.7,4.3,0
2000-10-20,2000,10,81,50,70.4,10.6,0
2000-10-21,2000,10,73,61,70.1,2.90000000000001,0
2000-10-22,2000,10,81,60,69.8,11.2,0
2000-10-23,2000,10,85,61,69.4,15.6,0
2000-10-24,2000,10,85,54,69.1,15.9,0
2000-10-25,2000,10,83,55,68.8,14.2,0
2000-10-26,2000,10,83,58,68.4,14.6,0
2000-10-27,2000,10,82,59,68.1,13.9,0
2000-10-28,2000,10,80,57,67.8,12.2,0
2000-10-29,2000,10,75,50,67.4,7.59999999999999,0
2000-10-30,2000,10,75,55,67,8,0.02
2000-10-31,2000,10,80,61,66.7,13.3,0.04
2000-11-01,2000,11,84,57,66.3,17.7,0
2000-11-02,2000,11,82,58,65.9,16.1,0
2000-11-03,2000,11,77,60,65.6,11.4,0
2000-11-04,2000,11,63,49,65.2,-2.2,0.04
2000-11-05,2000,11,67,41,64.8,2.2,0
2000-11-06,2000,11,63,52,64.4,-1.40000000000001,0.4
2000-11-07,2000,11,77,58,64,13,0.01
2000-11-08,2000,11,68,57,63.6,4.4,3.29
2000-11-09,2000,11,72,42,63.1,8.9,1.35
2000-11-10,2000,11,42,39,62.7,-20.7,0
2000-11-11,2000,11,56,38,62.3,-6.3,0
2000-11-12,2000,11,62,32,61.9,0.100000000000001,0
2000-11-13,2000,11,55,39,61.4,-6.4,0.08
2000-11-14,2000,11,47,32,61,-14,0
2000-11-15,2000,11,48,27,60.6,-12.6,0
2000-11-16,2000,11,48,38,60.1,-12.1,0.2
2000-11-17,2000,11,45,26,59.7,-14.7,0
2000-11-18,2000,11,34,23,59.2,-25.2,0
2000-11-19,2000,11,51,31,58.8,-7.8,0
2000-11-20,2000,11,45,30,58.4,-13.4,0
2000-11-21,2000,11,36,22,57.9,-21.9,0
2000-11-22,2000,11,54,19,57.5,-3.5,0
2000-11-23,2000,11,59,32,57.1,1.9,0
2000-11-24,2000,11,53,44,56.6,-3.6,0.86
2000-11-25,2000,11,55,46,56.2,-1.2,0.07
2000-11-26,2000,11,56,37,55.8,0.200000000000003,0
2000-11-27,2000,11,56,36,55.4,0.600000000000001,0
2000-11-28,2000,11,61,33,54.9,6.1,0.09
2000-11-29,2000,11,55,38,54.5,0.5,0
2000-11-30,2000,11,46,29,54.1,-8.1,0
2000-12-01,2000,12,44,24,53.8,-9.8,0
2000-12-02,2000,12,41,30,53.4,-12.4,0.02
2000-12-03,2000,12,31,29,53,-22,0.01
2000-12-04,2000,12,38,29,52.6,-14.6,0
2000-12-05,2000,12,43,25,52.3,-9.3,0
2000-12-06,2000,12,33,24,51.9,-18.9,0
2000-12-07,2000,12,49,25,51.6,-2.6,0
2000-12-08,2000,12,51,30,51.3,-0.299999999999997,0
2000-12-09,2000,12,48,25,51,-3,0
2000-12-10,2000,12,54,38,50.7,3.3,0
2000-12-11,2000,12,59,30,50.4,8.6,0.1
2000-12-12,2000,12,30,17,50.1,-20.1,0
2000-12-13,2000,12,45,22,49.8,-4.8,1.04
2000-12-14,2000,12,43,32,49.6,-6.6,0
2000-12-15,2000,12,50,32,49.3,0.700000000000003,0.63
2000-12-16,2000,12,58,33,49.1,8.9,1.61
2000-12-17,2000,12,33,12,48.8,-15.8,0.02
2000-12-18,2000,12,36,13,48.6,-12.6,0
2000-12-19,2000,12,28,15,48.4,-20.4,0
2000-12-20,2000,12,31,11,48.2,-17.2,0
2000-12-21,2000,12,35,18,48,-13,0.01
2000-12-22,2000,12,26,12,47.9,-21.9,0
2000-12-23,2000,12,41,12,47.7,-6.7,0
2000-12-24,2000,12,38,15,47.6,-9.6,0
2000-12-25,2000,12,30,12,47.4,-17.4,0
2000-12-26,2000,12,35,27,47.3,-12.3,0
2000-12-27,2000,12,41,30,47.2,-6.2,0
2000-12-28,2000,12,35,25,47.1,-12.1,0
2000-12-29,2000,12,29,18,47,-18,0
2000-12-30,2000,12,23,18,46.9,-23.9,0
2000-12-31,2000,12,25,22,46.8,-21.8,0
2001-01-01,2001,1,27,16,46.7,-19.7,0.05
2001-01-02,2001,1,29,13,46.6,-17.6,0
2001-01-03,2001,1,35,8,46.6,-11.6,0
2001-01-04,2001,1,41,18,46.5,-5.5,0
2001-01-05,2001,1,50,31,46.5,3.5,0
2001-01-06,2001,1,50,22,46.5,3.5,0
2001-01-07,2001,1,55,31,46.4,8.6,0
2001-01-08,2001,1,37,27,46.4,-9.4,0
2001-01-09,2001,1,35,21,46.4,-11.4,0
2001-01-10,2001,1,45,16,46.4,-1.4,0
2001-01-11,2001,1,46,23,46.4,-0.399999999999999,0.27
2001-01-12,2001,1,39,34,46.4,-7.4,0.04
2001-01-13,2001,1,53,35,46.5,6.5,0
2001-01-14,2001,1,50,37,46.5,3.5,0
2001-01-15,2001,1,52,38,46.5,5.5,0
2001-01-16,2001,1,41,30,46.6,-5.6,0
2001-01-17,2001,1,42,32,46.6,-4.6,0.11
2001-01-18,2001,1,41,37,46.7,-5.7,1.06
2001-01-19,2001,1,40,32,46.8,-6.8,0.96
2001-01-20,2001,1,32,23,46.8,-14.8,0.01
2001-01-21,2001,1,37,17,46.9,-9.9,0
2001-01-22,2001,1,45,20,47,-2,0
2001-01-23,2001,1,49,20,47.1,1.9,0
2001-01-24,2001,1,49,27,47.3,1.7,0
2001-01-25,2001,1,38,22,47.4,-9.4,0
2001-01-26,2001,1,42,18,47.5,-5.5,0
2001-01-27,2001,1,42,25,47.6,-5.6,0
2001-01-28,2001,1,49,22,47.8,1.2,0
2001-01-29,2001,1,63,36,48,15,0.71
2001-01-30,2001,1,64,46,48.1,15.9,0
2001-01-31,2001,1,55,41,48.3,6.7,0
2001-02-01,2001,2,50,32,48.5,1.5,0
2001-02-02,2001,2,39,20,48.7,-9.7,0
2001-02-03,2001,2,48,16,48.9,-0.899999999999999,0
2001-02-04,2001,2,50,28,49.1,0.899999999999999,0
2001-02-05,2001,2,47,27,49.3,-2.3,0
2001-02-06,2001,2,65,25,49.5,15.5,0
2001-02-07,2001,2,70,43,49.7,20.3,0
2001-02-08,2001,2,73,46,50,23,0
2001-02-09,2001,2,71,38,50.2,20.8,0.98
2001-02-10,2001,2,38,30,50.4,-12.4,0
2001-02-11,2001,2,43,26,50.7,-7.7,0.07
2001-02-12,2001,2,49,39,51,-2,0
2001-02-13,2001,2,54,46,51.2,2.8,0.27
2001-02-14,2001,2,65,54,51.5,13.5,1.96
2001-02-15,2001,2,60,56,51.8,8.2,1.22
2001-02-16,2001,2,58,34,52.1,5.9,2.21
2001-02-17,2001,2,37,25,52.3,-15.3,0
2001-02-18,2001,2,39,22,52.6,-13.6,0
2001-02-19,2001,2,61,27,52.9,8.1,0
2001-02-20,2001,2,66,38,53.2,12.8,0
2001-02-21,2001,2,56,37,53.5,2.5,0.23
2001-02-22,2001,2,39,33,53.8,-14.8,0.17
2001-02-23,2001,2,50,33,54.1,-4.1,0
2001-02-24,2001,2,67,43,54.5,12.5,0.12
2001-02-25,2001,2,70,48,54.8,15.2,1.31
2001-02-26,2001,2,57,37,55.1,1.9,0
2001-02-27,2001,2,51,35,55.4,-4.4,0
2001-02-28,2001,2,51,38,55.7,-4.7,0
2001-03-01,2001,3,57,32,56.1,0.899999999999999,0
2001-03-02,2001,3,55,44,56.4,-1.4,0
2001-03-03,2001,3,54,41,56.7,-2.7,0.11
2001-03-04,2001,3,48,37,57,-9,0.48
2001-03-05,2001,3,44,32,57.4,-13.4,0
2001-03-06,2001,3,46,28,57.7,-11.7,0
2001-03-07,2001,3,52,31,58,-6,0
2001-03-08,2001,3,60,29,58.4,1.6,0
2001-03-09,2001,3,48,29,58.7,-10.7,0
2001-03-10,2001,3,57,26,59,-2,0
2001-03-11,2001,3,67,32,59.3,7.7,0
2001-03-12,2001,3,60,46,59.7,0.299999999999997,0.14
2001-03-13,2001,3,65,47,60,5,0.08
2001-03-14,2001,3,62,38,60.3,1.7,0
2001-03-15,2001,3,62,48,60.7,1.3,0.69
2001-03-16,2001,3,53,42,61,-8,0
2001-03-17,2001,3,42,37,61.3,-19.3,0
2001-03-18,2001,3,54,35,61.7,-7.7,0
2001-03-19,2001,3,61,33,62,-1,0
2001-03-20,2001,3,45,40,62.3,-17.3,1.1
2001-03-21,2001,3,58,39,62.7,-4.7,0.02
2001-03-22,2001,3,62,41,63,-1,0
2001-03-23,2001,3,66,32,63.3,2.7,0
2001-03-24,2001,3,56,36,63.7,-7.7,0
2001-03-25,2001,3,48,30,64,-16,0
2001-03-26,2001,3,44,26,64.3,-20.3,0
2001-03-27,2001,3,49,25,64.6,-15.6,0
2001-03-28,2001,3,57,26,65,-8,0
2001-03-29,2001,3,56,45,65.3,-9.3,0
2001-03-30,2001,3,51,41,65.6,-14.6,0.11
2001-03-31,2001,3,55,47,65.9,-10.9,0
2001-04-01,2001,4,56,38,66.2,-10.2,0.07
2001-04-02,2001,4,69,43,66.6,2.40000000000001,0.02
2001-04-03,2001,4,67,54,66.9,0.0999999999999943,0.01
2001-04-04,2001,4,72,57,67.2,4.8,0
2001-04-05,2001,4,68,57,67.5,0.5,0
2001-04-06,2001,4,83,58,67.8,15.2,0
2001-04-07,2001,4,83,69,68.1,14.9,0
2001-04-08,2001,4,83,65,68.4,14.6,0
2001-04-09,2001,4,85,64,68.7,16.3,0
2001-04-10,2001,4,88,65,69,19,0
2001-04-11,2001,4,86,67,69.3,16.7,0
2001-04-12,2001,4,80,59,69.6,10.4,0.87
2001-04-13,2001,4,73,58,69.9,3.09999999999999,0.48
2001-04-14,2001,4,73,51,70.2,2.8,0
2001-04-15,2001,4,75,54,70.5,4.5,0.64
2001-04-16,2001,4,64,49,70.8,-6.8,0
2001-04-17,2001,4,49,36,71,-22,0
2001-04-18,2001,4,59,35,71.3,-12.3,0
2001-04-19,2001,4,69,34,71.6,-2.59999999999999,0
2001-04-20,2001,4,71,55,71.8,-0.799999999999997,0
2001-04-21,2001,4,78,63,72.1,5.90000000000001,0
2001-04-22,2001,4,82,58,72.4,9.59999999999999,0
2001-04-23,2001,4,80,59,72.6,7.40000000000001,0.32
2001-04-24,2001,4,65,50,72.9,-7.90000000000001,0.01
2001-04-25,2001,4,65,46,73.1,-8.09999999999999,0
2001-04-26,2001,4,72,41,73.4,-1.40000000000001,0
2001-04-27,2001,4,83,45,73.6,9.40000000000001,0
2001-04-28,2001,4,83,56,73.9,9.09999999999999,0
2001-04-29,2001,4,82,52,74.1,7.90000000000001,0
2001-04-30,2001,4,80,58,74.3,5.7,0
2001-05-01,2001,5,80,59,74.6,5.40000000000001,0.01
2001-05-02,2001,5,83,56,74.8,8.2,0
2001-05-03,2001,5,84,55,75,9,0
2001-05-04,2001,5,85,54,75.3,9.7,0
2001-05-05,2001,5,85,58,75.5,9.5,0
2001-05-06,2001,5,85,62,75.7,9.3,0
2001-05-07,2001,5,81,62,76,5,0.4
2001-05-08,2001,5,73,60,76.2,-3.2,0.05
2001-05-09,2001,5,74,58,76.4,-2.40000000000001,0.46
2001-05-10,2001,5,79,57,76.7,2.3,0
2001-05-11,2001,5,79,61,76.9,2.09999999999999,0.08
2001-05-12,2001,5,77,60,77.1,-0.0999999999999943,0
2001-05-13,2001,5,74,51,77.4,-3.40000000000001,0
2001-05-14,2001,5,79,50,77.6,1.40000000000001,0
2001-05-15,2001,5,87,62,77.9,9.09999999999999,0
2001-05-16,2001,5,87,67,78.1,8.90000000000001,0
2001-05-17,2001,5,88,65,78.4,9.59999999999999,0
2001-05-18,2001,5,88,68,78.6,9.40000000000001,0
2001-05-19,2001,5,77,67,78.9,-1.90000000000001,0.01
2001-05-20,2001,5,83,63,79.1,3.90000000000001,0.59
2001-05-21,2001,5,80,61,79.4,0.599999999999994,1.07
2001-05-22,2001,5,70,51,79.6,-9.59999999999999,1.18
2001-05-23,2001,5,71,50,79.9,-8.90000000000001,0.03
2001-05-24,2001,5,69,56,80.2,-11.2,0.23
2001-05-25,2001,5,70,51,80.4,-10.4,0
2001-05-26,2001,5,76,51,80.7,-4.7,0
2001-05-27,2001,5,82,58,81,1,0.02
2001-05-28,2001,5,70,59,81.3,-11.3,0.44
2001-05-29,2001,5,79,58,81.6,-2.59999999999999,0
2001-05-30,2001,5,78,61,81.8,-3.8,0
2001-05-31,2001,5,79,63,82.1,-3.09999999999999,0.97
2001-06-01,2001,6,69,54,82.4,-13.4,0.07
2001-06-02,2001,6,79,53,82.7,-3.7,0.09
2001-06-03,2001,6,67,55,83,-16,0.21
2001-06-04,2001,6,88,60,83.2,4.8,0.02
2001-06-05,2001,6,85,64,83.5,1.5,0
2001-06-06,2001,6,85,67,83.8,1.2,0.15
2001-06-07,2001,6,76,67,84.1,-8.09999999999999,0.3
2001-06-08,2001,6,83,67,84.4,-1.40000000000001,0
2001-06-09,2001,6,82,64,84.6,-2.59999999999999,0
2001-06-10,2001,6,83,58,84.9,-1.90000000000001,0
2001-06-11,2001,6,85,60,85.2,-0.200000000000003,0
2001-06-12,2001,6,89,63,85.4,3.59999999999999,0
2001-06-13,2001,6,91,67,85.7,5.3,0
2001-06-14,2001,6,90,70,85.9,4.09999999999999,0
2001-06-15,2001,6,88,65,86.1,1.90000000000001,0.77
2001-06-16,2001,6,86,66,86.4,-0.400000000000006,0
2001-06-17,2001,6,90,62,86.6,3.40000000000001,0
2001-06-18,2001,6,91,66,86.8,4.2,0
2001-06-19,2001,6,90,68,87,3,0
2001-06-20,2001,6,88,68,87.2,0.799999999999997,0
2001-06-21,2001,6,89,67,87.4,1.59999999999999,0.22
2001-06-22,2001,6,75,61,87.6,-12.6,0.04
2001-06-23,2001,6,81,58,87.8,-6.8,0
2001-06-24,2001,6,83,61,87.9,-4.90000000000001,0
2001-06-25,2001,6,85,63,88.1,-3.09999999999999,0
2001-06-26,2001,6,83,60,88.2,-5.2,0.73
2001-06-27,2001,6,83,61,88.4,-5.40000000000001,1.08
2001-06-28,2001,6,82,64,88.5,-6.5,0
2001-06-29,2001,6,81,66,88.6,-7.59999999999999,0.66
2001-06-30,2001,6,84,67,88.7,-4.7,0.13
2001-07-01,2001,7,87,65,88.8,-1.8,0
2001-07-02,2001,7,87,70,88.9,-1.90000000000001,0
2001-07-03,2001,7,91,70,89,2,0
2001-07-04,2001,7,89,69,89,0,0.48
2001-07-05,2001,7,82,67,89.1,-7.09999999999999,0.36
2001-07-06,2001,7,86,67,89.1,-3.09999999999999,0
2001-07-07,2001,7,91,62,89.2,1.8,0
2001-07-08,2001,7,95,77,89.2,5.8,0
2001-07-09,2001,7,92,75,89.3,2.7,0
2001-07-10,2001,7,93,73,89.3,3.7,0
2001-07-11,2001,7,91,73,89.3,1.7,0
2001-07-12,2001,7,87,68,89.3,-2.3,0
2001-07-13,2001,7,86,67,89.4,-3.40000000000001,0
2001-07-14,2001,7,85,64,89.4,-4.40000000000001,0
2001-07-15,2001,7,87,62,89.4,-2.40000000000001,0
2001-07-16,2001,7,88,66,89.4,-1.40000000000001,0
2001-07-17,2001,7,89,70,89.4,-0.400000000000006,0
2001-07-18,2001,7,88,73,89.4,-1.40000000000001,0.03
2001-07-19,2001,7,89,70,89.4,-0.400000000000006,0
2001-07-20,2001,7,86,74,89.4,-3.40000000000001,0.03
2001-07-21,2001,7,86,73,89.4,-3.40000000000001,0
2001-07-22,2001,7,91,70,89.4,1.59999999999999,0
2001-07-23,2001,7,93,72,89.4,3.59999999999999,0
2001-07-24,2001,7,92,74,89.4,2.59999999999999,0
2001-07-25,2001,7,89,73,89.4,-0.400000000000006,1.37
2001-07-26,2001,7,87,73,89.4,-2.40000000000001,0.42
2001-07-27,2001,7,89,74,89.4,-0.400000000000006,0
2001-07-28,2001,7,88,75,89.4,-1.40000000000001,0.08
2001-07-29,2001,7,87,77,89.4,-2.40000000000001,0
2001-07-30,2001,7,92,73,89.5,2.5,0
2001-07-31,2001,7,94,73,89.5,4.5,0
2001-08-01,2001,8,92,73,89.5,2.5,0
2001-08-02,2001,8,92,73,89.5,2.5,0
2001-08-03,2001,8,87,73,89.5,-2.5,0.55
2001-08-04,2001,8,89,72,89.5,-0.5,0.01
2001-08-05,2001,8,90,73,89.5,0.5,0
2001-08-06,2001,8,91,72,89.5,1.5,0
2001-08-07,2001,8,89,75,89.5,-0.5,0
2001-08-08,2001,8,90,75,89.5,0.5,0.48
2001-08-09,2001,8,83,74,89.5,-6.5,0.24
2001-08-10,2001,8,84,73,89.5,-5.5,0
2001-08-11,2001,8,88,73,89.5,-1.5,0.37
2001-08-12,2001,8,86,73,89.5,-3.5,1.3
2001-08-13,2001,8,88,69,89.4,-1.40000000000001,0.29
2001-08-14,2001,8,87,67,89.4,-2.40000000000001,0
2001-08-15,2001,8,88,65,89.4,-1.40000000000001,0
2001-08-16,2001,8,88,67,89.3,-1.3,0.32
2001-08-17,2001,8,86,68,89.3,-3.3,0
2001-08-18,2001,8,85,69,89.2,-4.2,0
2001-08-19,2001,8,85,70,89.1,-4.09999999999999,0.11
2001-08-20,2001,8,83,62,89.1,-6.09999999999999,0
2001-08-21,2001,8,86,60,89,-3,0
2001-08-22,2001,8,92,67,88.9,3.09999999999999,0
2001-08-23,2001,8,93,75,88.7,4.3,0
2001-08-24,2001,8,87,71,88.6,-1.59999999999999,0
2001-08-25,2001,8,91,70,88.5,2.5,0
2001-08-26,2001,8,90,70,88.3,1.7,0.02
2001-08-27,2001,8,84,70,88.2,-4.2,0.05
2001-08-28,2001,8,86,71,88,-2,0
2001-08-29,2001,8,88,70,87.8,0.200000000000003,0
2001-08-30,2001,8,82,69,87.6,-5.59999999999999,0.02
2001-08-31,2001,8,77,69,87.4,-10.4,0.31
2001-09-01,2001,9,80,69,87.1,-7.09999999999999,0.04
2001-09-02,2001,9,79,69,86.9,-7.90000000000001,0.03
2001-09-03,2001,9,78,71,86.6,-8.59999999999999,0.02
2001-09-04,2001,9,87,68,86.4,0.599999999999994,0
2001-09-05,2001,9,91,68,86.1,4.90000000000001,0
2001-09-06,2001,9,92,71,85.8,6.2,0
2001-09-07,2001,9,88,72,85.5,2.5,0
2001-09-08,2001,9,88,73,85.2,2.8,0
2001-09-09,2001,9,87,69,84.8,2.2,0.1
2001-09-10,2001,9,81,62,84.5,-3.5,0
2001-09-11,2001,9,85,58,84.2,0.799999999999997,0
2001-09-12,2001,9,90,57,83.8,6.2,0
2001-09-13,2001,9,88,66,83.5,4.5,0
2001-09-14,2001,9,78,59,83.1,-5.09999999999999,0
2001-09-15,2001,9,78,54,82.7,-4.7,0
2001-09-16,2001,9,81,57,82.4,-1.40000000000001,0
2001-09-17,2001,9,82,62,82,0,0
2001-09-18,2001,9,85,59,81.6,3.40000000000001,0
2001-09-19,2001,9,79,66,81.2,-2.2,0.95
2001-09-20,2001,9,79,60,80.9,-1.90000000000001,0
2001-09-21,2001,9,84,55,80.5,3.5,0
2001-09-22,2001,9,84,62,80.1,3.90000000000001,0
2001-09-23,2001,9,87,57,79.7,7.3,0.53
2001-09-24,2001,9,64,51,79.3,-15.3,0.12
2001-09-25,2001,9,64,44,78.9,-14.9,0
2001-09-26,2001,9,69,38,78.6,-9.59999999999999,0
2001-09-27,2001,9,77,42,78.2,-1.2,0
2001-09-28,2001,9,71,50,77.8,-6.8,0
2001-09-29,2001,9,73,49,77.4,-4.40000000000001,0
2001-09-30,2001,9,74,46,77.1,-3.09999999999999,0
2001-10-01,2001,10,80,45,76.7,3.3,0
2001-10-02,2001,10,81,48,76.4,4.59999999999999,0
2001-10-03,2001,10,82,52,76,6,0
2001-10-04,2001,10,80,55,75.7,4.3,0
2001-10-05,2001,10,81,50,75.3,5.7,1.49
2001-10-06,2001,10,62,45,75,-13,0
2001-10-07,2001,10,66,37,74.6,-8.59999999999999,0
2001-10-08,2001,10,72,38,74.3,-2.3,0
2001-10-09,2001,10,72,47,74,-2,0
2001-10-10,2001,10,78,52,73.6,4.40000000000001,0
2001-10-11,2001,10,70,63,73.3,-3.3,0.48
2001-10-12,2001,10,72,65,73,-1,0.36
2001-10-13,2001,10,77,63,72.7,4.3,1.18
2001-10-14,2001,10,71,53,72.3,-1.3,0.35
2001-10-15,2001,10,71,44,72,-1,0
2001-10-16,2001,10,65,42,71.7,-6.7,0.04
2001-10-17,2001,10,58,35,71.4,-13.4,0
2001-10-18,2001,10,68,35,71.1,-3.09999999999999,0
2001-10-19,2001,10,68,45,70.7,-2.7,0
2001-10-20,2001,10,74,44,70.4,3.59999999999999,0
2001-10-21,2001,10,78,46,70.1,7.90000000000001,0
2001-10-22,2001,10,80,52,69.8,10.2,0
2001-10-23,2001,10,82,63,69.4,12.6,0
2001-10-24,2001,10,80,52,69.1,10.9,0.71
2001-10-25,2001,10,67,48,68.8,-1.8,0
2001-10-26,2001,10,59,40,68.4,-9.40000000000001,0
2001-10-27,2001,10,51,34,68.1,-17.1,0
2001-10-28,2001,10,55,29,67.8,-12.8,0
2001-10-29,2001,10,65,31,67.4,-2.40000000000001,0
2001-10-30,2001,10,67,35,67,0,0
2001-10-31,2001,10,73,36,66.7,6.3,0
2001-11-01,2001,11,74,49,66.3,7.7,0
2001-11-02,2001,11,79,54,65.9,13.1,0
2001-11-03,2001,11,72,50,65.6,6.40000000000001,0
2001-11-04,2001,11,72,43,65.2,6.8,0
2001-11-05,2001,11,66,42,64.8,1.2,0
2001-11-06,2001,11,67,33,64.4,2.59999999999999,0
2001-11-07,2001,11,72,33,64,8,0
2001-11-08,2001,11,73,36,63.6,9.4,0
2001-11-09,2001,11,62,39,63.1,-1.1,0
2001-11-10,2001,11,66,30,62.7,3.3,0
2001-11-11,2001,11,65,41,62.3,2.7,0
2001-11-12,2001,11,64,37,61.9,2.1,0
2001-11-13,2001,11,68,38,61.4,6.6,0
2001-11-14,2001,11,69,41,61,8,0
2001-11-15,2001,11,69,37,60.6,8.4,0
2001-11-16,2001,11,71,35,60.1,10.9,0
2001-11-17,2001,11,73,42,59.7,13.3,0
2001-11-18,2001,11,74,42,59.2,14.8,0
2001-11-19,2001,11,68,45,58.8,9.2,0.21
2001-11-20,2001,11,49,30,58.4,-9.4,0
2001-11-21,2001,11,57,24,57.9,-0.899999999999999,0
2001-11-22,2001,11,62,31,57.5,4.5,0
2001-11-23,2001,11,65,46,57.1,7.9,0.01
2001-11-24,2001,11,67,59,56.6,10.4,0.76
2001-11-25,2001,11,65,44,56.2,8.8,0
2001-11-26,2001,11,73,36,55.8,17.2,0
2001-11-27,2001,11,70,58,55.4,14.6,0.57
2001-11-28,2001,11,67,49,54.9,12.1,0.07
2001-11-29,2001,11,67,54,54.5,12.5,3.46
2001-11-30,2001,11,54,40,54.1,-0.100000000000001,0.01
2001-12-01,2001,12,57,37,53.8,3.2,0
2001-12-02,2001,12,62,35,53.4,8.6,0
2001-12-03,2001,12,69,32,53,16,0
2001-12-04,2001,12,72,45,52.6,19.4,0
2001-12-05,2001,12,72,47,52.3,19.7,0
2001-12-06,2001,12,72,52,51.9,20.1,0.19
2001-12-07,2001,12,61,56,51.6,9.4,0.34
2001-12-08,2001,12,62,45,51.3,10.7,0.71
2001-12-09,2001,12,47,38,51,-4,0
2001-12-10,2001,12,46,34,50.7,-4.7,0.13
2001-12-11,2001,12,51,39,50.4,0.600000000000001,0
2001-12-12,2001,12,61,46,50.1,10.9,0.61
2001-12-13,2001,12,63,55,49.8,13.2,0.65
2001-12-14,2001,12,62,48,49.6,12.4,0.04
2001-12-15,2001,12,57,41,49.3,7.7,0
2001-12-16,2001,12,64,48,49.1,14.9,0.02
2001-12-17,2001,12,63,49,48.8,14.2,0.25
2001-12-18,2001,12,56,36,48.6,7.4,0
2001-12-19,2001,12,54,34,48.4,5.6,0
2001-12-20,2001,12,49,28,48.2,0.799999999999997,0
2001-12-21,2001,12,54,25,48,6,0
2001-12-22,2001,12,63,30,47.9,15.1,0.08
2001-12-23,2001,12,50,36,47.7,2.3,0.3
2001-12-24,2001,12,40,28,47.6,-7.6,0
2001-12-25,2001,12,33,17,47.4,-14.4,0
2001-12-26,2001,12,37,15,47.3,-10.3,0
2001-12-27,2001,12,44,22,47.2,-3.2,0
2001-12-28,2001,12,50,28,47.1,2.9,0
2001-12-29,2001,12,44,21,47,-3,0
2001-12-30,2001,12,32,17,46.9,-14.9,0
2001-12-31,2001,12,32,20,46.8,-14.8,0
2002-01-01,2002,1,33,17,46.7,-13.7,0
2002-01-02,2002,1,38,19,46.6,-8.6,0
2002-01-03,2002,1,31,18,46.6,-15.6,0
2002-01-04,2002,1,40,11,46.5,-6.5,0
2002-01-05,2002,1,49,19,46.5,2.5,0.01
2002-01-06,2002,1,40,32,46.5,-6.5,0.11
2002-01-07,2002,1,37,27,46.4,-9.4,0
2002-01-08,2002,1,46,19,46.4,-0.399999999999999,0
2002-01-09,2002,1,61,37,46.4,14.6,0
2002-01-10,2002,1,61,47,46.4,14.6,0.26
2002-01-11,2002,1,49,29,46.4,2.6,0.08
2002-01-12,2002,1,52,24,46.4,5.6,0
2002-01-13,2002,1,54,28,46.5,7.5,0
2002-01-14,2002,1,59,38,46.5,12.5,0
2002-01-15,2002,1,49,28,46.5,2.5,0
2002-01-16,2002,1,54,25,46.6,7.4,0
2002-01-17,2002,1,50,33,46.6,3.4,0.28
2002-01-18,2002,1,44,29,46.7,-2.7,0.02
2002-01-19,2002,1,37,32,46.8,-9.8,0.81
2002-01-20,2002,1,45,31,46.8,-1.8,0
2002-01-21,2002,1,55,30,46.9,8.1,0
2002-01-22,2002,1,60,27,47,13,0.43
2002-01-23,2002,1,66,45,47.1,18.9,0.88
2002-01-24,2002,1,67,38,47.3,19.7,1.65
2002-01-25,2002,1,47,29,47.4,-0.399999999999999,0
2002-01-26,2002,1,57,25,47.5,9.5,0
2002-01-27,2002,1,63,30,47.6,15.4,0
2002-01-28,2002,1,64,42,47.8,16.2,0
2002-01-29,2002,1,71,63,48,23,0.18
2002-01-30,2002,1,70,60,48.1,21.9,0.14
2002-01-31,2002,1,73,59,48.3,24.7,0.08
2002-02-01,2002,2,66,35,48.5,17.5,0.36
2002-02-02,2002,2,44,31,48.7,-4.7,0
2002-02-03,2002,2,40,36,48.9,-8.9,0.23
2002-02-04,2002,2,37,26,49.1,-12.1,0
2002-02-05,2002,2,35,24,49.3,-14.3,0
2002-02-06,2002,2,35,30,49.5,-14.5,0.18
2002-02-07,2002,2,41,29,49.7,-8.7,0.25
2002-02-08,2002,2,56,24,50,6,0
2002-02-09,2002,2,63,29,50.2,12.8,0
2002-02-10,2002,2,56,39,50.4,5.6,0.16
2002-02-11,2002,2,47,30,50.7,-3.7,0
2002-02-12,2002,2,58,26,51,7,0
2002-02-13,2002,2,47,33,51.2,-4.2,0
2002-02-14,2002,2,52,23,51.5,0.5,0
2002-02-15,2002,2,58,33,51.8,6.2,0.03
2002-02-16,2002,2,57,33,52.1,4.9,0
2002-02-17,2002,2,51,32,52.3,-1.3,0
2002-02-18,2002,2,62,26,52.6,9.4,0
2002-02-19,2002,2,61,41,52.9,8.1,0.03
2002-02-20,2002,2,66,45,53.2,12.8,0.43
2002-02-21,2002,2,62,39,53.5,8.5,0
2002-02-22,2002,2,43,28,53.8,-10.8,0
2002-02-23,2002,2,51,25,54.1,-3.1,0
2002-02-24,2002,2,64,26,54.5,9.5,0
2002-02-25,2002,2,67,40,54.8,12.2,0.08
2002-02-26,2002,2,46,19,55.1,-9.1,0.24
2002-02-27,2002,2,28,16,55.4,-27.4,0
2002-02-28,2002,2,44,15,55.7,-11.7,0
2002-03-01,2002,3,57,24,56.1,0.899999999999999,0
2002-03-02,2002,3,57,40,56.4,0.600000000000001,0.04
2002-03-03,2002,3,40,21,56.7,-16.7,0
2002-03-04,2002,3,34,14,57,-23,0
2002-03-05,2002,3,58,24,57.4,0.600000000000001,0
2002-03-06,2002,3,64,35,57.7,6.3,0
2002-03-07,2002,3,69,46,58,11,0.02
2002-03-08,2002,3,75,47,58.4,16.6,0
2002-03-09,2002,3,65,35,58.7,6.3,0.54
2002-03-10,2002,3,50,30,59,-9,0
2002-03-11,2002,3,63,28,59.3,3.7,0.12
2002-03-12,2002,3,53,47,59.7,-6.7,0.2
2002-03-13,2002,3,58,41,60,-2,0
2002-03-14,2002,3,72,37,60.3,11.7,0
2002-03-15,2002,3,80,59,60.7,19.3,0
2002-03-16,2002,3,70,47,61,9,0.74
2002-03-17,2002,3,68,47,61.3,6.7,3.35
2002-03-18,2002,3,60,54,61.7,-1.7,0.28
2002-03-19,2002,3,66,54,62,4,0.29
2002-03-20,2002,3,67,50,62.3,4.7,0.91
2002-03-21,2002,3,57,27,62.7,-5.7,0
2002-03-22,2002,3,41,22,63,-22,0
2002-03-23,2002,3,56,22,63.3,-7.3,0
2002-03-24,2002,3,70,33,63.7,6.3,0
2002-03-25,2002,3,74,45,64,10,0
2002-03-26,2002,3,68,36,64.3,3.7,0.89
2002-03-27,2002,3,48,35,64.6,-16.6,0
2002-03-28,2002,3,71,31,65,6,0
2002-03-29,2002,3,78,54,65.3,12.7,0.12
2002-03-30,2002,3,55,49,65.6,-10.6,0.52
2002-03-31,2002,3,53,41,65.9,-12.9,1.38
2002-04-01,2002,4,65,39,66.2,-1.2,0
2002-04-02,2002,4,79,45,66.6,12.4,0
2002-04-03,2002,4,52,37,66.9,-14.9,0
2002-04-04,2002,4,54,34,67.2,-13.2,0
2002-04-05,2002,4,55,35,67.5,-12.5,0
2002-04-06,2002,4,57,32,67.8,-10.8,0
2002-04-07,2002,4,71,31,68.1,2.90000000000001,0
2002-04-08,2002,4,74,55,68.4,5.59999999999999,0.08
2002-04-09,2002,4,69,50,68.7,0.299999999999997,0.01
2002-04-10,2002,4,73,45,69,4,0
2002-04-11,2002,4,78,48,69.3,8.7,0.06
2002-04-12,2002,4,74,60,69.6,4.40000000000001,0.28
2002-04-13,2002,4,79,61,69.9,9.09999999999999,0
2002-04-14,2002,4,76,63,70.2,5.8,0
2002-04-15,2002,4,85,59,70.5,14.5,0
2002-04-16,2002,4,85,61,70.8,14.2,0
2002-04-17,2002,4,86,64,71,15,0
2002-04-18,2002,4,87,62,71.3,15.7,0
2002-04-19,2002,4,86,68,71.6,14.4,0
2002-04-20,2002,4,87,67,71.8,15.2,0
2002-04-21,2002,4,88,64,72.1,15.9,0.08
2002-04-22,2002,4,68,51,72.4,-4.40000000000001,0.24
2002-04-23,2002,4,68,44,72.6,-4.59999999999999,0
2002-04-24,2002,4,74,55,72.9,1.09999999999999,1.73
2002-04-25,2002,4,64,45,73.1,-9.09999999999999,0
2002-04-26,2002,4,61,41,73.4,-12.4,0
2002-04-27,2002,4,74,52,73.6,0.400000000000006,0
2002-04-28,2002,4,84,55,73.9,10.1,0.52
2002-04-29,2002,4,71,47,74.1,-3.09999999999999,0
2002-04-30,2002,4,76,51,74.3,1.7,1.31
2002-05-01,2002,5,77,62,74.6,2.40000000000001,0.05
2002-05-02,2002,5,77,54,74.8,2.2,0.12
2002-05-03,2002,5,59,52,75,-16,0.14
2002-05-04,2002,5,66,51,75.3,-9.3,0.35
2002-05-05,2002,5,78,52,75.5,2.5,0
2002-05-06,2002,5,78,60,75.7,2.3,0
2002-05-07,2002,5,86,67,76,10,0
2002-05-08,2002,5,85,65,76.2,8.8,0
2002-05-09,2002,5,76,64,76.4,-0.400000000000006,0.2
2002-05-10,2002,5,64,55,76.7,-12.7,0.24
2002-05-11,2002,5,85,53,76.9,8.09999999999999,0
2002-05-12,2002,5,84,71,77.1,6.90000000000001,0
2002-05-13,2002,5,76,46,77.4,-1.40000000000001,1.53
2002-05-14,2002,5,72,43,77.6,-5.59999999999999,0
2002-05-15,2002,5,76,45,77.9,-1.90000000000001,0
2002-05-16,2002,5,81,57,78.1,2.90000000000001,0.01
2002-05-17,2002,5,80,50,78.4,1.59999999999999,1.19
2002-05-18,2002,5,61,47,78.6,-17.6,0
2002-05-19,2002,5,65,43,78.9,-13.9,0
2002-05-20,2002,5,66,44,79.1,-13.1,0
2002-05-21,2002,5,63,47,79.4,-16.4,0
2002-05-22,2002,5,71,41,79.6,-8.59999999999999,0
2002-05-23,2002,5,76,47,79.9,-3.90000000000001,0
2002-05-24,2002,5,81,53,80.2,0.799999999999997,0
2002-05-25,2002,5,84,55,80.4,3.59999999999999,0
2002-05-26,2002,5,79,63,80.7,-1.7,0.07
2002-05-27,2002,5,85,60,81,4,0
2002-05-28,2002,5,83,62,81.3,1.7,0.04
2002-05-29,2002,5,85,65,81.6,3.40000000000001,0
2002-05-30,2002,5,83,66,81.8,1.2,0.04
2002-05-31,2002,5,88,63,82.1,5.90000000000001,0
2002-06-01,2002,6,89,66,82.4,6.59999999999999,0
2002-06-02,2002,6,90,70,82.7,7.3,0
2002-06-03,2002,6,92,69,83,9,0
2002-06-04,2002,6,94,70,83.2,10.8,0.12
2002-06-05,2002,6,90,68,83.5,6.5,0.05
2002-06-06,2002,6,77,62,83.8,-6.8,0.16
2002-06-07,2002,6,82,60,84.1,-2.09999999999999,0
2002-06-08,2002,6,87,63,84.4,2.59999999999999,0
2002-06-09,2002,6,86,66,84.6,1.40000000000001,0
2002-06-10,2002,6,90,63,84.9,5.09999999999999,0
2002-06-11,2002,6,87,67,85.2,1.8,0
2002-06-12,2002,6,90,70,85.4,4.59999999999999,0
2002-06-13,2002,6,87,72,85.7,1.3,0.18
2002-06-14,2002,6,79,67,85.9,-6.90000000000001,0
2002-06-15,2002,6,80,60,86.1,-6.09999999999999,0
2002-06-16,2002,6,79,57,86.4,-7.40000000000001,0
2002-06-17,2002,6,84,59,86.6,-2.59999999999999,0
2002-06-18,2002,6,88,63,86.8,1.2,0
2002-06-19,2002,6,88,64,87,1,0
2002-06-20,2002,6,93,67,87.2,5.8,0
2002-06-21,2002,6,92,67,87.4,4.59999999999999,0
2002-06-22,2002,6,90,64,87.6,2.40000000000001,0
2002-06-23,2002,6,90,70,87.8,2.2,0
2002-06-24,2002,6,91,70,87.9,3.09999999999999,0
2002-06-25,2002,6,83,70,88.1,-5.09999999999999,0.61
2002-06-26,2002,6,90,71,88.2,1.8,0
2002-06-27,2002,6,83,70,88.4,-5.40000000000001,0.34
2002-06-28,2002,6,87,69,88.5,-1.5,0
2002-06-29,2002,6,89,71,88.6,0.400000000000006,0
2002-06-30,2002,6,93,71,88.7,4.3,2.3
2002-07-01,2002,7,93,70,88.8,4.2,0
2002-07-02,2002,7,92,72,88.9,3.09999999999999,0.06
2002-07-03,2002,7,85,69,89,-4,0.57
2002-07-04,2002,7,93,67,89,4,0
2002-07-05,2002,7,95,73,89.1,5.90000000000001,0
2002-07-06,2002,7,91,74,89.1,1.90000000000001,0
2002-07-07,2002,7,92,68,89.2,2.8,0
2002-07-08,2002,7,93,71,89.2,3.8,0.01
2002-07-09,2002,7,87,72,89.3,-2.3,0.46
2002-07-10,2002,7,93,71,89.3,3.7,0.83
2002-07-11,2002,7,85,71,89.3,-4.3,0
2002-07-12,2002,7,82,69,89.3,-7.3,2.54
2002-07-13,2002,7,81,70,89.4,-8.40000000000001,0.53
2002-07-14,2002,7,84,69,89.4,-5.40000000000001,0
2002-07-15,2002,7,88,69,89.4,-1.40000000000001,0
2002-07-16,2002,7,89,71,89.4,-0.400000000000006,0
2002-07-17,2002,7,88,72,89.4,-1.40000000000001,0.05
2002-07-18,2002,7,86,71,89.4,-3.40000000000001,0.17
2002-07-19,2002,7,86,70,89.4,-3.40000000000001,0
2002-07-20,2002,7,88,71,89.4,-1.40000000000001,0
2002-07-21,2002,7,91,73,89.4,1.59999999999999,0
2002-07-22,2002,7,88,73,89.4,-1.40000000000001,0
2002-07-23,2002,7,90,71,89.4,0.599999999999994,0.27
2002-07-24,2002,7,87,70,89.4,-2.40000000000001,0
2002-07-25,2002,7,91,73,89.4,1.59999999999999,0
2002-07-26,2002,7,89,72,89.4,-0.400000000000006,0
2002-07-27,2002,7,91,73,89.4,1.59999999999999,0
2002-07-28,2002,7,90,74,89.4,0.599999999999994,0
2002-07-29,2002,7,91,74,89.4,1.59999999999999,0.11
2002-07-30,2002,7,90,72,89.5,0.5,0.04
2002-07-31,2002,7,90,70,89.5,0.5,0
2002-08-01,2002,8,92,74,89.5,2.5,0
2002-08-02,2002,8,94,71,89.5,4.5,0
2002-08-03,2002,8,96,75,89.5,6.5,0
2002-08-04,2002,8,96,74,89.5,6.5,0
2002-08-05,2002,8,97,74,89.5,7.5,0
2002-08-06,2002,8,90,70,89.5,0.5,0
2002-08-07,2002,8,87,64,89.5,-2.5,0
2002-08-08,2002,8,89,62,89.5,-0.5,0
2002-08-09,2002,8,91,66,89.5,1.5,0
2002-08-10,2002,8,91,66,89.5,1.5,0
2002-08-11,2002,8,89,70,89.5,-0.5,0
2002-08-12,2002,8,94,68,89.5,4.5,0
2002-08-13,2002,8,92,67,89.4,2.59999999999999,0
2002-08-14,2002,8,91,70,89.4,1.59999999999999,0.82
2002-08-15,2002,8,85,69,89.4,-4.40000000000001,0.01
2002-08-16,2002,8,81,71,89.3,-8.3,1.66
2002-08-17,2002,8,88,70,89.3,-1.3,0
2002-08-18,2002,8,91,72,89.2,1.8,0.27
2002-08-19,2002,8,91,69,89.1,1.90000000000001,0
2002-08-20,2002,8,92,73,89.1,2.90000000000001,0.02
2002-08-21,2002,8,94,73,89,5,0
2002-08-22,2002,8,93,73,88.9,4.09999999999999,0.15
2002-08-23,2002,8,91,72,88.7,2.3,0.05
2002-08-24,2002,8,91,73,88.6,2.40000000000001,0
2002-08-25,2002,8,87,73,88.5,-1.5,0.04
2002-08-26,2002,8,85,69,88.3,-3.3,0
2002-08-27,2002,8,85,67,88.2,-3.2,0
2002-08-28,2002,8,86,66,88,-2,0
2002-08-29,2002,8,88,67,87.8,0.200000000000003,0
2002-08-30,2002,8,87,67,87.6,-0.599999999999994,0.02
2002-08-31,2002,8,89,69,87.4,1.59999999999999,0.09
2002-09-01,2002,9,88,68,87.1,0.900000000000006,0
2002-09-02,2002,9,90,67,86.9,3.09999999999999,0
2002-09-03,2002,9,93,69,86.6,6.40000000000001,0
2002-09-04,2002,9,95,70,86.4,8.59999999999999,0
2002-09-05,2002,9,92,67,86.1,5.90000000000001,0
2002-09-06,2002,9,93,62,85.8,7.2,0.02
2002-09-07,2002,9,93,68,85.5,7.5,0
2002-09-08,2002,9,91,65,85.2,5.8,0
2002-09-09,2002,9,94,66,84.8,9.2,0
2002-09-10,2002,9,95,68,84.5,10.5,0
2002-09-11,2002,9,86,67,84.2,1.8,0
2002-09-12,2002,9,86,60,83.8,2.2,0
2002-09-13,2002,9,89,65,83.5,5.5,0
2002-09-14,2002,9,87,71,83.1,3.90000000000001,0.32
2002-09-15,2002,9,84,68,82.7,1.3,0.77
2002-09-16,2002,9,86,67,82.4,3.59999999999999,0
2002-09-17,2002,9,81,70,82,-1,0.32
2002-09-18,2002,9,85,69,81.6,3.40000000000001,0.26
2002-09-19,2002,9,88,72,81.2,6.8,0
2002-09-20,2002,9,88,65,80.9,7.09999999999999,0.86
2002-09-21,2002,9,79,66,80.5,-1.5,0
2002-09-22,2002,9,80,60,80.1,-0.0999999999999943,0
2002-09-23,2002,9,77,54,79.7,-2.7,0
2002-09-24,2002,9,77,49,79.3,-2.3,0
2002-09-25,2002,9,67,62,78.9,-11.9,0.31
2002-09-26,2002,9,70,64,78.6,-8.59999999999999,2.9
2002-09-27,2002,9,76,64,78.2,-2.2,0.51
2002-09-28,2002,9,81,60,77.8,3.2,0
2002-09-29,2002,9,83,56,77.4,5.59999999999999,0
2002-09-30,2002,9,81,66,77.1,3.90000000000001,0.02
2002-10-01,2002,10,75,67,76.7,-1.7,0.63
2002-10-02,2002,10,86,66,76.4,9.59999999999999,0
2002-10-03,2002,10,85,68,76,9,0
2002-10-04,2002,10,83,71,75.7,7.3,0.5
2002-10-05,2002,10,75,55,75.3,-0.299999999999997,0
2002-10-06,2002,10,81,51,75,6,0
2002-10-07,2002,10,70,53,74.6,-4.59999999999999,0.12
2002-10-08,2002,10,73,51,74.3,-1.3,0
2002-10-09,2002,10,68,62,74,-6,0.38
2002-10-10,2002,10,67,64,73.6,-6.59999999999999,1.95
2002-10-11,2002,10,75,66,73.3,1.7,0.18
2002-10-12,2002,10,78,64,73,5,0
2002-10-13,2002,10,65,47,72.7,-7.7,0
2002-10-14,2002,10,67,43,72.3,-5.3,0
2002-10-15,2002,10,61,51,72,-11,0
2002-10-16,2002,10,61,44,71.7,-10.7,0
2002-10-17,2002,10,63,40,71.4,-8.40000000000001,0
2002-10-18,2002,10,69,39,71.1,-2.09999999999999,0
2002-10-19,2002,10,64,56,70.7,-6.7,0.19
2002-10-20,2002,10,59,52,70.4,-11.4,0.09
2002-10-21,2002,10,60,49,70.1,-10.1,0
2002-10-22,2002,10,68,46,69.8,-1.8,0
2002-10-23,2002,10,72,45,69.4,2.59999999999999,0
2002-10-24,2002,10,64,54,69.1,-5.09999999999999,0
2002-10-25,2002,10,65,59,68.8,-3.8,0.06
2002-10-26,2002,10,67,58,68.4,-1.40000000000001,0.04
2002-10-27,2002,10,65,55,68.1,-3.09999999999999,0
2002-10-28,2002,10,64,54,67.8,-3.8,0.02
2002-10-29,2002,10,73,53,67.4,5.59999999999999,0.32
2002-10-30,2002,10,53,48,67,-14,0
2002-10-31,2002,10,53,46,66.7,-13.7,0
2002-11-01,2002,11,50,39,66.3,-16.3,0
2002-11-02,2002,11,50,32,65.9,-15.9,0
2002-11-03,2002,11,47,42,65.6,-18.6,0.22
2002-11-04,2002,11,51,46,65.2,-14.2,0
2002-11-05,2002,11,61,47,64.8,-3.8,0.96
2002-11-06,2002,11,49,37,64.4,-15.4,0
2002-11-07,2002,11,62,33,64,-2,0
2002-11-08,2002,11,66,36,63.6,2.4,0
2002-11-09,2002,11,71,53,63.1,7.9,0.04
2002-11-10,2002,11,81,56,62.7,18.3,0.52
2002-11-11,2002,11,67,48,62.3,4.7,0
2002-11-12,2002,11,53,41,61.9,-8.9,0
2002-11-13,2002,11,59,33,61.4,-2.4,0
2002-11-14,2002,11,60,35,61,-1,0
2002-11-15,2002,11,54,47,60.6,-6.6,0.99
2002-11-16,2002,11,48,38,60.1,-12.1,0
2002-11-17,2002,11,45,28,59.7,-14.7,0
2002-11-18,2002,11,62,27,59.2,2.8,0.07
2002-11-19,2002,11,62,43,58.8,3.2,0.02
2002-11-20,2002,11,63,39,58.4,4.6,0
2002-11-21,2002,11,64,42,57.9,6.1,0.03
2002-11-22,2002,11,41,29,57.5,-16.5,0
2002-11-23,2002,11,54,25,57.1,-3.1,0
2002-11-24,2002,11,64,33,56.6,7.4,0
2002-11-25,2002,11,49,37,56.2,-7.2,0
2002-11-26,2002,11,40,34,55.8,-15.8,0.06
2002-11-27,2002,11,37,32,55.4,-18.4,0
2002-11-28,2002,11,42,28,54.9,-12.9,0
2002-11-29,2002,11,60,31,54.5,5.5,0
2002-11-30,2002,11,53,28,54.1,-1.1,0
2002-12-01,2002,12,38,23,53.8,-15.8,0
2002-12-02,2002,12,47,28,53.4,-6.4,0.02
2002-12-03,2002,12,39,31,53,-14,0
2002-12-04,2002,12,39,30,52.6,-13.6,1.7
2002-12-05,2002,12,39,25,52.3,-13.3,0.05
2002-12-06,2002,12,37,21,51.9,-14.9,0
2002-12-07,2002,12,47,20,51.6,-4.6,0
2002-12-08,2002,12,49,24,51.3,-2.3,0
2002-12-09,2002,12,51,27,51,0,0
2002-12-10,2002,12,42,36,50.7,-8.7,0.99
2002-12-11,2002,12,38,34,50.4,-12.4,0.11
2002-12-12,2002,12,41,37,50.1,-9.1,0
2002-12-13,2002,12,45,36,49.8,-4.8,0.54
2002-12-14,2002,12,47,30,49.6,-2.6,0
2002-12-15,2002,12,58,26,49.3,8.7,0
2002-12-16,2002,12,63,35,49.1,13.9,0
2002-12-17,2002,12,62,52,48.8,13.2,0.19
2002-12-18,2002,12,63,48,48.6,14.4,0
2002-12-19,2002,12,60,45,48.4,11.6,0.99
2002-12-20,2002,12,52,36,48.2,3.8,0
2002-12-21,2002,12,55,33,48,7,0.01
2002-12-22,2002,12,53,38,47.9,5.1,0
2002-12-23,2002,12,49,28,47.7,1.3,0.14
2002-12-24,2002,12,45,31,47.6,-2.6,0.68
2002-12-25,2002,12,31,28,47.4,-16.4,0
2002-12-26,2002,12,37,25,47.3,-10.3,0
2002-12-27,2002,12,43,20,47.2,-4.2,0
2002-12-28,2002,12,55,28,47.1,7.9,0
2002-12-29,2002,12,61,32,47,14,0
2002-12-30,2002,12,61,46,46.9,14.1,0
2002-12-31,2002,12,59,51,46.8,12.2,0.39
2003-01-01,2003,1,55,42,46.7,8.3,0.18
2003-01-02,2003,1,47,34,46.6,0.399999999999999,0.23
2003-01-03,2003,1,34,29,46.6,-12.6,0
2003-01-04,2003,1,45,22,46.5,-1.5,0
2003-01-05,2003,1,54,40,46.5,7.5,0
2003-01-06,2003,1,42,30,46.5,-4.5,0
2003-01-07,2003,1,46,38,46.4,-0.399999999999999,0
2003-01-08,2003,1,62,38,46.4,15.6,0
2003-01-09,2003,1,64,40,46.4,17.6,0
2003-01-10,2003,1,40,28,46.4,-6.4,0
2003-01-11,2003,1,35,22,46.4,-11.4,0
2003-01-12,2003,1,34,20,46.4,-12.4,0
2003-01-13,2003,1,47,23,46.5,0.5,0
2003-01-14,2003,1,42,26,46.5,-4.5,0
2003-01-15,2003,1,33,20,46.5,-13.5,0
2003-01-16,2003,1,32,25,46.6,-14.6,0.34
2003-01-17,2003,1,25,9,46.6,-21.6,0
2003-01-18,2003,1,26,1,46.7,-20.7,0
2003-01-19,2003,1,41,16,46.8,-5.8,0
2003-01-20,2003,1,58,38,46.8,11.2,0
2003-01-21,2003,1,48,28,46.9,1.1,0.26
2003-01-22,2003,1,34,16,47,-13,0.01
2003-01-23,2003,1,16,5,47.1,-31.1,0
2003-01-24,2003,1,22,2,47.3,-25.3,0
2003-01-25,2003,1,35,20,47.4,-12.4,0
2003-01-26,2003,1,41,16,47.5,-6.5,0
2003-01-27,2003,1,32,10,47.6,-15.6,0
2003-01-28,2003,1,49,29,47.8,1.2,0.1
2003-01-29,2003,1,51,36,48,3,0.47
2003-01-30,2003,1,36,30,48.1,-12.1,0
2003-01-31,2003,1,47,29,48.3,-1.3,0
2003-02-01,2003,2,50,37,48.5,1.5,0
2003-02-02,2003,2,71,35,48.7,22.3,0
2003-02-03,2003,2,59,46,48.9,10.1,0.65
2003-02-04,2003,2,46,31,49.1,-3.1,0
2003-02-05,2003,2,40,25,49.3,-9.3,0
2003-02-06,2003,2,39,32,49.5,-10.5,0.26
2003-02-07,2003,2,34,18,49.7,-15.7,0
2003-02-08,2003,2,32,11,50,-18,0
2003-02-09,2003,2,40,23,50.2,-10.2,0.28
2003-02-10,2003,2,36,31,50.4,-14.4,0.02
2003-02-11,2003,2,53,28,50.7,2.3,0
2003-02-12,2003,2,46,27,51,-5,0
2003-02-13,2003,2,58,22,51.2,6.8,0
2003-02-14,2003,2,58,40,51.5,6.5,2.24
2003-02-15,2003,2,60,39,51.8,8.2,1.8
2003-02-16,2003,2,39,29,52.1,-13.1,0.35
2003-02-17,2003,2,29,27,52.3,-23.3,0
2003-02-18,2003,2,36,28,52.6,-16.6,0
2003-02-19,2003,2,44,32,52.9,-8.9,0.53
2003-02-20,2003,2,45,39,53.2,-8.2,0.08
2003-02-21,2003,2,55,44,53.5,1.5,0.46
2003-02-22,2003,2,63,32,53.8,9.2,1.52
2003-02-23,2003,2,37,32,54.1,-17.1,0.04
2003-02-24,2003,2,47,28,54.5,-7.5,0.01
2003-02-25,2003,2,31,21,54.8,-23.8,0.01
2003-02-26,2003,2,35,28,55.1,-20.1,0.12
2003-02-27,2003,2,40,35,55.4,-15.4,0.1
2003-02-28,2003,2,46,37,55.7,-9.7,0
2003-03-01,2003,3,53,40,56.1,-3.1,0
2003-03-02,2003,3,47,33,56.4,-9.4,0.03
2003-03-03,2003,3,48,25,56.7,-8.7,0
2003-03-04,2003,3,63,29,57,6,0
2003-03-05,2003,3,64,49,57.4,6.6,0.1
2003-03-06,2003,3,49,34,57.7,-8.7,0.03
2003-03-07,2003,3,62,33,58,4,0
2003-03-08,2003,3,72,34,58.4,13.6,0
2003-03-09,2003,3,60,31,58.7,1.3,0
2003-03-10,2003,3,45,25,59,-14,0
2003-03-11,2003,3,60,37,59.3,0.700000000000003,0
2003-03-12,2003,3,76,39,59.7,16.3,0
2003-03-13,2003,3,71,50,60,11,0.03
2003-03-14,2003,3,56,45,60.3,-4.3,0
2003-03-15,2003,3,67,48,60.7,6.3,0
2003-03-16,2003,3,69,44,61,8,0
2003-03-17,2003,3,66,50,61.3,4.7,0.02
2003-03-18,2003,3,65,57,61.7,3.3,0.17
2003-03-19,2003,3,75,53,62,13,0.69
2003-03-20,2003,3,77,52,62.3,14.7,0
2003-03-21,2003,3,59,51,62.7,-3.7,0.01
2003-03-22,2003,3,67,46,63,4,0
2003-03-23,2003,3,69,40,63.3,5.7,0
2003-03-24,2003,3,75,42,63.7,11.3,0
2003-03-25,2003,3,76,49,64,12,0.29
2003-03-26,2003,3,63,45,64.3,-1.3,0.2
2003-03-27,2003,3,77,36,64.6,12.4,0
2003-03-28,2003,3,75,48,65,10,0.03
2003-03-29,2003,3,52,40,65.3,-13.3,0.7
2003-03-30,2003,3,44,31,65.6,-21.6,0
2003-03-31,2003,3,58,27,65.9,-7.90000000000001,0
2003-04-01,2003,4,75,50,66.2,8.8,0
2003-04-02,2003,4,74,56,66.6,7.40000000000001,0
2003-04-03,2003,4,74,56,66.9,7.09999999999999,0
2003-04-04,2003,4,77,60,67.2,9.8,0
2003-04-05,2003,4,68,42,67.5,0.5,0.73
2003-04-06,2003,4,55,40,67.8,-12.8,1.52
2003-04-07,2003,4,78,54,68.1,9.90000000000001,0.19
2003-04-08,2003,4,60,46,68.4,-8.40000000000001,0
2003-04-09,2003,4,46,35,68.7,-22.7,0.05
2003-04-10,2003,4,53,36,69,-16,0.18
2003-04-11,2003,4,68,41,69.3,-1.3,0
2003-04-12,2003,4,78,39,69.6,8.40000000000001,0
2003-04-13,2003,4,75,45,69.9,5.09999999999999,0
2003-04-14,2003,4,84,48,70.2,13.8,0
2003-04-15,2003,4,84,53,70.5,13.5,0
2003-04-16,2003,4,80,59,70.8,9.2,0.01
2003-04-17,2003,4,72,59,71,1,1.02
2003-04-18,2003,4,74,55,71.3,2.7,0
2003-04-19,2003,4,79,52,71.6,7.40000000000001,0
2003-04-20,2003,4,79,64,71.8,7.2,0.42
2003-04-21,2003,4,71,55,72.1,-1.09999999999999,0.16
2003-04-22,2003,4,65,50,72.4,-7.40000000000001,0
2003-04-23,2003,4,68,41,72.6,-4.59999999999999,0
2003-04-24,2003,4,64,46,72.9,-8.90000000000001,0.11
2003-04-25,2003,4,70,56,73.1,-3.09999999999999,0.3
2003-04-26,2003,4,66,51,73.4,-7.40000000000001,0
2003-04-27,2003,4,76,46,73.6,2.40000000000001,0
2003-04-28,2003,4,82,48,73.9,8.09999999999999,0
2003-04-29,2003,4,85,60,74.1,10.9,0
2003-04-30,2003,4,83,62,74.3,8.7,0
2003-05-01,2003,5,84,58,74.6,9.40000000000001,0.32
2003-05-02,2003,5,78,59,74.8,3.2,0.08
2003-05-03,2003,5,70,55,75,-5,0
2003-05-04,2003,5,77,51,75.3,1.7,0.04
2003-05-05,2003,5,79,60,75.5,3.5,4.63
2003-05-06,2003,5,76,62,75.7,0.299999999999997,0.34
2003-05-07,2003,5,75,62,76,-1,2.52
2003-05-08,2003,5,79,65,76.2,2.8,0
2003-05-09,2003,5,86,70,76.4,9.59999999999999,0
2003-05-10,2003,5,86,70,76.7,9.3,0
2003-05-11,2003,5,79,61,76.9,2.09999999999999,1.24
2003-05-12,2003,5,72,55,77.1,-5.09999999999999,0
2003-05-13,2003,5,77,49,77.4,-0.400000000000006,0
2003-05-14,2003,5,71,61,77.6,-6.59999999999999,0
2003-05-15,2003,5,81,61,77.9,3.09999999999999,0
2003-05-16,2003,5,83,61,78.1,4.90000000000001,0.03
2003-05-17,2003,5,72,65,78.4,-6.40000000000001,0.95
2003-05-18,2003,5,78,64,78.6,-0.599999999999994,0.02
2003-05-19,2003,5,76,61,78.9,-2.90000000000001,0
2003-05-20,2003,5,68,60,79.1,-11.1,0.13
2003-05-21,2003,5,64,56,79.4,-15.4,0.12
2003-05-22,2003,5,71,58,79.6,-8.59999999999999,0
2003-05-23,2003,5,74,54,79.9,-5.90000000000001,0
2003-05-24,2003,5,74,52,80.2,-6.2,0
2003-05-25,2003,5,64,54,80.4,-16.4,0.25
2003-05-26,2003,5,71,52,80.7,-9.7,0
2003-05-27,2003,5,77,54,81,-4,0
2003-05-28,2003,5,80,52,81.3,-1.3,0.06
2003-05-29,2003,5,74,59,81.6,-7.59999999999999,0
2003-05-30,2003,5,80,55,81.8,-1.8,0
2003-05-31,2003,5,75,61,82.1,-7.09999999999999,0
2003-06-01,2003,6,73,54,82.4,-9.40000000000001,0
2003-06-02,2003,6,69,52,82.7,-13.7,0.29
2003-06-03,2003,6,79,60,83,-4,0.2
2003-06-04,2003,6,69,54,83.2,-14.2,0
2003-06-05,2003,6,77,53,83.5,-6.5,0
2003-06-06,2003,6,80,58,83.8,-3.8,1.36
2003-06-07,2003,6,76,63,84.1,-8.09999999999999,0.07
2003-06-08,2003,6,83,61,84.4,-1.40000000000001,0
2003-06-09,2003,6,82,57,84.6,-2.59999999999999,0
2003-06-10,2003,6,83,57,84.9,-1.90000000000001,0.45
2003-06-11,2003,6,83,66,85.2,-2.2,0.59
2003-06-12,2003,6,81,67,85.4,-4.40000000000001,0.01
2003-06-13,2003,6,85,67,85.7,-0.700000000000003,0
2003-06-14,2003,6,82,70,85.9,-3.90000000000001,0.06
2003-06-15,2003,6,82,69,86.1,-4.09999999999999,0.15
2003-06-16,2003,6,84,68,86.4,-2.40000000000001,0.18
2003-06-17,2003,6,83,65,86.6,-3.59999999999999,0
2003-06-18,2003,6,78,71,86.8,-8.8,0.11
2003-06-19,2003,6,84,68,87,-3,0
2003-06-20,2003,6,78,60,87.2,-9.2,0
2003-06-21,2003,6,81,57,87.4,-6.40000000000001,0
2003-06-22,2003,6,83,57,87.6,-4.59999999999999,0
2003-06-23,2003,6,87,62,87.8,-0.799999999999997,0
2003-06-24,2003,6,89,65,87.9,1.09999999999999,0
2003-06-25,2003,6,90,67,88.1,1.90000000000001,0
2003-06-26,2003,6,87,69,88.2,-1.2,0.63
2003-06-27,2003,6,80,64,88.4,-8.40000000000001,0.19
2003-06-28,2003,6,84,61,88.5,-4.5,0
2003-06-29,2003,6,88,62,88.6,-0.599999999999994,0
2003-06-30,2003,6,80,69,88.7,-8.7,2.79
2003-07-01,2003,7,78,69,88.8,-10.8,0.27
2003-07-02,2003,7,85,68,88.9,-3.90000000000001,0.01
2003-07-03,2003,7,88,68,89,-1,0
2003-07-04,2003,7,91,70,89,2,0
2003-07-05,2003,7,87,71,89.1,-2.09999999999999,0
2003-07-06,2003,7,84,73,89.1,-5.09999999999999,0
2003-07-07,2003,7,89,72,89.2,-0.200000000000003,0
2003-07-08,2003,7,91,71,89.2,1.8,0
2003-07-09,2003,7,90,74,89.3,0.700000000000003,0.01
2003-07-10,2003,7,88,72,89.3,-1.3,0.19
2003-07-11,2003,7,87,72,89.3,-2.3,0.04
2003-07-12,2003,7,86,67,89.3,-3.3,0
2003-07-13,2003,7,84,69,89.4,-5.40000000000001,0.4
2003-07-14,2003,7,89,67,89.4,-0.400000000000006,0
2003-07-15,2003,7,90,70,89.4,0.599999999999994,0
2003-07-16,2003,7,92,75,89.4,2.59999999999999,0
2003-07-17,2003,7,90,67,89.4,0.599999999999994,0
2003-07-18,2003,7,87,68,89.4,-2.40000000000001,0
2003-07-19,2003,7,90,71,89.4,0.599999999999994,0
2003-07-20,2003,7,91,68,89.4,1.59999999999999,0
2003-07-21,2003,7,92,72,89.4,2.59999999999999,0.12
2003-07-22,2003,7,80,68,89.4,-9.40000000000001,0.16
2003-07-23,2003,7,82,64,89.4,-7.40000000000001,0
2003-07-24,2003,7,83,60,89.4,-6.40000000000001,0
2003-07-25,2003,7,87,61,89.4,-2.40000000000001,0
2003-07-26,2003,7,88,67,89.4,-1.40000000000001,0
2003-07-27,2003,7,92,68,89.4,2.59999999999999,0
2003-07-28,2003,7,94,70,89.4,4.59999999999999,0.37
2003-07-29,2003,7,82,70,89.4,-7.40000000000001,0.42
2003-07-30,2003,7,85,71,89.5,-4.5,0.34
2003-07-31,2003,7,83,71,89.5,-6.5,0.54
2003-08-01,2003,8,90,72,89.5,0.5,0
2003-08-02,2003,8,87,70,89.5,-2.5,0.1
2003-08-03,2003,8,84,69,89.5,-5.5,0.77
2003-08-04,2003,8,84,66,89.5,-5.5,0.7
2003-08-05,2003,8,88,67,89.5,-1.5,0
2003-08-06,2003,8,82,72,89.5,-7.5,0.07
2003-08-07,2003,8,86,68,89.5,-3.5,0
2003-08-08,2003,8,85,68,89.5,-4.5,0.01
2003-08-09,2003,8,86,67,89.5,-3.5,0
2003-08-10,2003,8,85,67,89.5,-4.5,0
2003-08-11,2003,8,84,67,89.5,-5.5,0
2003-08-12,2003,8,86,65,89.5,-3.5,0.03
2003-08-13,2003,8,87,70,89.4,-2.40000000000001,0.68
2003-08-14,2003,8,90,70,89.4,0.599999999999994,0
2003-08-15,2003,8,91,75,89.4,1.59999999999999,0
2003-08-16,2003,8,91,74,89.3,1.7,0
2003-08-17,2003,8,93,73,89.3,3.7,0
2003-08-18,2003,8,91,73,89.2,1.8,0
2003-08-19,2003,8,91,72,89.1,1.90000000000001,0
2003-08-20,2003,8,91,73,89.1,1.90000000000001,0
2003-08-21,2003,8,92,73,89,3,0
2003-08-22,2003,8,92,69,88.9,3.09999999999999,0.47
2003-08-23,2003,8,88,68,88.7,-0.700000000000003,0
2003-08-24,2003,8,87,70,88.6,-1.59999999999999,0
2003-08-25,2003,8,92,67,88.5,3.5,0
2003-08-26,2003,8,93,71,88.3,4.7,0
2003-08-27,2003,8,90,72,88.2,1.8,0.64
2003-08-28,2003,8,86,69,88,-2,0
2003-08-29,2003,8,91,71,87.8,3.2,0
2003-08-30,2003,8,89,73,87.6,1.40000000000001,0.08
2003-08-31,2003,8,90,73,87.4,2.59999999999999,0.33
2003-09-01,2003,9,90,71,87.1,2.90000000000001,0
2003-09-02,2003,9,85,72,86.9,-1.90000000000001,0.64
2003-09-03,2003,9,80,72,86.6,-6.59999999999999,1.45
2003-09-04,2003,9,84,65,86.4,-2.40000000000001,0
2003-09-05,2003,9,79,61,86.1,-7.09999999999999,0
2003-09-06,2003,9,81,61,85.8,-4.8,0
2003-09-07,2003,9,79,63,85.5,-6.5,0
2003-09-08,2003,9,82,60,85.2,-3.2,0
2003-09-09,2003,9,84,62,84.8,-0.799999999999997,0
2003-09-10,2003,9,85,65,84.5,0.5,0
2003-09-11,2003,9,83,65,84.2,-1.2,0
2003-09-12,2003,9,84,63,83.8,0.200000000000003,0
2003-09-13,2003,9,87,61,83.5,3.5,0
2003-09-14,2003,9,82,69,83.1,-1.09999999999999,0.92
2003-09-15,2003,9,79,56,82.7,-3.7,0
2003-09-16,2003,9,81,52,82.4,-1.40000000000001,0
2003-09-17,2003,9,83,59,82,1,0
2003-09-18,2003,9,84,62,81.6,2.40000000000001,0
2003-09-19,2003,9,83,59,81.2,1.8,0
2003-09-20,2003,9,79,59,80.9,-1.90000000000001,0
2003-09-21,2003,9,83,62,80.5,2.5,1.87
2003-09-22,2003,9,78,63,80.1,-2.09999999999999,3.71
2003-09-23,2003,9,76,55,79.7,-3.7,0
2003-09-24,2003,9,81,50,79.3,1.7,0
2003-09-25,2003,9,79,57,78.9,0.0999999999999943,0
2003-09-26,2003,9,84,59,78.6,5.40000000000001,0
2003-09-27,2003,9,75,59,78.2,-3.2,0.01
2003-09-28,2003,9,67,50,77.8,-10.8,0
2003-09-29,2003,9,65,45,77.4,-12.4,0
2003-09-30,2003,9,69,41,77.1,-8.09999999999999,0.1
2003-10-01,2003,10,61,43,76.7,-15.7,0
2003-10-02,2003,10,61,38,76.4,-15.4,0
2003-10-03,2003,10,68,35,76,-8,0
2003-10-04,2003,10,74,52,75.7,-1.7,0
2003-10-05,2003,10,66,48,75.3,-9.3,0.18
2003-10-06,2003,10,74,54,75,-1,0
2003-10-07,2003,10,79,52,74.6,4.40000000000001,0
2003-10-08,2003,10,78,55,74.3,3.7,0
2003-10-09,2003,10,78,55,74,4,0.02
2003-10-10,2003,10,70,63,73.6,-3.59999999999999,0.14
2003-10-11,2003,10,77,59,73.3,3.7,0
2003-10-12,2003,10,74,58,73,1,0
2003-10-13,2003,10,77,57,72.7,4.3,0
2003-10-14,2003,10,68,53,72.3,-4.3,0.56
2003-10-15,2003,10,70,48,72,-2,0
2003-10-16,2003,10,73,42,71.7,1.3,0
2003-10-17,2003,10,63,49,71.4,-8.40000000000001,0.03
2003-10-18,2003,10,68,47,71.1,-3.09999999999999,0
2003-10-19,2003,10,78,44,70.7,7.3,0
2003-10-20,2003,10,80,49,70.4,9.59999999999999,0
2003-10-21,2003,10,80,60,70.1,9.90000000000001,0
2003-10-22,2003,10,74,49,69.8,4.2,0
2003-10-23,2003,10,77,44,69.4,7.59999999999999,0
2003-10-24,2003,10,75,45,69.1,5.90000000000001,0
2003-10-25,2003,10,75,59,68.8,6.2,0.03
2003-10-26,2003,10,62,48,68.4,-6.40000000000001,0.82
2003-10-27,2003,10,58,43,68.1,-10.1,0
2003-10-28,2003,10,59,40,67.8,-8.8,0.02
2003-10-29,2003,10,67,44,67.4,-0.400000000000006,0
2003-10-30,2003,10,78,49,67,11,0
2003-10-31,2003,10,78,56,66.7,11.3,0
2003-11-01,2003,11,80,53,66.3,13.7,0
2003-11-02,2003,11,80,51,65.9,14.1,0
2003-11-03,2003,11,82,50,65.6,16.4,0
2003-11-04,2003,11,78,51,65.2,12.8,0
2003-11-05,2003,11,72,58,64.8,7.2,0.25
2003-11-06,2003,11,58,48,64.4,-6.40000000000001,0.01
2003-11-07,2003,11,50,44,64,-14,0
2003-11-08,2003,11,56,39,63.6,-7.6,0
2003-11-09,2003,11,59,35,63.1,-4.1,0
2003-11-10,2003,11,66,40,62.7,3.3,0
2003-11-11,2003,11,73,58,62.3,10.7,0
2003-11-12,2003,11,71,51,61.9,9.1,0.26
2003-11-13,2003,11,51,37,61.4,-10.4,0
2003-11-14,2003,11,52,28,61,-9,0
2003-11-15,2003,11,53,42,60.6,-7.6,0.31
2003-11-16,2003,11,62,51,60.1,1.9,0.37
2003-11-17,2003,11,69,54,59.7,9.3,0
2003-11-18,2003,11,69,61,59.2,9.8,1.23
2003-11-19,2003,11,62,49,58.8,3.2,0.2
2003-11-20,2003,11,71,38,58.4,12.6,0
2003-11-21,2003,11,72,41,57.9,14.1,0
2003-11-22,2003,11,73,48,57.5,15.5,0
2003-11-23,2003,11,73,49,57.1,15.9,0.24
2003-11-24,2003,11,50,27,56.6,-6.6,0.66
2003-11-25,2003,11,47,24,56.2,-9.2,0
2003-11-26,2003,11,56,37,55.8,0.200000000000003,0
2003-11-27,2003,11,57,52,55.4,1.6,0.25
2003-11-28,2003,11,52,32,54.9,-2.9,0.39
2003-11-29,2003,11,44,30,54.5,-10.5,0
2003-11-30,2003,11,59,36,54.1,4.9,0
2003-12-01,2003,12,50,30,53.8,-3.8,0
2003-12-02,2003,12,49,27,53.4,-4.4,0
2003-12-03,2003,12,57,38,53,4,0.2
2003-12-04,2003,12,45,41,52.6,-7.6,0.24
2003-12-05,2003,12,44,36,52.3,-8.3,0.05
2003-12-06,2003,12,44,27,51.9,-7.9,0
2003-12-07,2003,12,50,24,51.6,-1.6,0
2003-12-08,2003,12,56,27,51.3,4.7,0
2003-12-09,2003,12,63,49,51,12,0.05
2003-12-10,2003,12,56,34,50.7,5.3,0.54
2003-12-11,2003,12,43,29,50.4,-7.4,0
2003-12-12,2003,12,41,25,50.1,-9.1,0
2003-12-13,2003,12,39,32,49.8,-10.8,0.31
2003-12-14,2003,12,38,33,49.6,-11.6,0.02
2003-12-15,2003,12,49,31,49.3,-0.299999999999997,0
2003-12-16,2003,12,57,35,49.1,7.9,0.3
2003-12-17,2003,12,42,29,48.8,-6.8,0
2003-12-18,2003,12,46,36,48.6,-2.6,0.06
2003-12-19,2003,12,37,29,48.4,-11.4,0
2003-12-20,2003,12,37,23,48.2,-11.2,0
2003-12-21,2003,12,53,22,48,5,0
2003-12-22,2003,12,61,43,47.9,13.1,0
2003-12-23,2003,12,54,33,47.7,6.3,0.67
2003-12-24,2003,12,37,31,47.6,-10.6,0
2003-12-25,2003,12,42,25,47.4,-5.4,0
2003-12-26,2003,12,50,23,47.3,2.7,0
2003-12-27,2003,12,62,26,47.2,14.8,0
2003-12-28,2003,12,64,32,47.1,16.9,0
2003-12-29,2003,12,59,42,47,12,0.75
2003-12-30,2003,12,50,28,46.9,3.1,0
2003-12-31,2003,12,56,26,46.8,9.2,0
2004-01-01,2004,1,61,34,46.7,14.3,0
2004-01-02,2004,1,66,49,46.6,19.4,0.51
2004-01-03,2004,1,73,64,46.6,26.4,0
2004-01-04,2004,1,75,53,46.5,28.5,0.1
2004-01-05,2004,1,53,32,46.5,6.5,0.18
2004-01-06,2004,1,32,17,46.5,-14.5,0
2004-01-07,2004,1,31,14,46.4,-15.4,0
2004-01-08,2004,1,39,27,46.4,-7.4,0.13
2004-01-09,2004,1,33,30,46.4,-13.4,0.03
2004-01-10,2004,1,34,21,46.4,-12.4,0
2004-01-11,2004,1,49,19,46.4,2.6,0
2004-01-12,2004,1,58,40,46.4,11.6,0
2004-01-13,2004,1,58,29,46.5,11.5,0
2004-01-14,2004,1,56,25,46.5,9.5,0
2004-01-15,2004,1,44,28,46.5,-2.5,0
2004-01-16,2004,1,53,26,46.6,6.4,0
2004-01-17,2004,1,53,42,46.6,6.4,0.24
2004-01-18,2004,1,47,27,46.7,0.299999999999997,0.85
2004-01-19,2004,1,27,20,46.8,-19.8,0
2004-01-20,2004,1,35,17,46.8,-11.8,0
2004-01-21,2004,1,41,25,46.9,-5.9,0
2004-01-22,2004,1,47,23,47,0,0
2004-01-23,2004,1,46,15,47.1,-1.1,0
2004-01-24,2004,1,56,36,47.3,8.7,0
2004-01-25,2004,1,66,33,47.4,18.6,1.38
2004-01-26,2004,1,59,48,47.5,11.5,0.07
2004-01-27,2004,1,50,24,47.6,2.4,0.1
2004-01-28,2004,1,37,18,47.8,-10.8,0
2004-01-29,2004,1,52,23,48,4,0.01
2004-01-30,2004,1,39,16,48.1,-9.1,0
2004-01-31,2004,1,35,11,48.3,-13.3,0
2004-02-01,2004,2,55,19,48.5,6.5,0
2004-02-02,2004,2,48,41,48.7,-0.700000000000003,0.9
2004-02-03,2004,2,45,27,48.9,-3.9,0.14
2004-02-04,2004,2,45,25,49.1,-4.1,0
2004-02-05,2004,2,54,34,49.3,4.7,4.07
2004-02-06,2004,2,52,32,49.5,2.5,0.1
2004-02-07,2004,2,33,26,49.7,-16.7,0
2004-02-08,2004,2,40,22,50,-10,0
2004-02-09,2004,2,45,29,50.2,-5.2,0.15
2004-02-10,2004,2,48,35,50.4,-2.4,0.02
2004-02-11,2004,2,51,31,50.7,0.299999999999997,0
2004-02-12,2004,2,47,31,51,-4,0.19
2004-02-13,2004,2,42,23,51.2,-9.2,0
2004-02-14,2004,2,48,33,51.5,-3.5,0
2004-02-15,2004,2,41,29,51.8,-10.8,0
2004-02-16,2004,2,43,23,52.1,-9.1,0
2004-02-17,2004,2,51,38,52.3,-1.3,0
2004-02-18,2004,2,53,26,52.6,0.399999999999999,0
2004-02-19,2004,2,63,30,52.9,10.1,0
2004-02-20,2004,2,64,46,53.2,10.8,0.01
2004-02-21,2004,2,51,35,53.5,-2.5,0
2004-02-22,2004,2,54,29,53.8,0.200000000000003,0
2004-02-23,2004,2,58,36,54.1,3.9,0
2004-02-24,2004,2,58,40,54.5,3.5,0.04
2004-02-25,2004,2,49,34,54.8,-5.8,0
2004-02-26,2004,2,44,34,55.1,-11.1,0.15
2004-02-27,2004,2,49,31,55.4,-6.4,0
2004-02-28,2004,2,62,25,55.7,6.3,0
2004-02-29,2004,2,66,39,55.9,10.1,0
2004-03-01,2004,3,61,52,56.1,4.9,1.07
2004-03-02,2004,3,68,46,56.4,11.6,0
2004-03-03,2004,3,64,46,56.7,7.3,0
2004-03-04,2004,3,76,57,57,19,0
2004-03-05,2004,3,70,54,57.4,12.6,1.48
2004-03-06,2004,3,61,43,57.7,3.3,0
2004-03-07,2004,3,65,36,58,7,0
2004-03-08,2004,3,56,39,58.4,-2.4,0
2004-03-09,2004,3,50,34,58.7,-8.7,0
2004-03-10,2004,3,52,28,59,-7,0
2004-03-11,2004,3,61,33,59.3,1.7,0
2004-03-12,2004,3,51,35,59.7,-8.7,0
2004-03-13,2004,3,58,31,60,-2,0
2004-03-14,2004,3,55,43,60.3,-5.3,0.05
2004-03-15,2004,3,58,40,60.7,-2.7,0.06
2004-03-16,2004,3,60,43,61,-1,0.25
2004-03-17,2004,3,60,41,61.3,-1.3,0.01
2004-03-18,2004,3,74,47,61.7,12.3,0.15
2004-03-19,2004,3,68,45,62,6,0
2004-03-20,2004,3,79,49,62.3,16.7,0.52
2004-03-21,2004,3,56,34,62.7,-6.7,0
2004-03-22,2004,3,48,30,63,-15,0
2004-03-23,2004,3,61,28,63.3,-2.3,0
2004-03-24,2004,3,71,49,63.7,7.3,0
2004-03-25,2004,3,76,49,64,12,0
2004-03-26,2004,3,76,59,64.3,11.7,0
2004-03-27,2004,3,80,55,64.6,15.4,0
2004-03-28,2004,3,80,54,65,15,0
2004-03-29,2004,3,68,49,65.3,2.7,1.05
2004-03-30,2004,3,63,42,65.6,-2.59999999999999,0
2004-03-31,2004,3,48,40,65.9,-17.9,0.17
2004-04-01,2004,4,56,41,66.2,-10.2,0.04
2004-04-02,2004,4,62,40,66.6,-4.59999999999999,0
2004-04-03,2004,4,66,44,66.9,-0.900000000000006,0
2004-04-04,2004,4,56,43,67.2,-11.2,0
2004-04-05,2004,4,59,39,67.5,-8.5,0
2004-04-06,2004,4,72,38,67.8,4.2,0
2004-04-07,2004,4,76,44,68.1,7.90000000000001,0.05
2004-04-08,2004,4,77,54,68.4,8.59999999999999,0
2004-04-09,2004,4,70,48,68.7,1.3,0
2004-04-10,2004,4,62,50,69,-7,0
2004-04-11,2004,4,59,51,69.3,-10.3,0.09
2004-04-12,2004,4,52,44,69.6,-17.6,1.33
2004-04-13,2004,4,44,35,69.9,-25.9,1.02
2004-04-14,2004,4,61,36,70.2,-9.2,0
2004-04-15,2004,4,72,35,70.5,1.5,0
2004-04-16,2004,4,78,46,70.8,7.2,0
2004-04-17,2004,4,81,52,71,10,0
2004-04-18,2004,4,83,54,71.3,11.7,0
2004-04-19,2004,4,80,61,71.6,8.40000000000001,0
2004-04-20,2004,4,80,61,71.8,8.2,0
2004-04-21,2004,4,71,59,72.1,-1.09999999999999,0.82
2004-04-22,2004,4,73,59,72.4,0.599999999999994,1.38
2004-04-23,2004,4,74,60,72.6,1.40000000000001,1.25
2004-04-24,2004,4,83,62,72.9,10.1,0.27
2004-04-25,2004,4,76,59,73.1,2.90000000000001,0.25
2004-04-26,2004,4,69,52,73.4,-4.40000000000001,0.01
2004-04-27,2004,4,68,45,73.6,-5.59999999999999,0
2004-04-28,2004,4,76,41,73.9,2.09999999999999,0
2004-04-29,2004,4,78,54,74.1,3.90000000000001,0.05
2004-04-30,2004,4,76,62,74.3,1.7,0.13
2004-05-01,2004,5,78,57,74.6,3.40000000000001,1
2004-05-02,2004,5,62,44,74.8,-12.8,0.41
2004-05-03,2004,5,57,43,75,-18,0.35
2004-05-04,2004,5,68,38,75.3,-7.3,0
2004-05-05,2004,5,83,53,75.5,7.5,0
2004-05-06,2004,5,85,58,75.7,9.3,0
2004-05-07,2004,5,86,56,76,10,0
2004-05-08,2004,5,88,58,76.2,11.8,0
2004-05-09,2004,5,86,61,76.4,9.59999999999999,0
2004-05-10,2004,5,82,63,76.7,5.3,0.37
2004-05-11,2004,5,84,62,76.9,7.09999999999999,0
2004-05-12,2004,5,82,62,77.1,4.90000000000001,0.12
2004-05-13,2004,5,77,67,77.4,-0.400000000000006,0.41
2004-05-14,2004,5,82,66,77.6,4.40000000000001,0.97
2004-05-15,2004,5,73,62,77.9,-4.90000000000001,0.77
2004-05-16,2004,5,79,62,78.1,0.900000000000006,0
2004-05-17,2004,5,84,66,78.4,5.59999999999999,0
2004-05-18,2004,5,80,64,78.6,1.40000000000001,0.64
2004-05-19,2004,5,84,64,78.9,5.09999999999999,0
2004-05-20,2004,5,87,66,79.1,7.90000000000001,0
2004-05-21,2004,5,88,68,79.4,8.59999999999999,0
2004-05-22,2004,5,88,68,79.6,8.40000000000001,0
2004-05-23,2004,5,84,68,79.9,4.09999999999999,0
2004-05-24,2004,5,86,70,80.2,5.8,0
2004-05-25,2004,5,87,68,80.4,6.59999999999999,0
2004-05-26,2004,5,85,72,80.7,4.3,0.01
2004-05-27,2004,5,84,74,81,3,0
2004-05-28,2004,5,78,68,81.3,-3.3,0.17
2004-05-29,2004,5,83,64,81.6,1.40000000000001,0
2004-05-30,2004,5,88,67,81.8,6.2,0.22
2004-05-31,2004,5,82,66,82.1,-0.0999999999999943,1.46
2004-06-01,2004,6,86,60,82.4,3.59999999999999,0
2004-06-02,2004,6,86,64,82.7,3.3,0.23
2004-06-03,2004,6,73,63,83,-10,0.18
2004-06-04,2004,6,79,59,83.2,-4.2,0
2004-06-05,2004,6,80,62,83.5,-3.5,0
2004-06-06,2004,6,81,62,83.8,-2.8,0
2004-06-07,2004,6,84,64,84.1,-0.0999999999999943,0
2004-06-08,2004,6,86,67,84.4,1.59999999999999,0.76
2004-06-09,2004,6,88,70,84.6,3.40000000000001,0
2004-06-10,2004,6,90,72,84.9,5.09999999999999,0
2004-06-11,2004,6,91,71,85.2,5.8,0
2004-06-12,2004,6,92,69,85.4,6.59999999999999,1.38
2004-06-13,2004,6,89,68,85.7,3.3,0.14
2004-06-14,2004,6,86,70,85.9,0.0999999999999943,0
2004-06-15,2004,6,83,72,86.1,-3.09999999999999,0.08
2004-06-16,2004,6,89,73,86.4,2.59999999999999,0.03
2004-06-17,2004,6,84,72,86.6,-2.59999999999999,0.08
2004-06-18,2004,6,88,71,86.8,1.2,0
2004-06-19,2004,6,83,69,87,-4,0.01
2004-06-20,2004,6,82,64,87.2,-5.2,0
2004-06-21,2004,6,86,66,87.4,-1.40000000000001,0
2004-06-22,2004,6,86,71,87.6,-1.59999999999999,0.07
2004-06-23,2004,6,78,67,87.8,-9.8,0.04
2004-06-24,2004,6,84,68,87.9,-3.90000000000001,0
2004-06-25,2004,6,78,70,88.1,-10.1,0.26
2004-06-26,2004,6,79,66,88.2,-9.2,0
2004-06-27,2004,6,82,64,88.4,-6.40000000000001,0
2004-06-28,2004,6,85,64,88.5,-3.5,0.01
2004-06-29,2004,6,83,66,88.6,-5.59999999999999,0.01
2004-06-30,2004,6,80,69,88.7,-8.7,0.11
2004-07-01,2004,7,77,69,88.8,-11.8,0.35
2004-07-02,2004,7,85,68,88.9,-3.90000000000001,0
2004-07-03,2004,7,86,69,89,-3,0.02
2004-07-04,2004,7,91,71,89,2,0.38
2004-07-05,2004,7,90,69,89.1,0.900000000000006,0.13
2004-07-06,2004,7,91,67,89.1,1.90000000000001,0.41
2004-07-07,2004,7,83,67,89.2,-6.2,0.02
2004-07-08,2004,7,87,67,89.2,-2.2,0
2004-07-09,2004,7,90,70,89.3,0.700000000000003,0
2004-07-10,2004,7,88,74,89.3,-1.3,0.19
2004-07-11,2004,7,85,72,89.3,-4.3,0.67
2004-07-12,2004,7,92,74,89.3,2.7,0
2004-07-13,2004,7,94,67,89.4,4.59999999999999,0.11
2004-07-14,2004,7,90,68,89.4,0.599999999999994,0
2004-07-15,2004,7,85,66,89.4,-4.40000000000001,0
2004-07-16,2004,7,83,66,89.4,-6.40000000000001,0
2004-07-17,2004,7,85,69,89.4,-4.40000000000001,0
2004-07-18,2004,7,85,69,89.4,-4.40000000000001,0
2004-07-19,2004,7,85,65,89.4,-4.40000000000001,0
2004-07-20,2004,7,88,64,89.4,-1.40000000000001,0
2004-07-21,2004,7,89,66,89.4,-0.400000000000006,0
2004-07-22,2004,7,91,71,89.4,1.59999999999999,0
2004-07-23,2004,7,92,70,89.4,2.59999999999999,0
2004-07-24,2004,7,88,73,89.4,-1.40000000000001,0
2004-07-25,2004,7,85,70,89.4,-4.40000000000001,0.07
2004-07-26,2004,7,77,67,89.4,-12.4,0.09
2004-07-27,2004,7,82,66,89.4,-7.40000000000001,0
2004-07-28,2004,7,84,59,89.4,-5.40000000000001,0
2004-07-29,2004,7,88,65,89.4,-1.40000000000001,0
2004-07-30,2004,7,91,69,89.5,1.5,0
2004-07-31,2004,7,87,73,89.5,-2.5,0.75
2004-08-01,2004,8,89,71,89.5,-0.5,0
2004-08-02,2004,8,91,70,89.5,1.5,0
2004-08-03,2004,8,93,68,89.5,3.5,0
2004-08-04,2004,8,93,69,89.5,3.5,0.36
2004-08-05,2004,8,79,67,89.5,-10.5,2.03
2004-08-06,2004,8,79,62,89.5,-10.5,0
2004-08-07,2004,8,82,56,89.5,-7.5,0
2004-08-08,2004,8,86,62,89.5,-3.5,0
2004-08-09,2004,8,86,66,89.5,-3.5,0
2004-08-10,2004,8,89,63,89.5,-0.5,0
2004-08-11,2004,8,83,63,89.5,-6.5,0.09
2004-08-12,2004,8,74,58,89.5,-15.5,0.12
2004-08-13,2004,8,71,53,89.4,-18.4,0
2004-08-14,2004,8,78,54,89.4,-11.4,0
2004-08-15,2004,8,81,53,89.4,-8.40000000000001,0
2004-08-16,2004,8,83,54,89.3,-6.3,0
2004-08-17,2004,8,84,60,89.3,-5.3,0
2004-08-18,2004,8,90,61,89.2,0.799999999999997,0.03
2004-08-19,2004,8,92,70,89.1,2.90000000000001,0
2004-08-20,2004,8,81,69,89.1,-8.09999999999999,0.56
2004-08-21,2004,8,76,65,89,-13,0.69
2004-08-22,2004,8,84,61,88.9,-4.90000000000001,0
2004-08-23,2004,8,86,65,88.7,-2.7,0
2004-08-24,2004,8,86,70,88.6,-2.59999999999999,0.3
2004-08-25,2004,8,82,71,88.5,-6.5,0.01
2004-08-26,2004,8,89,72,88.3,0.700000000000003,0.02
2004-08-27,2004,8,91,72,88.2,2.8,0.03
2004-08-28,2004,8,83,70,88,-5,0
2004-08-29,2004,8,82,70,87.8,-5.8,0
2004-08-30,2004,8,79,69,87.6,-8.59999999999999,0
2004-08-31,2004,8,82,67,87.4,-5.40000000000001,0
2004-09-01,2004,9,86,66,87.1,-1.09999999999999,0
2004-09-02,2004,9,82,68,86.9,-4.90000000000001,2.26
2004-09-03,2004,9,81,70,86.6,-5.59999999999999,0.01
2004-09-04,2004,9,84,72,86.4,-2.40000000000001,0
2004-09-05,2004,9,87,66,86.1,0.900000000000006,0
2004-09-06,2004,9,91,67,85.8,5.2,0
2004-09-07,2004,9,80,71,85.5,-5.5,0
2004-09-08,2004,9,77,67,85.2,-8.2,0
2004-09-09,2004,9,79,63,84.8,-5.8,0
2004-09-10,2004,9,84,61,84.5,-0.5,0
2004-09-11,2004,9,88,64,84.2,3.8,0
2004-09-12,2004,9,80,65,83.8,-3.8,0.51
2004-09-13,2004,9,85,66,83.5,1.5,0.24
2004-09-14,2004,9,84,67,83.1,0.900000000000006,0
2004-09-15,2004,9,87,64,82.7,4.3,0
2004-09-16,2004,9,75,69,82.4,-7.40000000000001,1.46
2004-09-17,2004,9,80,63,82,-2,0.07
2004-09-18,2004,9,79,57,81.6,-2.59999999999999,0
2004-09-19,2004,9,80,51,81.2,-1.2,0
2004-09-20,2004,9,81,50,80.9,0.0999999999999943,0
2004-09-21,2004,9,79,54,80.5,-1.5,0
2004-09-22,2004,9,83,55,80.1,2.90000000000001,0
2004-09-23,2004,9,85,58,79.7,5.3,0
2004-09-24,2004,9,87,59,79.3,7.7,0
2004-09-25,2004,9,86,65,78.9,7.09999999999999,0
2004-09-26,2004,9,82,63,78.6,3.40000000000001,0
2004-09-27,2004,9,81,60,78.2,2.8,0
2004-09-28,2004,9,80,62,77.8,2.2,0
2004-09-29,2004,9,71,56,77.4,-6.40000000000001,0
2004-09-30,2004,9,74,50,77.1,-3.09999999999999,0
2004-10-01,2004,10,78,50,76.7,1.3,0
2004-10-02,2004,10,74,58,76.4,-2.40000000000001,0.15
2004-10-03,2004,10,76,51,76,0,0
2004-10-04,2004,10,82,47,75.7,6.3,0
2004-10-05,2004,10,74,50,75.3,-1.3,0
2004-10-06,2004,10,78,44,75,3,0
2004-10-07,2004,10,81,52,74.6,6.40000000000001,0
2004-10-08,2004,10,73,56,74.3,-1.3,0
2004-10-09,2004,10,71,58,74,-3,0
2004-10-10,2004,10,78,64,73.6,4.40000000000001,0
2004-10-11,2004,10,73,60,73.3,-0.299999999999997,0
2004-10-12,2004,10,75,61,73,2,1.43
2004-10-13,2004,10,61,55,72.7,-11.7,0.06
2004-10-14,2004,10,63,45,72.3,-9.3,0.12
2004-10-15,2004,10,62,45,72,-10,0
2004-10-16,2004,10,62,45,71.7,-9.7,0
2004-10-17,2004,10,68,40,71.4,-3.40000000000001,0
2004-10-18,2004,10,71,57,71.1,-0.0999999999999943,1.84
2004-10-19,2004,10,74,63,70.7,3.3,0.53
2004-10-20,2004,10,70,61,70.4,-0.400000000000006,0.02
2004-10-21,2004,10,73,56,70.1,2.90000000000001,0
2004-10-22,2004,10,69,56,69.8,-0.799999999999997,0
2004-10-23,2004,10,69,62,69.4,-0.400000000000006,0.27
2004-10-24,2004,10,79,54,69.1,9.90000000000001,0
2004-10-25,2004,10,81,51,68.8,12.2,0
2004-10-26,2004,10,73,59,68.4,4.59999999999999,0.22
2004-10-27,2004,10,76,66,68.1,7.90000000000001,0.2
2004-10-28,2004,10,74,64,67.8,6.2,0.05
2004-10-29,2004,10,81,65,67.4,13.6,0
2004-10-30,2004,10,83,67,67,16,0
2004-10-31,2004,10,73,57,66.7,6.3,0.01
2004-11-01,2004,11,82,65,66.3,15.7,0
2004-11-02,2004,11,76,57,65.9,10.1,0.02
2004-11-03,2004,11,66,56,65.6,0.400000000000006,0.46
2004-11-04,2004,11,68,51,65.2,2.8,0.03
2004-11-05,2004,11,61,40,64.8,-3.8,0
2004-11-06,2004,11,70,37,64.4,5.59999999999999,0
2004-11-07,2004,11,76,46,64,12,0
2004-11-08,2004,11,59,43,63.6,-4.6,0
2004-11-09,2004,11,63,38,63.1,-0.100000000000001,0
2004-11-10,2004,11,66,41,62.7,3.3,0
2004-11-11,2004,11,61,53,62.3,-1.3,0.39
2004-11-12,2004,11,58,46,61.9,-3.9,0
2004-11-13,2004,11,58,38,61.4,-3.4,0
2004-11-14,2004,11,63,37,61,2,0
2004-11-15,2004,11,62,30,60.6,1.4,0
2004-11-16,2004,11,62,38,60.1,1.9,0
2004-11-17,2004,11,64,51,59.7,4.3,0
2004-11-18,2004,11,63,48,59.2,3.8,0.05
2004-11-19,2004,11,57,54,58.8,-1.8,0.04
2004-11-20,2004,11,61,52,58.4,2.6,0.04
2004-11-21,2004,11,58,49,57.9,0.100000000000001,0.01
2004-11-22,2004,11,60,50,57.5,2.5,0.02
2004-11-23,2004,11,61,56,57.1,3.9,0.97
2004-11-24,2004,11,70,40,56.6,13.4,0.91
2004-11-25,2004,11,48,32,56.2,-8.2,0
2004-11-26,2004,11,57,30,55.8,1.2,0
2004-11-27,2004,11,49,45,55.4,-6.4,0.19
2004-11-28,2004,11,50,38,54.9,-4.9,0
2004-11-29,2004,11,58,40,54.5,3.5,0.18
2004-11-30,2004,11,62,46,54.1,7.9,1.9
2004-12-01,2004,12,49,31,53.8,-4.8,0
2004-12-02,2004,12,53,27,53.4,-0.399999999999999,0
2004-12-03,2004,12,52,28,53,-1,0
2004-12-04,2004,12,58,28,52.6,5.4,0
2004-12-05,2004,12,57,31,52.3,4.7,0.42
2004-12-06,2004,12,65,54,51.9,13.1,0.79
2004-12-07,2004,12,68,45,51.6,16.4,1.13
2004-12-08,2004,12,59,40,51.3,7.7,0.04
2004-12-09,2004,12,60,48,51,9,1.14
2004-12-10,2004,12,56,41,50.7,5.3,0.07
2004-12-11,2004,12,43,40,50.4,-7.4,0.01
2004-12-12,2004,12,53,34,50.1,2.9,0
2004-12-13,2004,12,47,32,49.8,-2.8,0
2004-12-14,2004,12,32,23,49.6,-17.6,0
2004-12-15,2004,12,41,19,49.3,-8.3,0
2004-12-16,2004,12,50,20,49.1,0.899999999999999,0
2004-12-17,2004,12,52,25,48.8,3.2,0
2004-12-18,2004,12,55,25,48.6,6.4,0
2004-12-19,2004,12,41,15,48.4,-7.4,0.01
2004-12-20,2004,12,39,15,48.2,-9.2,0
2004-12-21,2004,12,56,38,48,8,0.01
2004-12-22,2004,12,53,31,47.9,5.1,2.25
2004-12-23,2004,12,32,16,47.7,-15.7,0.06
2004-12-24,2004,12,25,14,47.6,-22.6,0
2004-12-25,2004,12,34,13,47.4,-13.4,0
2004-12-26,2004,12,39,19,47.3,-8.3,0
2004-12-27,2004,12,39,21,47.2,-8.2,0
2004-12-28,2004,12,54,23,47.1,6.9,0
2004-12-29,2004,12,57,38,47,10,0
2004-12-30,2004,12,65,46,46.9,18.1,0
2004-12-31,2004,12,67,50,46.8,20.2,0
2005-01-01,2005,1,69,50,46.7,22.3,0
2005-01-02,2005,1,65,55,46.6,18.4,0.36
2005-01-03,2005,1,64,53,46.6,17.4,0
2005-01-04,2005,1,63,54,46.5,16.5,0
2005-01-05,2005,1,64,56,46.5,17.5,0.02
2005-01-06,2005,1,64,36,46.5,17.5,0.36
2005-01-07,2005,1,49,35,46.4,2.6,1.71
2005-01-08,2005,1,51,40,46.4,4.6,0
2005-01-09,2005,1,57,39,46.4,10.6,0
2005-01-10,2005,1,59,51,46.4,12.6,0
2005-01-11,2005,1,64,58,46.4,17.6,0.29
2005-01-12,2005,1,67,60,46.4,20.6,0
2005-01-13,2005,1,66,38,46.5,19.5,0.8
2005-01-14,2005,1,39,30,46.5,-7.5,0
2005-01-15,2005,1,45,28,46.5,-1.5,0
2005-01-16,2005,1,33,20,46.6,-13.6,0
2005-01-17,2005,1,28,14,46.6,-18.6,0
2005-01-18,2005,1,31,13,46.7,-15.7,0
2005-01-19,2005,1,52,26,46.8,5.2,0.01
2005-01-20,2005,1,58,26,46.8,11.2,0
2005-01-21,2005,1,52,32,46.9,5.1,0
2005-01-22,2005,1,57,19,47,10,0
2005-01-23,2005,1,29,15,47.1,-18.1,0
2005-01-24,2005,1,49,16,47.3,1.7,0
2005-01-25,2005,1,59,27,47.4,11.6,0.03
2005-01-26,2005,1,56,37,47.5,8.5,0.04
2005-01-27,2005,1,41,30,47.6,-6.6,0
2005-01-28,2005,1,49,28,47.8,1.2,0.33
2005-01-29,2005,1,39,33,48,-9,0.47
2005-01-30,2005,1,38,35,48.1,-10.1,0
2005-01-31,2005,1,42,36,48.3,-6.3,0
2005-02-01,2005,2,45,38,48.5,-3.5,0
2005-02-02,2005,2,44,39,48.7,-4.7,0.27
2005-02-03,2005,2,42,33,48.9,-6.9,0
2005-02-04,2005,2,52,27,49.1,2.9,0
2005-02-05,2005,2,60,29,49.3,10.7,0
2005-02-06,2005,2,63,36,49.5,13.5,0
2005-02-07,2005,2,57,43,49.7,7.3,0.63
2005-02-08,2005,2,64,48,50,14,0
2005-02-09,2005,2,52,37,50.2,1.8,0
2005-02-10,2005,2,38,25,50.4,-12.4,0
2005-02-11,2005,2,53,20,50.7,2.3,0
2005-02-12,2005,2,63,28,51,12,0
2005-02-13,2005,2,56,45,51.2,4.8,0.71
2005-02-14,2005,2,68,44,51.5,16.5,0.02
2005-02-15,2005,2,69,38,51.8,17.2,0
2005-02-16,2005,2,62,40,52.1,9.9,0
2005-02-17,2005,2,49,32,52.3,-3.3,0
2005-02-18,2005,2,57,25,52.6,4.4,0
2005-02-19,2005,2,47,33,52.9,-5.9,0.03
2005-02-20,2005,2,52,42,53.2,-1.2,1.28
2005-02-21,2005,2,69,45,53.5,15.5,0.38
2005-02-22,2005,2,57,39,53.8,3.2,0
2005-02-23,2005,2,52,38,54.1,-2.1,0
2005-02-24,2005,2,44,37,54.5,-10.5,0
2005-02-25,2005,2,50,32,54.8,-4.8,0
2005-02-26,2005,2,61,28,55.1,5.9,0
2005-02-27,2005,2,57,34,55.4,1.6,0.03
2005-02-28,2005,2,46,32,55.7,-9.7,0.49
2005-03-01,2005,3,36,27,56.1,-20.1,0
2005-03-02,2005,3,48,19,56.4,-8.4,0
2005-03-03,2005,3,54,27,56.7,-2.7,0
2005-03-04,2005,3,65,29,57,8,0.01
2005-03-05,2005,3,57,37,57.4,-0.399999999999999,0
2005-03-06,2005,3,63,30,57.7,5.3,0
2005-03-07,2005,3,61,39,58,3,0.33
2005-03-08,2005,3,46,30,58.4,-12.4,0
2005-03-09,2005,3,47,25,58.7,-11.7,0
2005-03-10,2005,3,53,27,59,-6,0
2005-03-11,2005,3,49,40,59.3,-10.3,0
2005-03-12,2005,3,76,41,59.7,16.3,0
2005-03-13,2005,3,55,38,60,-5,0
2005-03-14,2005,3,53,31,60.3,-7.3,0
2005-03-15,2005,3,50,32,60.7,-10.7,0.05
2005-03-16,2005,3,44,33,61,-17,0.26
2005-03-17,2005,3,57,36,61.3,-4.3,0
2005-03-18,2005,3,58,28,61.7,-3.7,0
2005-03-19,2005,3,57,43,62,-5,0
2005-03-20,2005,3,61,39,62.3,-1.3,0
2005-03-21,2005,3,67,40,62.7,4.3,0
2005-03-22,2005,3,66,50,63,3,0.77
2005-03-23,2005,3,56,45,63.3,-7.3,0.16
2005-03-24,2005,3,53,44,63.7,-10.7,0
2005-03-25,2005,3,77,46,64,13,0.11
2005-03-26,2005,3,68,51,64.3,3.7,0
2005-03-27,2005,3,54,48,64.6,-10.6,1.56
2005-03-28,2005,3,50,39,65,-15,0.32
2005-03-29,2005,3,73,34,65.3,7.7,0
2005-03-30,2005,3,77,46,65.6,11.4,0.22
2005-03-31,2005,3,73,52,65.9,7.09999999999999,0.11
2005-04-01,2005,4,57,47,66.2,-9.2,1.33
2005-04-02,2005,4,56,41,66.6,-10.6,0.02
2005-04-03,2005,4,70,43,66.9,3.09999999999999,0
2005-04-04,2005,4,78,42,67.2,10.8,0
2005-04-05,2005,4,79,52,67.5,11.5,0
2005-04-06,2005,4,66,55,67.8,-1.8,0.87
2005-04-07,2005,4,70,56,68.1,1.90000000000001,0.85
2005-04-08,2005,4,67,56,68.4,-1.40000000000001,0.2
2005-04-09,2005,4,79,49,68.7,10.3,0
2005-04-10,2005,4,80,55,69,11,0
2005-04-11,2005,4,74,60,69.3,4.7,0
2005-04-12,2005,4,74,54,69.6,4.40000000000001,0.08
2005-04-13,2005,4,66,54,69.9,-3.90000000000001,0.27
2005-04-14,2005,4,70,49,70.2,-0.200000000000003,0
2005-04-15,2005,4,74,49,70.5,3.5,0
2005-04-16,2005,4,77,44,70.8,6.2,0
2005-04-17,2005,4,79,48,71,8,0
2005-04-18,2005,4,80,58,71.3,8.7,0
2005-04-19,2005,4,80,53,71.6,8.40000000000001,0
2005-04-20,2005,4,80,55,71.8,8.2,0
2005-04-21,2005,4,83,64,72.1,10.9,0
2005-04-22,2005,4,80,54,72.4,7.59999999999999,0.56
2005-04-23,2005,4,54,37,72.6,-18.6,0.12
2005-04-24,2005,4,56,36,72.9,-16.9,0
2005-04-25,2005,4,67,37,73.1,-6.09999999999999,0
2005-04-26,2005,4,58,48,73.4,-15.4,0.26
2005-04-27,2005,4,62,43,73.6,-11.6,0
2005-04-28,2005,4,62,40,73.9,-11.9,0.43
2005-04-29,2005,4,66,54,74.1,-8.09999999999999,1.77
2005-04-30,2005,4,58,43,74.3,-16.3,0.17
2005-05-01,2005,5,66,38,74.6,-8.59999999999999,0
2005-05-02,2005,5,63,46,74.8,-11.8,0
2005-05-03,2005,5,64,37,75,-11,0
2005-05-04,2005,5,66,38,75.3,-9.3,0
2005-05-05,2005,5,72,48,75.5,-3.5,0
2005-05-06,2005,5,74,48,75.7,-1.7,0
2005-05-07,2005,5,79,46,76,3,0
2005-05-08,2005,5,82,50,76.2,5.8,0
2005-05-09,2005,5,81,56,76.4,4.59999999999999,0
2005-05-10,2005,5,84,59,76.7,7.3,0
2005-05-11,2005,5,87,60,76.9,10.1,0
2005-05-12,2005,5,90,63,77.1,12.9,0
2005-05-13,2005,5,86,64,77.4,8.59999999999999,0
2005-05-14,2005,5,79,64,77.6,1.40000000000001,0.43
2005-05-15,2005,5,70,53,77.9,-7.90000000000001,0
2005-05-16,2005,5,67,49,78.1,-11.1,0
2005-05-17,2005,5,76,50,78.4,-2.40000000000001,0
2005-05-18,2005,5,84,50,78.6,5.40000000000001,0
2005-05-19,2005,5,85,62,78.9,6.09999999999999,0.39
2005-05-20,2005,5,82,65,79.1,2.90000000000001,0.21
2005-05-21,2005,5,76,59,79.4,-3.40000000000001,0
2005-05-22,2005,5,81,57,79.6,1.40000000000001,0
2005-05-23,2005,5,82,66,79.9,2.09999999999999,0
2005-05-24,2005,5,75,58,80.2,-5.2,0
2005-05-25,2005,5,72,53,80.4,-8.40000000000001,0
2005-05-26,2005,5,78,51,80.7,-2.7,0
2005-05-27,2005,5,82,61,81,1,0
2005-05-28,2005,5,82,60,81.3,0.700000000000003,0
2005-05-29,2005,5,79,59,81.6,-2.59999999999999,0
2005-05-30,2005,5,83,56,81.8,1.2,0
2005-05-31,2005,5,83,62,82.1,0.900000000000006,0
2005-06-01,2005,6,72,64,82.4,-10.4,0.55
2005-06-02,2005,6,72,63,82.7,-10.7,0.11
2005-06-03,2005,6,81,67,83,-2,0.03
2005-06-04,2005,6,90,61,83.2,6.8,0
2005-06-05,2005,6,92,70,83.5,8.5,0
2005-06-06,2005,6,91,66,83.8,7.2,0.12
2005-06-07,2005,6,87,64,84.1,2.90000000000001,0
2005-06-08,2005,6,89,69,84.4,4.59999999999999,0
2005-06-09,2005,6,88,68,84.6,3.40000000000001,0
2005-06-10,2005,6,90,71,84.9,5.09999999999999,0.23
2005-06-11,2005,6,76,70,85.2,-9.2,1.24
2005-06-12,2005,6,76,70,85.4,-9.40000000000001,0.32
2005-06-13,2005,6,90,70,85.7,4.3,0
2005-06-14,2005,6,92,72,85.9,6.09999999999999,0
2005-06-15,2005,6,86,66,86.1,-0.0999999999999943,0
2005-06-16,2005,6,82,66,86.4,-4.40000000000001,0
2005-06-17,2005,6,81,58,86.6,-5.59999999999999,0
2005-06-18,2005,6,79,63,86.8,-7.8,0
2005-06-19,2005,6,85,62,87,-2,0
2005-06-20,2005,6,86,66,87.2,-1.2,0
2005-06-21,2005,6,86,63,87.4,-1.40000000000001,0
2005-06-22,2005,6,89,62,87.6,1.40000000000001,0
2005-06-23,2005,6,93,70,87.8,5.2,0
2005-06-24,2005,6,94,65,87.9,6.09999999999999,0
2005-06-25,2005,6,91,69,88.1,2.90000000000001,0
2005-06-26,2005,6,87,72,88.2,-1.2,0
2005-06-27,2005,6,92,72,88.4,3.59999999999999,0
2005-06-28,2005,6,91,70,88.5,2.5,0.1
2005-06-29,2005,6,94,71,88.6,5.40000000000001,0
2005-06-30,2005,6,96,73,88.7,7.3,0
2005-07-01,2005,7,91,75,88.8,2.2,0
2005-07-02,2005,7,92,73,88.9,3.09999999999999,0
2005-07-03,2005,7,94,71,89,5,0
2005-07-04,2005,7,96,73,89,7,0.02
2005-07-05,2005,7,88,72,89.1,-1.09999999999999,0.05
2005-07-06,2005,7,87,73,89.1,-2.09999999999999,0
2005-07-07,2005,7,92,70,89.2,2.8,0.2
2005-07-08,2005,7,90,69,89.2,0.799999999999997,0
2005-07-09,2005,7,94,70,89.3,4.7,0
2005-07-10,2005,7,94,72,89.3,4.7,0.1
2005-07-11,2005,7,79,71,89.3,-10.3,0.71
2005-07-12,2005,7,87,69,89.3,-2.3,0.01
2005-07-13,2005,7,79,69,89.4,-10.4,0.53
2005-07-14,2005,7,87,73,89.4,-2.40000000000001,0.04
2005-07-15,2005,7,85,73,89.4,-4.40000000000001,0.01
2005-07-16,2005,7,85,73,89.4,-4.40000000000001,0
2005-07-17,2005,7,90,74,89.4,0.599999999999994,0
2005-07-18,2005,7,92,74,89.4,2.59999999999999,0
2005-07-19,2005,7,87,73,89.4,-2.40000000000001,0.46
2005-07-20,2005,7,91,73,89.4,1.59999999999999,0.09
2005-07-21,2005,7,94,72,89.4,4.59999999999999,0
2005-07-22,2005,7,93,71,89.4,3.59999999999999,0.15
2005-07-23,2005,7,93,76,89.4,3.59999999999999,0
2005-07-24,2005,7,94,73,89.4,4.59999999999999,0
2005-07-25,2005,7,96,75,89.4,6.59999999999999,0
2005-07-26,2005,7,95,76,89.4,5.59999999999999,0
2005-07-27,2005,7,91,72,89.4,1.59999999999999,0.02
2005-07-28,2005,7,83,69,89.4,-6.40000000000001,0
2005-07-29,2005,7,88,67,89.4,-1.40000000000001,0
2005-07-30,2005,7,92,70,89.5,2.5,0
2005-07-31,2005,7,93,71,89.5,3.5,0
2005-08-01,2005,8,93,72,89.5,3.5,0
2005-08-02,2005,8,92,71,89.5,2.5,0.04
2005-08-03,2005,8,96,69,89.5,6.5,0
2005-08-04,2005,8,96,71,89.5,6.5,0
2005-08-05,2005,8,96,72,89.5,6.5,0
2005-08-06,2005,8,95,71,89.5,5.5,0
2005-08-07,2005,8,91,68,89.5,1.5,0
2005-08-08,2005,8,88,70,89.5,-1.5,0
2005-08-09,2005,8,94,71,89.5,4.5,0
2005-08-10,2005,8,98,72,89.5,8.5,0
2005-08-11,2005,8,98,73,89.5,8.5,0
2005-08-12,2005,8,98,72,89.5,8.5,0.41
2005-08-13,2005,8,97,75,89.4,7.59999999999999,0
2005-08-14,2005,8,97,70,89.4,7.59999999999999,0
2005-08-15,2005,8,96,71,89.4,6.59999999999999,0
2005-08-16,2005,8,95,72,89.3,5.7,0.13
2005-08-17,2005,8,92,73,89.3,2.7,3.22
2005-08-18,2005,8,93,72,89.2,3.8,0
2005-08-19,2005,8,97,76,89.1,7.90000000000001,0
2005-08-20,2005,8,98,77,89.1,8.90000000000001,0
2005-08-21,2005,8,95,78,89,6,0
2005-08-22,2005,8,88,76,88.9,-0.900000000000006,0
2005-08-23,2005,8,91,73,88.7,2.3,0
2005-08-24,2005,8,92,70,88.6,3.40000000000001,0
2005-08-25,2005,8,88,73,88.5,-0.5,0.04
2005-08-26,2005,8,83,72,88.3,-5.3,0.48
2005-08-27,2005,8,84,72,88.2,-4.2,0
2005-08-28,2005,8,86,71,88,-2,0.05
2005-08-29,2005,8,75,70,87.8,-12.8,0.55
2005-08-30,2005,8,77,69,87.6,-10.6,1.97
2005-08-31,2005,8,86,63,87.4,-1.40000000000001,0
2005-09-01,2005,9,89,64,87.1,1.90000000000001,0
2005-09-02,2005,9,88,67,86.9,1.09999999999999,0
2005-09-03,2005,9,88,61,86.6,1.40000000000001,0
2005-09-04,2005,9,84,62,86.4,-2.40000000000001,0
2005-09-05,2005,9,87,63,86.1,0.900000000000006,0
2005-09-06,2005,9,86,65,85.8,0.200000000000003,0
2005-09-07,2005,9,86,64,85.5,0.5,0
2005-09-08,2005,9,85,62,85.2,-0.200000000000003,0
2005-09-09,2005,9,87,62,84.8,2.2,0
2005-09-10,2005,9,89,68,84.5,4.5,0
2005-09-11,2005,9,90,65,84.2,5.8,0
2005-09-12,2005,9,89,65,83.8,5.2,0
2005-09-13,2005,9,88,65,83.5,4.5,0
2005-09-14,2005,9,89,65,83.1,5.90000000000001,0
2005-09-15,2005,9,88,67,82.7,5.3,0.6
2005-09-16,2005,9,87,68,82.4,4.59999999999999,0
2005-09-17,2005,9,75,61,82,-7,0
2005-09-18,2005,9,81,57,81.6,-0.599999999999994,0
2005-09-19,2005,9,90,60,81.2,8.8,0
2005-09-20,2005,9,91,67,80.9,10.1,0
2005-09-21,2005,9,91,68,80.5,10.5,0
2005-09-22,2005,9,91,68,80.1,10.9,0
2005-09-23,2005,9,89,68,79.7,9.3,0
2005-09-24,2005,9,89,68,79.3,9.7,0
2005-09-25,2005,9,85,71,78.9,6.09999999999999,0.77
2005-09-26,2005,9,84,70,78.6,5.40000000000001,0.07
2005-09-27,2005,9,82,65,78.2,3.8,0
2005-09-28,2005,9,86,58,77.8,8.2,0
2005-09-29,2005,9,76,55,77.4,-1.40000000000001,0
2005-09-30,2005,9,76,50,77.1,-1.09999999999999,0
2005-10-01,2005,10,85,56,76.7,8.3,0
2005-10-02,2005,10,86,66,76.4,9.59999999999999,0
2005-10-03,2005,10,87,67,76,11,0
2005-10-04,2005,10,86,63,75.7,10.3,0
2005-10-05,2005,10,86,62,75.3,10.7,0
2005-10-06,2005,10,82,60,75,7,0.01
2005-10-07,2005,10,61,52,74.6,-13.6,0
2005-10-08,2005,10,61,52,74.3,-13.3,0
2005-10-09,2005,10,60,54,74,-14,0
2005-10-10,2005,10,65,56,73.6,-8.59999999999999,0
2005-10-11,2005,10,68,58,73.3,-5.3,0
2005-10-12,2005,10,79,54,73,6,0
2005-10-13,2005,10,78,55,72.7,5.3,0
2005-10-14,2005,10,78,55,72.3,5.7,0
2005-10-15,2005,10,82,49,72,10,0
2005-10-16,2005,10,75,44,71.7,3.3,0
2005-10-17,2005,10,77,41,71.4,5.59999999999999,0
2005-10-18,2005,10,84,55,71.1,12.9,0
2005-10-19,2005,10,89,58,70.7,18.3,0
2005-10-20,2005,10,84,62,70.4,13.6,0
2005-10-21,2005,10,74,53,70.1,3.90000000000001,0.01
2005-10-22,2005,10,65,46,69.8,-4.8,0
2005-10-23,2005,10,58,41,69.4,-11.4,0
2005-10-24,2005,10,51,38,69.1,-18.1,0
2005-10-25,2005,10,55,43,68.8,-13.8,0
2005-10-26,2005,10,59,39,68.4,-9.40000000000001,0
2005-10-27,2005,10,58,35,68.1,-10.1,0
2005-10-28,2005,10,60,33,67.8,-7.8,0
2005-10-29,2005,10,62,30,67.4,-5.40000000000001,0
2005-10-30,2005,10,71,31,67,4,0
2005-10-31,2005,10,73,38,66.7,6.3,0
2005-11-01,2005,11,63,43,66.3,-3.3,0
2005-11-02,2005,11,71,35,65.9,5.09999999999999,0
2005-11-03,2005,11,74,38,65.6,8.40000000000001,0
2005-11-04,2005,11,73,54,65.2,7.8,0
2005-11-05,2005,11,79,64,64.8,14.2,0
2005-11-06,2005,11,76,48,64.4,11.6,0.22
2005-11-07,2005,11,76,41,64,12,0
2005-11-08,2005,11,83,57,63.6,19.4,0
2005-11-09,2005,11,81,55,63.1,17.9,0.28
2005-11-10,2005,11,58,37,62.7,-4.7,0
2005-11-11,2005,11,64,31,62.3,1.7,0
2005-11-12,2005,11,71,37,61.9,9.1,0
2005-11-13,2005,11,69,58,61.4,7.6,0.11
2005-11-14,2005,11,66,55,61,5,0.04
2005-11-15,2005,11,73,51,60.6,12.4,1.48
2005-11-16,2005,11,51,32,60.1,-9.1,0
2005-11-17,2005,11,41,26,59.7,-18.7,0
2005-11-18,2005,11,51,26,59.2,-8.2,0
2005-11-19,2005,11,56,27,58.8,-2.8,0
2005-11-20,2005,11,61,32,58.4,2.6,0
2005-11-21,2005,11,47,41,57.9,-10.9,0
2005-11-22,2005,11,49,35,57.5,-8.5,0
2005-11-23,2005,11,63,29,57.1,5.9,0
2005-11-24,2005,11,55,29,56.6,-1.6,0
2005-11-25,2005,11,39,23,56.2,-17.2,0
2005-11-26,2005,11,68,27,55.8,12.2,0
2005-11-27,2005,11,63,53,55.4,7.6,0.03
2005-11-28,2005,11,71,48,54.9,16.1,1.13
2005-11-29,2005,11,48,32,54.5,-6.5,0
2005-11-30,2005,11,45,28,54.1,-9.1,0
2005-12-01,2005,12,52,28,53.8,-1.8,0
2005-12-02,2005,12,40,24,53.4,-13.4,0
2005-12-03,2005,12,61,33,53,8,0.24
2005-12-04,2005,12,60,34,52.6,7.4,0.15
2005-12-05,2005,12,34,21,52.3,-18.3,0
2005-12-06,2005,12,43,17,51.9,-8.9,0
2005-12-07,2005,12,40,23,51.6,-11.6,0
2005-12-08,2005,12,44,30,51.3,-7.3,0.53
2005-12-09,2005,12,30,19,51,-21,0
2005-12-10,2005,12,43,15,50.7,-7.7,0
2005-12-11,2005,12,45,37,50.4,-5.4,0
2005-12-12,2005,12,47,37,50.1,-3.1,0
2005-12-13,2005,12,41,32,49.8,-8.8,0
2005-12-14,2005,12,46,33,49.6,-3.6,0.34
2005-12-15,2005,12,45,33,49.3,-4.3,0.83
2005-12-16,2005,12,45,32,49.1,-4.1,0
2005-12-17,2005,12,48,32,48.8,-0.799999999999997,0
2005-12-18,2005,12,49,27,48.6,0.399999999999999,0
2005-12-19,2005,12,34,22,48.4,-14.4,0
2005-12-20,2005,12,36,18,48.2,-12.2,0
2005-12-21,2005,12,41,16,48,-7,0
2005-12-22,2005,12,46,19,47.9,-1.9,0
2005-12-23,2005,12,55,26,47.7,7.3,0
2005-12-24,2005,12,51,34,47.6,3.4,0.33
2005-12-25,2005,12,50,38,47.4,2.6,0.01
2005-12-26,2005,12,39,31,47.3,-8.3,0
2005-12-27,2005,12,64,27,47.2,16.8,0
2005-12-28,2005,12,63,41,47.1,15.9,0
2005-12-29,2005,12,41,37,47,-6,0
2005-12-30,2005,12,52,37,46.9,5.1,0.03
2005-12-31,2005,12,56,34,46.8,9.2,0
2006-01-01,2006,1,67,31,46.7,20.3,0.01
2006-01-02,2006,1,75,50,46.6,28.4,0.02
2006-01-03,2006,1,50,37,46.6,3.4,0
2006-01-04,2006,1,69,34,46.5,22.5,0
2006-01-05,2006,1,43,37,46.5,-3.5,0
2006-01-06,2006,1,37,31,46.5,-9.5,0
2006-01-07,2006,1,51,31,46.4,4.6,0
2006-01-08,2006,1,69,38,46.4,22.6,0
2006-01-09,2006,1,62,47,46.4,15.6,0
2006-01-10,2006,1,66,44,46.4,19.6,0.38
2006-01-11,2006,1,54,39,46.4,7.6,0
2006-01-12,2006,1,65,29,46.4,18.6,0
2006-01-13,2006,1,59,34,46.5,12.5,0.76
2006-01-14,2006,1,40,28,46.5,-6.5,0
2006-01-15,2006,1,47,23,46.5,0.5,0
2006-01-16,2006,1,60,47,46.6,13.4,0.11
2006-01-17,2006,1,58,30,46.6,11.4,1.77
2006-01-18,2006,1,50,28,46.7,3.3,0
2006-01-19,2006,1,64,41,46.8,17.2,0
2006-01-20,2006,1,65,48,46.8,18.2,0
2006-01-21,2006,1,59,37,46.9,12.1,0.06
2006-01-22,2006,1,50,37,47,3,2.6
2006-01-23,2006,1,46,39,47.1,-1.1,0.3
2006-01-24,2006,1,59,28,47.3,11.7,0
2006-01-25,2006,1,48,34,47.4,0.600000000000001,0
2006-01-26,2006,1,48,24,47.5,0.5,0
2006-01-27,2006,1,57,29,47.6,9.4,0
2006-01-28,2006,1,65,42,47.8,17.2,0.1
2006-01-29,2006,1,64,45,48,16,0.45
2006-01-30,2006,1,52,36,48.1,3.9,0.01
2006-01-31,2006,1,51,31,48.3,2.7,0
2006-02-01,2006,2,60,30,48.5,11.5,0
2006-02-02,2006,2,55,42,48.7,6.3,0.28
2006-02-03,2006,2,56,42,48.9,7.1,0.51
2006-02-04,2006,2,42,30,49.1,-7.1,0.23
2006-02-05,2006,2,41,26,49.3,-8.3,0
2006-02-06,2006,2,47,29,49.5,-2.5,0
2006-02-07,2006,2,48,28,49.7,-1.7,0
2006-02-08,2006,2,44,28,50,-6,0.09
2006-02-09,2006,2,40,26,50.2,-10.2,0
2006-02-10,2006,2,48,25,50.4,-2.4,0.31
2006-02-11,2006,2,41,32,50.7,-9.7,0.06
2006-02-12,2006,2,36,28,51,-15,0.01
2006-02-13,2006,2,40,25,51.2,-11.2,0.01
2006-02-14,2006,2,58,32,51.5,6.5,0
2006-02-15,2006,2,65,37,51.8,13.2,0
2006-02-16,2006,2,70,57,52.1,17.9,0
2006-02-17,2006,2,67,33,52.3,14.7,0.4
2006-02-18,2006,2,34,13,52.6,-18.6,0.18
2006-02-19,2006,2,26,12,52.9,-26.9,0.02
2006-02-20,2006,2,39,23,53.2,-14.2,0
2006-02-21,2006,2,50,34,53.5,-3.5,0.2
2006-02-22,2006,2,46,40,53.8,-7.8,0.39
2006-02-23,2006,2,60,34,54.1,5.9,0
2006-02-24,2006,2,62,30,54.5,7.5,0
2006-02-25,2006,2,64,37,54.8,9.2,0
2006-02-26,2006,2,44,26,55.1,-11.1,0
2006-02-27,2006,2,59,23,55.4,3.6,0
2006-02-28,2006,2,70,43,55.7,14.3,0
2006-03-01,2006,3,74,52,56.1,17.9,0
2006-03-02,2006,3,71,40,56.4,14.6,0
2006-03-03,2006,3,50,34,56.7,-6.7,0
2006-03-04,2006,3,55,31,57,-2,0
2006-03-05,2006,3,58,33,57.4,0.600000000000001,0.12
2006-03-06,2006,3,60,40,57.7,2.3,0
2006-03-07,2006,3,52,37,58,-6,0
2006-03-08,2006,3,72,39,58.4,13.6,0
2006-03-09,2006,3,69,54,58.7,10.3,0.86
2006-03-10,2006,3,71,49,59,12,0
2006-03-11,2006,3,80,55,59.3,20.7,0
2006-03-12,2006,3,83,69,59.7,23.3,0
2006-03-13,2006,3,76,47,60,16,0.43
2006-03-14,2006,3,56,40,60.3,-4.3,0
2006-03-15,2006,3,64,32,60.7,3.3,0
2006-03-16,2006,3,70,47,61,9,0
2006-03-17,2006,3,58,40,61.3,-3.3,0
2006-03-18,2006,3,55,37,61.7,-6.7,0
2006-03-19,2006,3,50,39,62,-12,0
2006-03-20,2006,3,44,36,62.3,-18.3,1.07
2006-03-21,2006,3,52,33,62.7,-10.7,0.11
2006-03-22,2006,3,47,29,63,-16,0
2006-03-23,2006,3,50,33,63.3,-13.3,0
2006-03-24,2006,3,48,34,63.7,-15.7,0
2006-03-25,2006,3,48,32,64,-16,0
2006-03-26,2006,3,50,30,64.3,-14.3,0
2006-03-27,2006,3,65,28,64.6,0.400000000000006,0
2006-03-28,2006,3,67,47,65,2,0
2006-03-29,2006,3,66,40,65.3,0.700000000000003,0
2006-03-30,2006,3,80,40,65.6,14.4,0
2006-03-31,2006,3,72,57,65.9,6.09999999999999,0.31
2006-04-01,2006,4,81,57,66.2,14.8,0
2006-04-02,2006,4,82,54,66.6,15.4,1.14
2006-04-03,2006,4,68,45,66.9,1.09999999999999,0.07
2006-04-04,2006,4,65,42,67.2,-2.2,0
2006-04-05,2006,4,71,37,67.5,3.5,0
2006-04-06,2006,4,79,50,67.8,11.2,0.02
2006-04-07,2006,4,76,59,68.1,7.90000000000001,0.2
2006-04-08,2006,4,60,43,68.4,-8.40000000000001,0.36
2006-04-09,2006,4,63,36,68.7,-5.7,0
2006-04-10,2006,4,74,37,69,5,0
2006-04-11,2006,4,77,48,69.3,7.7,0
2006-04-12,2006,4,82,62,69.6,12.4,0
2006-04-13,2006,4,84,62,69.9,14.1,0
2006-04-14,2006,4,88,61,70.2,17.8,0
2006-04-15,2006,4,84,69,70.5,13.5,0
2006-04-16,2006,4,80,66,70.8,9.2,0
2006-04-17,2006,4,82,63,71,11,0
2006-04-18,2006,4,86,57,71.3,14.7,0
2006-04-19,2006,4,88,67,71.6,16.4,0
2006-04-20,2006,4,73,64,71.8,1.2,0.7
2006-04-21,2006,4,72,62,72.1,-0.0999999999999943,0.8
2006-04-22,2006,4,79,58,72.4,6.59999999999999,0
2006-04-23,2006,4,82,64,72.6,9.40000000000001,0
2006-04-24,2006,4,76,62,72.9,3.09999999999999,0
2006-04-25,2006,4,78,62,73.1,4.90000000000001,0.03
2006-04-26,2006,4,63,52,73.4,-10.4,0.26
2006-04-27,2006,4,70,44,73.6,-3.59999999999999,0
2006-04-28,2006,4,75,42,73.9,1.09999999999999,0
2006-04-29,2006,4,74,59,74.1,-0.0999999999999943,0
2006-04-30,2006,4,65,51,74.3,-9.3,0.56
2006-05-01,2006,5,75,47,74.6,0.400000000000006,0
2006-05-02,2006,5,73,57,74.8,-1.8,0.73
2006-05-03,2006,5,84,60,75,9,0.19
2006-05-04,2006,5,75,61,75.3,-0.299999999999997,0
2006-05-05,2006,5,70,58,75.5,-5.5,0.13
2006-05-06,2006,5,70,52,75.7,-5.7,0.03
2006-05-07,2006,5,62,57,76,-14,0.01
2006-05-08,2006,5,69,55,76.2,-7.2,0
2006-05-09,2006,5,73,52,76.4,-3.40000000000001,0.38
2006-05-10,2006,5,74,60,76.7,-2.7,0.57
2006-05-11,2006,5,70,50,76.9,-6.90000000000001,0.2
2006-05-12,2006,5,70,50,77.1,-7.09999999999999,0
2006-05-13,2006,5,77,49,77.4,-0.400000000000006,0
2006-05-14,2006,5,61,45,77.6,-16.6,0
2006-05-15,2006,5,59,46,77.9,-18.9,0.16
2006-05-16,2006,5,68,50,78.1,-10.1,0.06
2006-05-17,2006,5,71,50,78.4,-7.40000000000001,0.01
2006-05-18,2006,5,75,55,78.6,-3.59999999999999,0.01
2006-05-19,2006,5,75,46,78.9,-3.90000000000001,0.04
2006-05-20,2006,5,80,63,79.1,0.900000000000006,0.04
2006-05-21,2006,5,74,61,79.4,-5.40000000000001,0.1
2006-05-22,2006,5,74,57,79.6,-5.59999999999999,0.24
2006-05-23,2006,5,79,56,79.9,-0.900000000000006,0
2006-05-24,2006,5,86,51,80.2,5.8,0
2006-05-25,2006,5,88,65,80.4,7.59999999999999,0.51
2006-05-26,2006,5,89,67,80.7,8.3,0.05
2006-05-27,2006,5,89,68,81,8,0
2006-05-28,2006,5,87,67,81.3,5.7,1.42
2006-05-29,2006,5,91,66,81.6,9.40000000000001,0
2006-05-30,2006,5,91,70,81.8,9.2,0
2006-05-31,2006,5,91,69,82.1,8.90000000000001,0.07
2006-06-01,2006,6,89,68,82.4,6.59999999999999,0.28
2006-06-02,2006,6,77,63,82.7,-5.7,0.19
2006-06-03,2006,6,84,59,83,1,0.13
2006-06-04,2006,6,82,60,83.2,-1.2,0
2006-06-05,2006,6,79,59,83.5,-4.5,0
2006-06-06,2006,6,83,53,83.8,-0.799999999999997,0
2006-06-07,2006,6,84,56,84.1,-0.0999999999999943,0
2006-06-08,2006,6,86,66,84.4,1.59999999999999,0
2006-06-09,2006,6,89,60,84.6,4.40000000000001,0
2006-06-10,2006,6,92,69,84.9,7.09999999999999,0
2006-06-11,2006,6,92,69,85.2,6.8,0.01
2006-06-12,2006,6,76,63,85.4,-9.40000000000001,0
2006-06-13,2006,6,82,61,85.7,-3.7,0
2006-06-14,2006,6,85,63,85.9,-0.900000000000006,0
2006-06-15,2006,6,87,61,86.1,0.900000000000006,0
2006-06-16,2006,6,90,64,86.4,3.59999999999999,0
2006-06-17,2006,6,90,68,86.6,3.40000000000001,0
2006-06-18,2006,6,87,67,86.8,0.200000000000003,1.19
2006-06-19,2006,6,83,67,87,-4,0
2006-06-20,2006,6,92,67,87.2,4.8,0
2006-06-21,2006,6,94,73,87.4,6.59999999999999,0
2006-06-22,2006,6,95,74,87.6,7.40000000000001,0.04
2006-06-23,2006,6,89,72,87.8,1.2,0
2006-06-24,2006,6,83,69,87.9,-4.90000000000001,0
2006-06-25,2006,6,88,71,88.1,-0.0999999999999943,0
2006-06-26,2006,6,86,66,88.2,-2.2,0.07
2006-06-27,2006,6,85,65,88.4,-3.40000000000001,0
2006-06-28,2006,6,86,62,88.5,-2.5,0
2006-06-29,2006,6,90,62,88.6,1.40000000000001,0
2006-06-30,2006,6,93,67,88.7,4.3,0.28
2006-07-01,2006,7,94,68,88.8,5.2,0.23
2006-07-02,2006,7,97,69,88.9,8.09999999999999,0
2006-07-03,2006,7,96,74,89,7,0
2006-07-04,2006,7,93,74,89,4,0
2006-07-05,2006,7,79,70,89.1,-10.1,1.08
2006-07-06,2006,7,81,63,89.1,-8.09999999999999,0
2006-07-07,2006,7,84,61,89.2,-5.2,0
2006-07-08,2006,7,86,64,89.2,-3.2,0
2006-07-09,2006,7,87,68,89.3,-2.3,0
2006-07-10,2006,7,83,68,89.3,-6.3,0
2006-07-11,2006,7,91,73,89.3,1.7,0
2006-07-12,2006,7,92,75,89.3,2.7,0
2006-07-13,2006,7,92,73,89.4,2.59999999999999,0.5
2006-07-14,2006,7,95,74,89.4,5.59999999999999,0
2006-07-15,2006,7,91,76,89.4,1.59999999999999,0.01
2006-07-16,2006,7,95,75,89.4,5.59999999999999,0
2006-07-17,2006,7,96,72,89.4,6.59999999999999,0
2006-07-18,2006,7,97,75,89.4,7.59999999999999,0.15
2006-07-19,2006,7,100,74,89.4,10.6,0
2006-07-20,2006,7,99,74,89.4,9.59999999999999,0
2006-07-21,2006,7,97,70,89.4,7.59999999999999,0.2
2006-07-22,2006,7,82,66,89.4,-7.40000000000001,0.1
2006-07-23,2006,7,86,65,89.4,-3.40000000000001,0
2006-07-24,2006,7,89,65,89.4,-0.400000000000006,0
2006-07-25,2006,7,92,68,89.4,2.59999999999999,0
2006-07-26,2006,7,93,69,89.4,3.59999999999999,0
2006-07-27,2006,7,94,75,89.4,4.59999999999999,0
2006-07-28,2006,7,88,71,89.4,-1.40000000000001,0.17
2006-07-29,2006,7,82,72,89.4,-7.40000000000001,0.07
2006-07-30,2006,7,91,69,89.5,1.5,0.11
2006-07-31,2006,7,94,72,89.5,4.5,0.02
2006-08-01,2006,8,96,74,89.5,6.5,0
2006-08-02,2006,8,96,76,89.5,6.5,0
2006-08-03,2006,8,96,77,89.5,6.5,0
2006-08-04,2006,8,91,73,89.5,1.5,1.69
2006-08-05,2006,8,90,72,89.5,0.5,0
2006-08-06,2006,8,94,74,89.5,4.5,0
2006-08-07,2006,8,95,76,89.5,5.5,0
2006-08-08,2006,8,97,75,89.5,7.5,0
2006-08-09,2006,8,95,74,89.5,5.5,0
2006-08-10,2006,8,98,72,89.5,8.5,1.12
2006-08-11,2006,8,81,71,89.5,-8.5,1.13
2006-08-12,2006,8,87,70,89.5,-2.5,0
2006-08-13,2006,8,84,73,89.4,-5.40000000000001,0
2006-08-14,2006,8,92,72,89.4,2.59999999999999,0.62
2006-08-15,2006,8,89,75,89.4,-0.400000000000006,0.01
2006-08-16,2006,8,91,73,89.3,1.7,0
2006-08-17,2006,8,94,70,89.3,4.7,0
2006-08-18,2006,8,95,76,89.2,5.8,0
2006-08-19,2006,8,95,77,89.1,5.90000000000001,0
2006-08-20,2006,8,88,77,89.1,-1.09999999999999,0
2006-08-21,2006,8,91,72,89,2,0.05
2006-08-22,2006,8,89,74,88.9,0.0999999999999943,0.12
2006-08-23,2006,8,89,70,88.7,0.299999999999997,0
2006-08-24,2006,8,91,64,88.6,2.40000000000001,0
2006-08-25,2006,8,94,68,88.5,5.5,0
2006-08-26,2006,8,93,75,88.3,4.7,0
2006-08-27,2006,8,96,76,88.2,7.8,0
2006-08-28,2006,8,94,75,88,6,0.05
2006-08-29,2006,8,90,74,87.8,2.2,0.39
2006-08-30,2006,8,83,64,87.6,-4.59999999999999,0
2006-08-31,2006,8,86,68,87.4,-1.40000000000001,0.02
2006-09-01,2006,9,84,70,87.1,-3.09999999999999,0.01
2006-09-02,2006,9,76,67,86.9,-10.9,0
2006-09-03,2006,9,76,65,86.6,-10.6,0
2006-09-04,2006,9,82,65,86.4,-4.40000000000001,0
2006-09-05,2006,9,85,66,86.1,-1.09999999999999,0
2006-09-06,2006,9,83,65,85.8,-2.8,0
2006-09-07,2006,9,87,65,85.5,1.5,0
2006-09-08,2006,9,88,64,85.2,2.8,0.09
2006-09-09,2006,9,88,69,84.8,3.2,0
2006-09-10,2006,9,89,71,84.5,4.5,0
2006-09-11,2006,9,91,66,84.2,6.8,0
2006-09-12,2006,9,79,68,83.8,-4.8,0.45
2006-09-13,2006,9,77,64,83.5,-6.5,0
2006-09-14,2006,9,76,59,83.1,-7.09999999999999,0
2006-09-15,2006,9,84,57,82.7,1.3,0
2006-09-16,2006,9,88,59,82.4,5.59999999999999,0
2006-09-17,2006,9,91,61,82,9,0
2006-09-18,2006,9,82,63,81.6,0.400000000000006,0.32
2006-09-19,2006,9,78,56,81.2,-3.2,0
2006-09-20,2006,9,71,53,80.9,-9.90000000000001,0
2006-09-21,2006,9,77,50,80.5,-3.5,0
2006-09-22,2006,9,86,65,80.1,5.90000000000001,0.02
2006-09-23,2006,9,90,69,79.7,10.3,2.95
2006-09-24,2006,9,78,62,79.3,-1.3,0.01
2006-09-25,2006,9,75,56,78.9,-3.90000000000001,0
2006-09-26,2006,9,78,52,78.6,-0.599999999999994,0
2006-09-27,2006,9,84,58,78.2,5.8,0.13
2006-09-28,2006,9,70,52,77.8,-7.8,0.01
2006-09-29,2006,9,70,46,77.4,-7.40000000000001,0
2006-09-30,2006,9,80,59,77.1,2.90000000000001,0.01
2006-10-01,2006,10,83,58,76.7,6.3,0
2006-10-02,2006,10,83,54,76.4,6.59999999999999,0
2006-10-03,2006,10,87,59,76,11,0
2006-10-04,2006,10,89,62,75.7,13.3,0
2006-10-05,2006,10,82,60,75.3,6.7,0
2006-10-06,2006,10,70,52,75,-5,0
2006-10-07,2006,10,72,48,74.6,-2.59999999999999,0
2006-10-08,2006,10,78,51,74.3,3.7,0
2006-10-09,2006,10,83,54,74,9,0
2006-10-10,2006,10,80,57,73.6,6.40000000000001,0
2006-10-11,2006,10,77,57,73.3,3.7,0.26
2006-10-12,2006,10,57,36,73,-16,0
2006-10-13,2006,10,62,33,72.7,-10.7,0
2006-10-14,2006,10,66,38,72.3,-6.3,0
2006-10-15,2006,10,70,35,72,-2,0.04
2006-10-16,2006,10,62,52,71.7,-9.7,0.58
2006-10-17,2006,10,78,61,71.4,6.59999999999999,0.5
2006-10-18,2006,10,82,64,71.1,10.9,0
2006-10-19,2006,10,71,46,70.7,0.299999999999997,0.39
2006-10-20,2006,10,54,40,70.4,-16.4,0
2006-10-21,2006,10,68,37,70.1,-2.09999999999999,0
2006-10-22,2006,10,60,44,69.8,-9.8,0
2006-10-23,2006,10,54,41,69.4,-15.4,0
2006-10-24,2006,10,53,34,69.1,-16.1,0
2006-10-25,2006,10,58,35,68.8,-10.8,0
2006-10-26,2006,10,55,49,68.4,-13.4,0.66
2006-10-27,2006,10,67,49,68.1,-1.09999999999999,0.51
2006-10-28,2006,10,62,46,67.8,-5.8,0
2006-10-29,2006,10,76,46,67.4,8.59999999999999,0
2006-10-30,2006,10,76,46,67,9,0
2006-10-31,2006,10,73,55,66.7,6.3,0.04
2006-11-01,2006,11,56,40,66.3,-10.3,0.25
2006-11-02,2006,11,52,34,65.9,-13.9,0
2006-11-03,2006,11,55,28,65.6,-10.6,0
2006-11-04,2006,11,62,29,65.2,-3.2,0
2006-11-05,2006,11,63,45,64.8,-1.8,0
2006-11-06,2006,11,68,49,64.4,3.59999999999999,0.58
2006-11-07,2006,11,58,53,64,-6,0.54
2006-11-08,2006,11,62,45,63.6,-1.6,0
2006-11-09,2006,11,79,44,63.1,15.9,0
2006-11-10,2006,11,80,52,62.7,17.3,0
2006-11-11,2006,11,72,43,62.3,9.7,0.07
2006-11-12,2006,11,51,36,61.9,-10.9,0
2006-11-13,2006,11,52,32,61.4,-9.4,0.01
2006-11-14,2006,11,56,33,61,-5,0.15
2006-11-15,2006,11,63,53,60.6,2.4,2.07
2006-11-16,2006,11,53,43,60.1,-7.1,0.01
2006-11-17,2006,11,54,34,59.7,-5.7,0
2006-11-18,2006,11,58,39,59.2,-1.2,0
2006-11-19,2006,11,47,40,58.8,-11.8,0.01
2006-11-20,2006,11,47,36,58.4,-11.4,0
2006-11-21,2006,11,53,30,57.9,-4.9,0
2006-11-22,2006,11,59,32,57.5,1.5,0
2006-11-23,2006,11,64,30,57.1,6.9,0
2006-11-24,2006,11,71,32,56.6,14.4,0
2006-11-25,2006,11,73,37,56.2,16.8,0
2006-11-26,2006,11,72,40,55.8,16.2,0
2006-11-27,2006,11,71,39,55.4,15.6,0
2006-11-28,2006,11,69,44,54.9,14.1,0
2006-11-29,2006,11,75,63,54.5,20.5,0.02
2006-11-30,2006,11,76,62,54.1,21.9,0.34
2006-12-01,2006,12,69,32,53.8,15.2,0.24
2006-12-02,2006,12,47,29,53.4,-6.4,0
2006-12-03,2006,12,43,25,53,-10,0
2006-12-04,2006,12,38,19,52.6,-14.6,0
2006-12-05,2006,12,51,25,52.3,-1.3,0
2006-12-06,2006,12,55,31,51.9,3.1,0
2006-12-07,2006,12,43,20,51.6,-8.6,0
2006-12-08,2006,12,32,17,51.3,-19.3,0
2006-12-09,2006,12,49,18,51,-2,0
2006-12-10,2006,12,57,27,50.7,6.3,0
2006-12-11,2006,12,68,33,50.4,17.6,0
2006-12-12,2006,12,60,50,50.1,9.9,0.8
2006-12-13,2006,12,65,41,49.8,15.2,0
2006-12-14,2006,12,66,38,49.6,16.4,0
2006-12-15,2006,12,68,45,49.3,18.7,0
2006-12-16,2006,12,71,40,49.1,21.9,0
2006-12-17,2006,12,72,46,48.8,23.2,0
2006-12-18,2006,12,72,47,48.6,23.4,0
2006-12-19,2006,12,59,44,48.4,10.6,0
2006-12-20,2006,12,61,43,48.2,12.8,0.01
2006-12-21,2006,12,61,50,48,13,0.2
2006-12-22,2006,12,60,48,47.9,12.1,0.33
2006-12-23,2006,12,55,36,47.7,7.3,0
2006-12-24,2006,12,55,31,47.6,7.4,0.03
2006-12-25,2006,12,52,40,47.4,4.6,0.93
2006-12-26,2006,12,40,35,47.3,-7.3,0
2006-12-27,2006,12,50,27,47.2,2.8,0
2006-12-28,2006,12,60,32,47.1,12.9,0
2006-12-29,2006,12,66,37,47,19,0
2006-12-30,2006,12,65,44,46.9,18.1,0.33
2006-12-31,2006,12,66,51,46.8,19.2,0.54
2007-01-01,2007,1,51,40,46.7,4.3,0
2007-01-02,2007,1,52,31,46.6,5.4,0
2007-01-03,2007,1,58,28,46.6,11.4,0
2007-01-04,2007,1,64,39,46.5,17.5,0.43
2007-01-05,2007,1,69,51,46.5,22.5,0.48
2007-01-06,2007,1,60,49,46.5,13.5,0
2007-01-07,2007,1,54,47,46.4,7.6,0.64
2007-01-08,2007,1,49,37,46.4,2.6,0.05
2007-01-09,2007,1,49,36,46.4,2.6,0
2007-01-10,2007,1,47,25,46.4,0.600000000000001,0
2007-01-11,2007,1,58,30,46.4,11.6,0
2007-01-12,2007,1,62,56,46.4,15.6,0
2007-01-13,2007,1,71,59,46.5,24.5,0
2007-01-14,2007,1,70,59,46.5,23.5,0.03
2007-01-15,2007,1,68,38,46.5,21.5,0.8
2007-01-16,2007,1,38,25,46.6,-8.6,0
2007-01-17,2007,1,39,25,46.6,-7.6,0
2007-01-18,2007,1,45,34,46.7,-1.7,0
2007-01-19,2007,1,42,30,46.8,-4.8,0
2007-01-20,2007,1,43,28,46.8,-3.8,0
2007-01-21,2007,1,45,36,46.9,-1.9,0.89
2007-01-22,2007,1,45,34,47,-2,0
2007-01-23,2007,1,40,26,47.1,-7.1,0
2007-01-24,2007,1,47,24,47.3,-0.299999999999997,0
2007-01-25,2007,1,41,29,47.4,-6.4,0
2007-01-26,2007,1,51,20,47.5,3.5,0
2007-01-27,2007,1,57,32,47.6,9.4,0
2007-01-28,2007,1,35,18,47.8,-12.8,0
2007-01-29,2007,1,37,11,48,-11,0
2007-01-30,2007,1,40,17,48.1,-8.1,0
2007-01-31,2007,1,31,12,48.3,-17.3,0
2007-02-01,2007,2,38,29,48.5,-10.5,0
2007-02-02,2007,2,35,25,48.7,-13.7,0.11
2007-02-03,2007,2,42,16,48.9,-6.9,0
2007-02-04,2007,2,33,19,49.1,-16.1,0.01
2007-02-05,2007,2,28,17,49.3,-21.3,0
2007-02-06,2007,2,54,21,49.5,4.5,0
2007-02-07,2007,2,54,27,49.7,4.3,0
2007-02-08,2007,2,34,24,50,-16,0
2007-02-09,2007,2,32,21,50.2,-18.2,0
2007-02-10,2007,2,37,22,50.4,-13.4,0
2007-02-11,2007,2,47,17,50.7,-3.7,0
2007-02-12,2007,2,54,33,51,3,0
2007-02-13,2007,2,57,27,51.2,5.8,0.83
2007-02-14,2007,2,27,20,51.5,-24.5,0
2007-02-15,2007,2,30,17,51.8,-21.8,0
2007-02-16,2007,2,33,13,52.1,-19.1,0
2007-02-17,2007,2,36,24,52.3,-16.3,0.08
2007-02-18,2007,2,41,21,52.6,-11.6,0
2007-02-19,2007,2,57,22,52.9,4.1,0
2007-02-20,2007,2,64,50,53.2,10.8,0
2007-02-21,2007,2,72,48,53.5,18.5,0
2007-02-22,2007,2,62,41,53.8,8.2,0
2007-02-23,2007,2,55,31,54.1,0.899999999999999,0
2007-02-24,2007,2,59,34,54.5,4.5,0.61
2007-02-25,2007,2,54,42,54.8,-0.799999999999997,0.2
2007-02-26,2007,2,54,31,55.1,-1.1,0
2007-02-27,2007,2,60,32,55.4,4.6,0
2007-02-28,2007,2,75,31,55.7,19.3,0
2007-03-01,2007,3,64,45,56.1,7.9,0.86
2007-03-02,2007,3,61,34,56.4,4.6,0
2007-03-03,2007,3,52,30,56.7,-4.7,0
2007-03-04,2007,3,47,28,57,-10,0
2007-03-05,2007,3,63,26,57.4,5.6,0
2007-03-06,2007,3,58,34,57.7,0.299999999999997,0
2007-03-07,2007,3,71,38,58,13,0
2007-03-08,2007,3,68,36,58.4,9.6,0
2007-03-09,2007,3,75,39,58.7,16.3,0
2007-03-10,2007,3,72,53,59,13,0
2007-03-11,2007,3,68,45,59.3,8.7,0
2007-03-12,2007,3,77,36,59.7,17.3,0
2007-03-13,2007,3,80,51,60,20,0
2007-03-14,2007,3,77,61,60.3,16.7,0
2007-03-15,2007,3,72,44,60.7,11.3,0.1
2007-03-16,2007,3,53,36,61,-8,0
2007-03-17,2007,3,48,30,61.3,-13.3,0
2007-03-18,2007,3,53,30,61.7,-8.7,0
2007-03-19,2007,3,70,38,62,8,0
2007-03-20,2007,3,71,55,62.3,8.7,0
2007-03-21,2007,3,80,49,62.7,17.3,0
2007-03-22,2007,3,77,57,63,14,0
2007-03-23,2007,3,81,54,63.3,17.7,0
2007-03-24,2007,3,84,58,63.7,20.3,0
2007-03-25,2007,3,86,53,64,22,0
2007-03-26,2007,3,86,59,64.3,21.7,0
2007-03-27,2007,3,83,59,64.6,18.4,0
2007-03-28,2007,3,71,63,65,6,1.3
2007-03-29,2007,3,83,60,65.3,17.7,0
2007-03-30,2007,3,79,63,65.6,13.4,0
2007-03-31,2007,3,78,58,65.9,12.1,0
2007-04-01,2007,4,79,64,66.2,12.8,0.01
2007-04-02,2007,4,80,59,66.6,13.4,0
2007-04-03,2007,4,84,58,66.9,17.1,0.73
2007-04-04,2007,4,60,38,67.2,-7.2,0.01
2007-04-05,2007,4,49,33,67.5,-18.5,0
2007-04-06,2007,4,48,29,67.8,-19.8,0
2007-04-07,2007,4,44,27,68.1,-24.1,0
2007-04-08,2007,4,51,23,68.4,-17.4,0
2007-04-09,2007,4,57,32,68.7,-11.7,0
2007-04-10,2007,4,65,32,69,-4,0.01
2007-04-11,2007,4,71,52,69.3,1.7,0.97
2007-04-12,2007,4,61,42,69.6,-8.59999999999999,0
2007-04-13,2007,4,54,40,69.9,-15.9,0.23
2007-04-14,2007,4,66,43,70.2,-4.2,0.43
2007-04-15,2007,4,55,36,70.5,-15.5,0.08
2007-04-16,2007,4,70,44,70.8,-0.799999999999997,0
2007-04-17,2007,4,73,38,71,2,0
2007-04-18,2007,4,72,53,71.3,0.700000000000003,0
2007-04-19,2007,4,64,49,71.6,-7.59999999999999,0
2007-04-20,2007,4,71,42,71.8,-0.799999999999997,0
2007-04-21,2007,4,78,45,72.1,5.90000000000001,0
2007-04-22,2007,4,80,50,72.4,7.59999999999999,0
2007-04-23,2007,4,79,61,72.6,6.40000000000001,0
2007-04-24,2007,4,77,65,72.9,4.09999999999999,0.01
2007-04-25,2007,4,80,63,73.1,6.90000000000001,0.15
2007-04-26,2007,4,77,60,73.4,3.59999999999999,0.12
2007-04-27,2007,4,65,51,73.6,-8.59999999999999,0
2007-04-28,2007,4,76,50,73.9,2.09999999999999,0
2007-04-29,2007,4,83,52,74.1,8.90000000000001,0
2007-04-30,2007,4,87,54,74.3,12.7,0
2007-05-01,2007,5,88,57,74.6,13.4,0
2007-05-02,2007,5,86,62,74.8,11.2,0.02
2007-05-03,2007,5,79,65,75,4,0.1
2007-05-04,2007,5,78,65,75.3,2.7,1.4
2007-05-05,2007,5,78,64,75.5,2.5,0.76
2007-05-06,2007,5,80,62,75.7,4.3,0
2007-05-07,2007,5,79,57,76,3,0
2007-05-08,2007,5,85,55,76.2,8.8,0
2007-05-09,2007,5,86,58,76.4,9.59999999999999,0
2007-05-10,2007,5,89,65,76.7,12.3,0
2007-05-11,2007,5,87,66,76.9,10.1,0.53
2007-05-12,2007,5,87,63,77.1,9.90000000000001,0
2007-05-13,2007,5,79,62,77.4,1.59999999999999,0
2007-05-14,2007,5,83,53,77.6,5.40000000000001,0
2007-05-15,2007,5,83,64,77.9,5.09999999999999,0.37
2007-05-16,2007,5,71,57,78.1,-7.09999999999999,0.12
2007-05-17,2007,5,72,48,78.4,-6.40000000000001,0
2007-05-18,2007,5,69,49,78.6,-9.59999999999999,0
2007-05-19,2007,5,75,47,78.9,-3.90000000000001,0
2007-05-20,2007,5,81,46,79.1,1.90000000000001,0
2007-05-21,2007,5,84,51,79.4,4.59999999999999,0
2007-05-22,2007,5,88,54,79.6,8.40000000000001,0
2007-05-23,2007,5,87,62,79.9,7.09999999999999,0
2007-05-24,2007,5,86,65,80.2,5.8,0
2007-05-25,2007,5,86,59,80.4,5.59999999999999,0
2007-05-26,2007,5,87,61,80.7,6.3,0
2007-05-27,2007,5,86,60,81,5,0
2007-05-28,2007,5,89,64,81.3,7.7,0
2007-05-29,2007,5,89,64,81.6,7.40000000000001,0
2007-05-30,2007,5,89,65,81.8,7.2,0
2007-05-31,2007,5,88,67,82.1,5.90000000000001,0
2007-06-01,2007,6,89,63,82.4,6.59999999999999,0
2007-06-02,2007,6,87,70,82.7,4.3,0
2007-06-03,2007,6,87,67,83,4,0
2007-06-04,2007,6,84,67,83.2,0.799999999999997,0
2007-06-05,2007,6,86,61,83.5,2.5,0.01
2007-06-06,2007,6,91,60,83.8,7.2,0
2007-06-07,2007,6,91,67,84.1,6.90000000000001,0
2007-06-08,2007,6,89,69,84.4,4.59999999999999,0.47
2007-06-09,2007,6,87,69,84.6,2.40000000000001,0
2007-06-10,2007,6,87,65,84.9,2.09999999999999,0
2007-06-11,2007,6,80,69,85.2,-5.2,0
2007-06-12,2007,6,88,64,85.4,2.59999999999999,0
2007-06-13,2007,6,91,61,85.7,5.3,0
2007-06-14,2007,6,92,67,85.9,6.09999999999999,0
2007-06-15,2007,6,93,65,86.1,6.90000000000001,0
2007-06-16,2007,6,92,66,86.4,5.59999999999999,0
2007-06-17,2007,6,95,62,86.6,8.40000000000001,0
2007-06-18,2007,6,90,70,86.8,3.2,0.42
2007-06-19,2007,6,81,70,87,-6,0.4
2007-06-20,2007,6,88,67,87.2,0.799999999999997,0
2007-06-21,2007,6,89,59,87.4,1.59999999999999,0
2007-06-22,2007,6,91,61,87.6,3.40000000000001,0
2007-06-23,2007,6,93,69,87.8,5.2,0
2007-06-24,2007,6,92,68,87.9,4.09999999999999,0
2007-06-25,2007,6,89,70,88.1,0.900000000000006,0.83
2007-06-26,2007,6,91,70,88.2,2.8,0
2007-06-27,2007,6,92,70,88.4,3.59999999999999,0.14
2007-06-28,2007,6,89,70,88.5,0.5,0.1
2007-06-29,2007,6,91,72,88.6,2.40000000000001,0
2007-06-30,2007,6,91,72,88.7,2.3,0
2007-07-01,2007,7,85,71,88.8,-3.8,0.26
2007-07-02,2007,7,86,67,88.9,-2.90000000000001,0
2007-07-03,2007,7,88,65,89,-1,0
2007-07-04,2007,7,89,70,89,0,0
2007-07-05,2007,7,92,74,89.1,2.90000000000001,0
2007-07-06,2007,7,92,73,89.1,2.90000000000001,0
2007-07-07,2007,7,89,72,89.2,-0.200000000000003,0
2007-07-08,2007,7,93,71,89.2,3.8,0
2007-07-09,2007,7,93,72,89.3,3.7,0
2007-07-10,2007,7,86,71,89.3,-3.3,0.03
2007-07-11,2007,7,89,72,89.3,-0.299999999999997,0.08
2007-07-12,2007,7,85,64,89.3,-4.3,0
2007-07-13,2007,7,85,70,89.4,-4.40000000000001,0
2007-07-14,2007,7,91,66,89.4,1.59999999999999,0
2007-07-15,2007,7,91,71,89.4,1.59999999999999,0
2007-07-16,2007,7,91,73,89.4,1.59999999999999,0
2007-07-17,2007,7,92,71,89.4,2.59999999999999,0.01
2007-07-18,2007,7,94,74,89.4,4.59999999999999,0
2007-07-19,2007,7,95,73,89.4,5.59999999999999,0.02
2007-07-20,2007,7,88,70,89.4,-1.40000000000001,0.01
2007-07-21,2007,7,86,65,89.4,-3.40000000000001,0
2007-07-22,2007,7,87,62,89.4,-2.40000000000001,0
2007-07-23,2007,7,88,63,89.4,-1.40000000000001,0
2007-07-24,2007,7,90,67,89.4,0.599999999999994,0.28
2007-07-25,2007,7,88,69,89.4,-1.40000000000001,0.78
2007-07-26,2007,7,92,66,89.4,2.59999999999999,0
2007-07-27,2007,7,90,73,89.4,0.599999999999994,0
2007-07-28,2007,7,93,74,89.4,3.59999999999999,0
2007-07-29,2007,7,90,71,89.4,0.599999999999994,0
2007-07-30,2007,7,93,75,89.5,3.5,0
2007-07-31,2007,7,94,75,89.5,4.5,0
2007-08-01,2007,8,93,74,89.5,3.5,0
2007-08-02,2007,8,95,71,89.5,5.5,0.03
2007-08-03,2007,8,97,74,89.5,7.5,0
2007-08-04,2007,8,96,75,89.5,6.5,0
2007-08-05,2007,8,99,75,89.5,9.5,0
2007-08-06,2007,8,99,77,89.5,9.5,0
2007-08-07,2007,8,100,79,89.5,10.5,0
2007-08-08,2007,8,100,77,89.5,10.5,0
2007-08-09,2007,8,104,81,89.5,14.5,0
2007-08-10,2007,8,100,82,89.5,10.5,0
2007-08-11,2007,8,99,77,89.5,9.5,0
2007-08-12,2007,8,101,73,89.5,11.5,0
2007-08-13,2007,8,100,69,89.4,10.6,0
2007-08-14,2007,8,101,73,89.4,11.6,0
2007-08-15,2007,8,104,73,89.4,14.6,0
2007-08-16,2007,8,106,76,89.3,16.7,0
2007-08-17,2007,8,101,81,89.3,11.7,0
2007-08-18,2007,8,100,73,89.2,10.8,0
2007-08-19,2007,8,99,76,89.1,9.90000000000001,0.02
2007-08-20,2007,8,97,74,89.1,7.90000000000001,0
2007-08-21,2007,8,100,81,89,11,0
2007-08-22,2007,8,102,76,88.9,13.1,0
2007-08-23,2007,8,103,78,88.7,14.3,0
2007-08-24,2007,8,102,75,88.6,13.4,0.01
2007-08-25,2007,8,99,73,88.5,10.5,0.02
2007-08-26,2007,8,94,73,88.3,5.7,0
2007-08-27,2007,8,99,73,88.2,10.8,0
2007-08-28,2007,8,97,76,88,9,0.1
2007-08-29,2007,8,88,74,87.8,0.200000000000003,1.2
2007-08-30,2007,8,93,71,87.6,5.40000000000001,0
2007-08-31,2007,8,90,72,87.4,2.59999999999999,0
2007-09-01,2007,9,92,70,87.1,4.90000000000001,0
2007-09-02,2007,9,92,73,86.9,5.09999999999999,0
2007-09-03,2007,9,93,71,86.6,6.40000000000001,0
2007-09-04,2007,9,96,72,86.4,9.59999999999999,0
2007-09-05,2007,9,92,71,86.1,5.90000000000001,0
2007-09-06,2007,9,88,74,85.8,2.2,0
2007-09-07,2007,9,93,74,85.5,7.5,0
2007-09-08,2007,9,86,74,85.2,0.799999999999997,0.03
2007-09-09,2007,9,83,73,84.8,-1.8,0.11
2007-09-10,2007,9,86,72,84.5,1.5,0.07
2007-09-11,2007,9,74,61,84.2,-10.2,0.96
2007-09-12,2007,9,83,57,83.8,-0.799999999999997,0
2007-09-13,2007,9,84,58,83.5,0.5,0.06
2007-09-14,2007,9,83,67,83.1,-0.0999999999999943,0.07
2007-09-15,2007,9,73,56,82.7,-9.7,0
2007-09-16,2007,9,80,50,82.4,-2.40000000000001,0
2007-09-17,2007,9,85,54,82,3,0
2007-09-18,2007,9,85,60,81.6,3.40000000000001,0
2007-09-19,2007,9,86,61,81.2,4.8,0
2007-09-20,2007,9,89,60,80.9,8.09999999999999,0
2007-09-21,2007,9,87,60,80.5,6.5,0
2007-09-22,2007,9,91,67,80.1,10.9,0
2007-09-23,2007,9,93,69,79.7,13.3,0
2007-09-24,2007,9,92,71,79.3,12.7,0
2007-09-25,2007,9,92,70,78.9,13.1,0
2007-09-26,2007,9,85,69,78.6,6.40000000000001,0
2007-09-27,2007,9,83,69,78.2,4.8,0.69
2007-09-28,2007,9,84,61,77.8,6.2,0
2007-09-29,2007,9,84,51,77.4,6.59999999999999,0
2007-09-30,2007,9,83,55,77.1,5.90000000000001,0
2007-10-01,2007,10,80,54,76.7,3.3,0
2007-10-02,2007,10,84,61,76.4,7.59999999999999,0
2007-10-03,2007,10,84,60,76,8,0
2007-10-04,2007,10,85,71,75.7,9.3,0.02
2007-10-05,2007,10,87,70,75.3,11.7,0
2007-10-06,2007,10,89,67,75,14,0
2007-10-07,2007,10,90,66,74.6,15.4,0
2007-10-08,2007,10,90,65,74.3,15.7,0
2007-10-09,2007,10,81,63,74,7,0.01
2007-10-10,2007,10,75,52,73.6,1.40000000000001,0
2007-10-11,2007,10,67,45,73.3,-6.3,0
2007-10-12,2007,10,71,46,73,-2,0
2007-10-13,2007,10,81,45,72.7,8.3,0
2007-10-14,2007,10,82,50,72.3,9.7,0
2007-10-15,2007,10,84,52,72,12,0
2007-10-16,2007,10,79,65,71.7,7.3,0.07
2007-10-17,2007,10,86,66,71.4,14.6,0
2007-10-18,2007,10,80,64,71.1,8.90000000000001,0.61
2007-10-19,2007,10,74,61,70.7,3.3,0.16
2007-10-20,2007,10,75,48,70.4,4.59999999999999,0
2007-10-21,2007,10,81,48,70.1,10.9,0
2007-10-22,2007,10,71,59,69.8,1.2,1.36
2007-10-23,2007,10,72,55,69.4,2.59999999999999,2.18
2007-10-24,2007,10,60,50,69.1,-9.09999999999999,0.15
2007-10-25,2007,10,61,51,68.8,-7.8,0.36
2007-10-26,2007,10,56,47,68.4,-12.4,0.03
2007-10-27,2007,10,63,47,68.1,-5.09999999999999,0
2007-10-28,2007,10,64,45,67.8,-3.8,0
2007-10-29,2007,10,67,40,67.4,-0.400000000000006,0
2007-10-30,2007,10,68,40,67,1,0
2007-10-31,2007,10,74,43,66.7,7.3,0
2007-11-01,2007,11,64,46,66.3,-2.3,0
2007-11-02,2007,11,67,35,65.9,1.09999999999999,0
2007-11-03,2007,11,66,34,65.6,0.400000000000006,0
2007-11-04,2007,11,69,36,65.2,3.8,0
2007-11-05,2007,11,75,37,64.8,10.2,1.65
2007-11-06,2007,11,51,38,64.4,-13.4,0
2007-11-07,2007,11,51,31,64,-13,0
2007-11-08,2007,11,57,33,63.6,-6.6,0
2007-11-09,2007,11,69,42,63.1,5.9,0
2007-11-10,2007,11,56,37,62.7,-6.7,0
2007-11-11,2007,11,66,34,62.3,3.7,0
2007-11-12,2007,11,68,54,61.9,6.1,0.01
2007-11-13,2007,11,69,55,61.4,7.6,0.22
2007-11-14,2007,11,75,50,61,14,2.8
2007-11-15,2007,11,51,33,60.6,-9.6,0
2007-11-16,2007,11,52,28,60.1,-8.1,0
2007-11-17,2007,11,63,34,59.7,3.3,0
2007-11-18,2007,11,65,43,59.2,5.8,0
2007-11-19,2007,11,67,52,58.8,8.2,0
2007-11-20,2007,11,71,49,58.4,12.6,0
2007-11-21,2007,11,71,58,57.9,13.1,0.61
2007-11-22,2007,11,62,35,57.5,4.5,0.01
2007-11-23,2007,11,39,30,57.1,-18.1,0
2007-11-24,2007,11,45,26,56.6,-11.6,0.01
2007-11-25,2007,11,54,41,56.2,-2.2,0.67
2007-11-26,2007,11,61,43,55.8,5.2,0.22
2007-11-27,2007,11,54,32,55.4,-1.4,0
2007-11-28,2007,11,62,31,54.9,7.1,0
2007-11-29,2007,11,52,34,54.5,-2.5,0
2007-11-30,2007,11,56,26,54.1,1.9,0
2007-12-01,2007,12,60,37,53.8,6.2,0
2007-12-02,2007,12,67,42,53.4,13.6,0.55
2007-12-03,2007,12,42,29,53,-11,0
2007-12-04,2007,12,52,25,52.6,-0.600000000000001,0
2007-12-05,2007,12,58,30,52.3,5.7,0
2007-12-06,2007,12,44,28,51.9,-7.9,0
2007-12-07,2007,12,55,42,51.6,3.4,0.1
2007-12-08,2007,12,64,51,51.3,12.7,0.15
2007-12-09,2007,12,73,59,51,22,0.01
2007-12-10,2007,12,70,53,50.7,19.3,0
2007-12-11,2007,12,76,50,50.4,25.6,0
2007-12-12,2007,12,67,50,50.1,16.9,0.43
2007-12-13,2007,12,56,40,49.8,6.2,0.25
2007-12-14,2007,12,40,35,49.6,-9.6,0
2007-12-15,2007,12,50,36,49.3,0.700000000000003,0.2
2007-12-16,2007,12,42,29,49.1,-7.1,0
2007-12-17,2007,12,47,22,48.8,-1.8,0
2007-12-18,2007,12,52,27,48.6,3.4,0
2007-12-19,2007,12,59,40,48.4,10.6,0
2007-12-20,2007,12,52,39,48.2,3.8,0.92
2007-12-21,2007,12,63,49,48,15,0.02
2007-12-22,2007,12,59,46,47.9,11.1,0.08
2007-12-23,2007,12,54,34,47.7,6.3,0.06
2007-12-24,2007,12,47,28,47.6,-0.600000000000001,0
2007-12-25,2007,12,50,25,47.4,2.6,0
2007-12-26,2007,12,55,32,47.3,7.7,0.04
2007-12-27,2007,12,48,42,47.2,0.799999999999997,0.02
2007-12-28,2007,12,53,42,47.1,5.9,0.99
2007-12-29,2007,12,50,35,47,3,0
2007-12-30,2007,12,50,31,46.9,3.1,0
2007-12-31,2007,12,57,28,46.8,10.2,0.01
2008-01-01,2008,1,41,22,46.7,-5.7,0
2008-01-02,2008,1,25,16,46.6,-21.6,0
2008-01-03,2008,1,33,11,46.6,-13.6,0
2008-01-04,2008,1,48,19,46.5,1.5,0
2008-01-05,2008,1,55,42,46.5,8.5,0.04
2008-01-06,2008,1,65,51,46.5,18.5,0
2008-01-07,2008,1,71,57,46.4,24.6,0
2008-01-08,2008,1,70,51,46.4,23.6,0.59
2008-01-09,2008,1,54,41,46.4,7.6,0
2008-01-10,2008,1,66,42,46.4,19.6,2.14
2008-01-11,2008,1,48,36,46.4,1.6,0
2008-01-12,2008,1,52,29,46.4,5.6,0
2008-01-13,2008,1,50,32,46.5,3.5,0.01
2008-01-14,2008,1,42,26,46.5,-4.5,0
2008-01-15,2008,1,39,24,46.5,-7.5,0
2008-01-16,2008,1,43,24,46.6,-3.6,0.12
2008-01-17,2008,1,42,34,46.6,-4.6,0.11
2008-01-18,2008,1,39,27,46.7,-7.7,0
2008-01-19,2008,1,34,15,46.8,-12.8,0
2008-01-20,2008,1,26,11,46.8,-20.8,0
2008-01-21,2008,1,43,14,46.9,-3.9,0
2008-01-22,2008,1,41,31,47,-6,0.21
2008-01-23,2008,1,37,28,47.1,-10.1,0
2008-01-24,2008,1,33,14,47.3,-14.3,0
2008-01-25,2008,1,34,11,47.4,-13.4,0
2008-01-26,2008,1,39,31,47.5,-8.5,0
2008-01-27,2008,1,53,28,47.6,5.4,0
2008-01-28,2008,1,56,22,47.8,8.2,0
2008-01-29,2008,1,62,30,48,14,0.79
2008-01-30,2008,1,39,23,48.1,-9.1,0
2008-01-31,2008,1,45,25,48.3,-3.3,0.75
2008-02-01,2008,2,45,26,48.5,-3.5,0.01
2008-02-02,2008,2,56,24,48.7,7.3,0
2008-02-03,2008,2,56,40,48.9,7.1,0
2008-02-04,2008,2,66,54,49.1,16.9,0.34
2008-02-05,2008,2,72,63,49.3,22.7,0.17
2008-02-06,2008,2,71,37,49.5,21.5,0.28
2008-02-07,2008,2,48,36,49.7,-1.7,0
2008-02-08,2008,2,55,34,50,5,0
2008-02-09,2008,2,58,42,50.2,7.8,0
2008-02-10,2008,2,48,22,50.4,-2.4,0
2008-02-11,2008,2,47,21,50.7,-3.7,0
2008-02-12,2008,2,57,27,51,6,0.62
2008-02-13,2008,2,27,22,51.2,-24.2,0.02
2008-02-14,2008,2,50,19,51.5,-1.5,0
2008-02-15,2008,2,60,39,51.8,8.2,0
2008-02-16,2008,2,55,38,52.1,2.9,0
2008-02-17,2008,2,70,45,52.3,17.7,0.44
2008-02-18,2008,2,50,37,52.6,-2.6,0
2008-02-19,2008,2,44,31,52.9,-8.9,0
2008-02-20,2008,2,58,28,53.2,4.8,0
2008-02-21,2008,2,50,26,53.5,-3.5,0
2008-02-22,2008,2,54,34,53.8,0.200000000000003,0.42
2008-02-23,2008,2,40,31,54.1,-14.1,0
2008-02-24,2008,2,43,35,54.5,-11.5,0
2008-02-25,2008,2,57,38,54.8,2.2,0
2008-02-26,2008,2,58,28,55.1,2.9,0.03
2008-02-27,2008,2,33,23,55.4,-22.4,0.02
2008-02-28,2008,2,49,20,55.7,-6.7,0
2008-02-29,2008,2,52,41,55.9,-3.9,0.18
2008-03-01,2008,3,60,32,56.1,3.9,0
2008-03-02,2008,3,74,38,56.4,17.6,0
2008-03-03,2008,3,74,49,56.7,17.3,0.92
2008-03-04,2008,3,64,32,57,7,0.27
2008-03-05,2008,3,49,32,57.4,-8.4,0
2008-03-06,2008,3,58,31,57.7,0.299999999999997,0
2008-03-07,2008,3,38,28,58,-20,0.57
2008-03-08,2008,3,37,24,58.4,-21.4,0
2008-03-09,2008,3,53,23,58.7,-5.7,0
2008-03-10,2008,3,63,32,59,4,0
2008-03-11,2008,3,56,35,59.3,-3.3,0
2008-03-12,2008,3,72,32,59.7,12.3,0
2008-03-13,2008,3,74,50,60,14,0
2008-03-14,2008,3,64,48,60.3,3.7,0.09
2008-03-15,2008,3,62,43,60.7,1.3,0.99
2008-03-16,2008,3,56,38,61,-5,0
2008-03-17,2008,3,69,43,61.3,7.7,0
2008-03-18,2008,3,71,58,61.7,9.3,0
2008-03-19,2008,3,69,39,62,7,1.86
2008-03-20,2008,3,61,36,62.3,-1.3,0
2008-03-21,2008,3,70,36,62.7,7.3,0
2008-03-22,2008,3,61,39,63,-2,0
2008-03-23,2008,3,50,35,63.3,-13.3,0.01
2008-03-24,2008,3,45,29,63.7,-18.7,0
2008-03-25,2008,3,63,26,64,-1,0
2008-03-26,2008,3,70,51,64.3,5.7,0
2008-03-27,2008,3,74,60,64.6,9.40000000000001,0
2008-03-28,2008,3,67,43,65,2,0.24
2008-03-29,2008,3,52,41,65.3,-13.3,0.56
2008-03-30,2008,3,63,49,65.6,-2.59999999999999,0
2008-03-31,2008,3,72,51,65.9,6.09999999999999,0.05
2008-04-01,2008,4,64,44,66.2,-2.2,0.49
2008-04-02,2008,4,61,40,66.6,-5.59999999999999,0
2008-04-03,2008,4,63,46,66.9,-3.90000000000001,1.3
2008-04-04,2008,4,61,46,67.2,-6.2,1.71
2008-04-05,2008,4,53,45,67.5,-14.5,0
2008-04-06,2008,4,69,47,67.8,1.2,0
2008-04-07,2008,4,77,47,68.1,8.90000000000001,0
2008-04-08,2008,4,73,57,68.4,4.59999999999999,0
2008-04-09,2008,4,74,59,68.7,5.3,0.09
2008-04-10,2008,4,81,58,69,12,0
2008-04-11,2008,4,75,56,69.3,5.7,2.61
2008-04-12,2008,4,59,44,69.6,-10.6,0
2008-04-13,2008,4,47,39,69.9,-22.9,0
2008-04-14,2008,4,49,39,70.2,-21.2,0.01
2008-04-15,2008,4,61,31,70.5,-9.5,0
2008-04-16,2008,4,71,36,70.8,0.200000000000003,0
2008-04-17,2008,4,76,43,71,5,0
2008-04-18,2008,4,77,47,71.3,5.7,0.43
2008-04-19,2008,4,61,47,71.6,-10.6,0.02
2008-04-20,2008,4,69,48,71.8,-2.8,0
2008-04-21,2008,4,75,47,72.1,2.90000000000001,0
2008-04-22,2008,4,81,50,72.4,8.59999999999999,0
2008-04-23,2008,4,83,57,72.6,10.4,0
2008-04-24,2008,4,82,58,72.9,9.09999999999999,0
2008-04-25,2008,4,84,58,73.1,10.9,0
2008-04-26,2008,4,73,56,73.4,-0.400000000000006,0.4
2008-04-27,2008,4,68,53,73.6,-5.59999999999999,0.12
2008-04-28,2008,4,64,43,73.9,-9.90000000000001,0.02
2008-04-29,2008,4,60,38,74.1,-14.1,0
2008-04-30,2008,4,77,40,74.3,2.7,0
2008-05-01,2008,5,77,55,74.6,2.40000000000001,0
2008-05-02,2008,5,75,62,74.8,0.200000000000003,0.27
2008-05-03,2008,5,77,50,75,2,1.45
2008-05-04,2008,5,69,45,75.3,-6.3,0
2008-05-05,2008,5,76,47,75.5,0.5,0
2008-05-06,2008,5,79,48,75.7,3.3,0
2008-05-07,2008,5,82,59,76,6,0.11
2008-05-08,2008,5,72,63,76.2,-4.2,0.41
2008-05-09,2008,5,78,59,76.4,1.59999999999999,0.01
2008-05-10,2008,5,76,59,76.7,-0.700000000000003,0.34
2008-05-11,2008,5,65,53,76.9,-11.9,0
2008-05-12,2008,5,70,48,77.1,-7.09999999999999,0
2008-05-13,2008,5,72,45,77.4,-5.40000000000001,0
2008-05-14,2008,5,70,55,77.6,-7.59999999999999,0.4
2008-05-15,2008,5,72,58,77.9,-5.90000000000001,0.56
2008-05-16,2008,5,63,49,78.1,-15.1,0
2008-05-17,2008,5,77,45,78.4,-1.40000000000001,0
2008-05-18,2008,5,77,53,78.6,-1.59999999999999,0.1
2008-05-19,2008,5,83,47,78.9,4.09999999999999,0
2008-05-20,2008,5,81,61,79.1,1.90000000000001,0
2008-05-21,2008,5,75,54,79.4,-4.40000000000001,0
2008-05-22,2008,5,81,54,79.6,1.40000000000001,0
2008-05-23,2008,5,87,63,79.9,7.09999999999999,0.58
2008-05-24,2008,5,81,62,80.2,0.799999999999997,0
2008-05-25,2008,5,87,58,80.4,6.59999999999999,0
2008-05-26,2008,5,86,66,80.7,5.3,1.23
2008-05-27,2008,5,80,65,81,-1,0
2008-05-28,2008,5,70,62,81.3,-11.3,0.08
2008-05-29,2008,5,83,60,81.6,1.40000000000001,0
2008-05-30,2008,5,87,65,81.8,5.2,0
2008-05-31,2008,5,89,72,82.1,6.90000000000001,0
2008-06-01,2008,6,86,67,82.4,3.59999999999999,0.7
2008-06-02,2008,6,87,64,82.7,4.3,0
2008-06-03,2008,6,90,69,83,7,0
2008-06-04,2008,6,90,74,83.2,6.8,0
2008-06-05,2008,6,91,75,83.5,7.5,0
2008-06-06,2008,6,92,72,83.8,8.2,0
2008-06-07,2008,6,94,72,84.1,9.90000000000001,0
2008-06-08,2008,6,94,71,84.4,9.59999999999999,0
2008-06-09,2008,6,93,72,84.6,8.40000000000001,0
2008-06-10,2008,6,86,72,84.9,1.09999999999999,0
2008-06-11,2008,6,90,68,85.2,4.8,0
2008-06-12,2008,6,92,73,85.4,6.59999999999999,0
2008-06-13,2008,6,86,68,85.7,0.299999999999997,0.22
2008-06-14,2008,6,80,67,85.9,-5.90000000000001,0.18
2008-06-15,2008,6,89,65,86.1,2.90000000000001,0
2008-06-16,2008,6,92,65,86.4,5.59999999999999,0
2008-06-17,2008,6,81,66,86.6,-5.59999999999999,0
2008-06-18,2008,6,82,56,86.8,-4.8,0
2008-06-19,2008,6,86,57,87,-1,0
2008-06-20,2008,6,82,63,87.2,-5.2,0
2008-06-21,2008,6,85,68,87.4,-2.40000000000001,0.61
2008-06-22,2008,6,88,65,87.6,0.400000000000006,0
2008-06-23,2008,6,88,63,87.8,0.200000000000003,0
2008-06-24,2008,6,89,64,87.9,1.09999999999999,0
2008-06-25,2008,6,94,65,88.1,5.90000000000001,0
2008-06-26,2008,6,91,70,88.2,2.8,0
2008-06-27,2008,6,92,75,88.4,3.59999999999999,0
2008-06-28,2008,6,91,72,88.5,2.5,0.12
2008-06-29,2008,6,85,70,88.6,-3.59999999999999,0.38
2008-06-30,2008,6,82,65,88.7,-6.7,0
2008-07-01,2008,7,86,60,88.8,-2.8,0
2008-07-02,2008,7,88,63,88.9,-0.900000000000006,0
2008-07-03,2008,7,89,64,89,0,0
2008-07-04,2008,7,87,70,89,-2,0.25
2008-07-05,2008,7,87,71,89.1,-2.09999999999999,0
2008-07-06,2008,7,90,66,89.1,0.900000000000006,0
2008-07-07,2008,7,91,69,89.2,1.8,0
2008-07-08,2008,7,95,75,89.2,5.8,0
2008-07-09,2008,7,88,71,89.3,-1.3,1.37
2008-07-10,2008,7,86,71,89.3,-3.3,0.57
2008-07-11,2008,7,91,71,89.3,1.7,0
2008-07-12,2008,7,94,72,89.3,4.7,0.42
2008-07-13,2008,7,84,66,89.4,-5.40000000000001,0.38
2008-07-14,2008,7,86,63,89.4,-3.40000000000001,0
2008-07-15,2008,7,89,63,89.4,-0.400000000000006,0
2008-07-16,2008,7,90,64,89.4,0.599999999999994,0
2008-07-17,2008,7,91,65,89.4,1.59999999999999,0
2008-07-18,2008,7,90,69,89.4,0.599999999999994,0
2008-07-19,2008,7,93,68,89.4,3.59999999999999,0
2008-07-20,2008,7,94,74,89.4,4.59999999999999,0
2008-07-21,2008,7,97,75,89.4,7.59999999999999,0
2008-07-22,2008,7,91,74,89.4,1.59999999999999,0
2008-07-23,2008,7,89,72,89.4,-0.400000000000006,0
2008-07-24,2008,7,86,64,89.4,-3.40000000000001,0
2008-07-25,2008,7,82,63,89.4,-7.40000000000001,0.94
2008-07-26,2008,7,90,73,89.4,0.599999999999994,0.05
2008-07-27,2008,7,93,74,89.4,3.59999999999999,0
2008-07-28,2008,7,92,73,89.4,2.59999999999999,0
2008-07-29,2008,7,95,74,89.4,5.59999999999999,0
2008-07-30,2008,7,95,73,89.5,5.5,0.31
2008-07-31,2008,7,88,74,89.5,-1.5,0.03
2008-08-01,2008,8,91,73,89.5,1.5,0
2008-08-02,2008,8,95,76,89.5,5.5,0
2008-08-03,2008,8,90,72,89.5,0.5,0
2008-08-04,2008,8,96,68,89.5,6.5,0
2008-08-05,2008,8,97,73,89.5,7.5,0
2008-08-06,2008,8,95,74,89.5,5.5,0
2008-08-07,2008,8,87,72,89.5,-2.5,0
2008-08-08,2008,8,85,67,89.5,-4.5,0
2008-08-09,2008,8,86,64,89.5,-3.5,0
2008-08-10,2008,8,87,61,89.5,-2.5,0
2008-08-11,2008,8,85,65,89.5,-4.5,0
2008-08-12,2008,8,84,62,89.5,-5.5,0
2008-08-13,2008,8,88,69,89.4,-1.40000000000001,0
2008-08-14,2008,8,87,66,89.4,-2.40000000000001,0
2008-08-15,2008,8,84,65,89.4,-5.40000000000001,0
2008-08-16,2008,8,87,69,89.3,-2.3,0
2008-08-17,2008,8,88,60,89.3,-1.3,0
2008-08-18,2008,8,92,65,89.2,2.8,0
2008-08-19,2008,8,92,68,89.1,2.90000000000001,0
2008-08-20,2008,8,95,70,89.1,5.90000000000001,0.01
2008-08-21,2008,8,89,72,89,0,0
2008-08-22,2008,8,95,72,88.9,6.09999999999999,0
2008-08-23,2008,8,91,75,88.7,2.3,0
2008-08-24,2008,8,84,73,88.6,-4.59999999999999,0.01
2008-08-25,2008,8,82,71,88.5,-6.5,0.55
2008-08-26,2008,8,77,70,88.3,-11.3,1.08
2008-08-27,2008,8,81,69,88.2,-7.2,0.01
2008-08-28,2008,8,90,66,88,2,0
2008-08-29,2008,8,90,69,87.8,2.2,0.01
2008-08-30,2008,8,91,69,87.6,3.40000000000001,0
2008-08-31,2008,8,94,73,87.4,6.59999999999999,0
2008-09-01,2008,9,92,74,87.1,4.90000000000001,0
2008-09-02,2008,9,90,74,86.9,3.09999999999999,0
2008-09-03,2008,9,89,71,86.6,2.40000000000001,0
2008-09-04,2008,9,87,69,86.4,0.599999999999994,0
2008-09-05,2008,9,78,68,86.1,-8.09999999999999,0.84
2008-09-06,2008,9,76,64,85.8,-9.8,0
2008-09-07,2008,9,86,60,85.5,0.5,0
2008-09-08,2008,9,90,66,85.2,4.8,0
2008-09-09,2008,9,81,66,84.8,-3.8,0
2008-09-10,2008,9,88,66,84.5,3.5,0
2008-09-11,2008,9,88,72,84.2,3.8,0
2008-09-12,2008,9,89,72,83.8,5.2,0
2008-09-13,2008,9,91,73,83.5,7.5,0
2008-09-14,2008,9,81,68,83.1,-2.09999999999999,0.01
2008-09-15,2008,9,73,60,82.7,-9.7,0
2008-09-16,2008,9,77,58,82.4,-5.40000000000001,0
2008-09-17,2008,9,82,59,82,0,0
2008-09-18,2008,9,87,56,81.6,5.40000000000001,0
2008-09-19,2008,9,83,58,81.2,1.8,0
2008-09-20,2008,9,78,64,80.9,-2.90000000000001,0
2008-09-21,2008,9,85,61,80.5,4.5,0.03
2008-09-22,2008,9,88,60,80.1,7.90000000000001,0
2008-09-23,2008,9,88,59,79.7,8.3,0
2008-09-24,2008,9,86,57,79.3,6.7,0
2008-09-25,2008,9,86,52,78.9,7.09999999999999,0
2008-09-26,2008,9,81,57,78.6,2.40000000000001,0
2008-09-27,2008,9,84,63,78.2,5.8,0
2008-09-28,2008,9,85,63,77.8,7.2,0
2008-09-29,2008,9,86,53,77.4,8.59999999999999,0
2008-09-30,2008,9,78,58,77.1,0.900000000000006,0
2008-10-01,2008,10,73,51,76.7,-3.7,0
2008-10-02,2008,10,72,46,76.4,-4.40000000000001,0
2008-10-03,2008,10,77,43,76,1,0
2008-10-04,2008,10,82,45,75.7,6.3,0
2008-10-05,2008,10,85,50,75.3,9.7,0
2008-10-06,2008,10,86,55,75,11,0
2008-10-07,2008,10,74,61,74.6,-0.599999999999994,0.84
2008-10-08,2008,10,77,63,74.3,2.7,2.06
2008-10-09,2008,10,78,59,74,4,0
2008-10-10,2008,10,83,54,73.6,9.40000000000001,0
2008-10-11,2008,10,85,62,73.3,11.7,0
2008-10-12,2008,10,84,62,73,11,0
2008-10-13,2008,10,80,62,72.7,7.3,0
2008-10-14,2008,10,83,63,72.3,10.7,0
2008-10-15,2008,10,81,60,72,9,0
2008-10-16,2008,10,70,54,71.7,-1.7,0.26
2008-10-17,2008,10,66,51,71.4,-5.40000000000001,0
2008-10-18,2008,10,65,45,71.1,-6.09999999999999,0
2008-10-19,2008,10,66,39,70.7,-4.7,0
2008-10-20,2008,10,69,38,70.4,-1.40000000000001,0
2008-10-21,2008,10,64,47,70.1,-6.09999999999999,0
2008-10-22,2008,10,69,42,69.8,-0.799999999999997,0
2008-10-23,2008,10,68,48,69.4,-1.40000000000001,0.24
2008-10-24,2008,10,55,50,69.1,-14.1,1.63
2008-10-25,2008,10,62,42,68.8,-6.8,0
2008-10-26,2008,10,73,41,68.4,4.59999999999999,0
2008-10-27,2008,10,52,40,68.1,-16.1,0
2008-10-28,2008,10,51,36,67.8,-16.8,0
2008-10-29,2008,10,60,29,67.4,-7.40000000000001,0
2008-10-30,2008,10,67,33,67,0,0
2008-10-31,2008,10,70,35,66.7,3.3,0
2008-11-01,2008,11,72,39,66.3,5.7,0
2008-11-02,2008,11,73,39,65.9,7.09999999999999,0
2008-11-03,2008,11,75,42,65.6,9.40000000000001,0
2008-11-04,2008,11,75,41,65.2,9.8,0
2008-11-05,2008,11,76,40,64.8,11.2,0
2008-11-06,2008,11,75,42,64.4,10.6,0
2008-11-07,2008,11,64,43,64,0,0.52
2008-11-08,2008,11,59,39,63.6,-4.6,0
2008-11-09,2008,11,46,38,63.1,-17.1,0
2008-11-10,2008,11,53,29,62.7,-9.7,0
2008-11-11,2008,11,56,43,62.3,-6.3,0
2008-11-12,2008,11,56,50,61.9,-5.9,0.3
2008-11-13,2008,11,62,50,61.4,0.600000000000001,0
2008-11-14,2008,11,64,48,61,3,0.21
2008-11-15,2008,11,52,38,60.6,-8.6,0.15
2008-11-16,2008,11,47,35,60.1,-13.1,0
2008-11-17,2008,11,49,35,59.7,-10.7,0
2008-11-18,2008,11,42,25,59.2,-17.2,0
2008-11-19,2008,11,51,22,58.8,-7.8,0
2008-11-20,2008,11,48,32,58.4,-10.4,0
2008-11-21,2008,11,37,23,57.9,-20.9,0
2008-11-22,2008,11,41,18,57.5,-16.5,0
2008-11-23,2008,11,54,25,57.1,-3.1,0.01
2008-11-24,2008,11,55,36,56.6,-1.6,0.44
2008-11-25,2008,11,46,28,56.2,-10.2,0
2008-11-26,2008,11,61,25,55.8,5.2,0
2008-11-27,2008,11,62,34,55.4,6.6,0
2008-11-28,2008,11,53,38,54.9,-1.9,0
2008-11-29,2008,11,54,42,54.5,-0.5,0.03
2008-11-30,2008,11,50,37,54.1,-4.1,0.09
2008-12-01,2008,12,38,35,53.8,-15.8,0.02
2008-12-02,2008,12,45,24,53.4,-8.4,0
2008-12-03,2008,12,60,29,53,7,0.03
2008-12-04,2008,12,54,26,52.6,1.4,0.47
2008-12-05,2008,12,34,20,52.3,-18.3,0
2008-12-06,2008,12,43,21,51.9,-8.9,0
2008-12-07,2008,12,35,21,51.6,-16.6,0
2008-12-08,2008,12,53,26,51.3,1.7,0
2008-12-09,2008,12,59,50,51,8,2.78
2008-12-10,2008,12,55,38,50.7,4.3,0.58
2008-12-11,2008,12,38,31,50.4,-12.4,0.67
2008-12-12,2008,12,43,27,50.1,-7.1,0
2008-12-13,2008,12,45,22,49.8,-4.8,0
2008-12-14,2008,12,58,38,49.6,8.4,0
2008-12-15,2008,12,58,29,49.3,8.7,0.23
2008-12-16,2008,12,45,28,49.1,-4.1,0.2
2008-12-17,2008,12,44,36,48.8,-4.8,0.1
2008-12-18,2008,12,49,37,48.6,0.399999999999999,0.04
2008-12-19,2008,12,73,40,48.4,24.6,0
2008-12-20,2008,12,55,36,48.2,6.8,0.1
2008-12-21,2008,12,37,15,48,-11,0
2008-12-22,2008,12,25,9,47.9,-22.9,0
2008-12-23,2008,12,50,24,47.7,2.3,0.06
2008-12-24,2008,12,62,40,47.6,14.4,1.01
2008-12-25,2008,12,48,31,47.4,0.600000000000001,0
2008-12-26,2008,12,66,39,47.3,18.7,0.03
2008-12-27,2008,12,70,61,47.2,22.8,0.28
2008-12-28,2008,12,63,33,47.1,15.9,0.12
2008-12-29,2008,12,57,26,47,10,0
2008-12-30,2008,12,63,28,46.9,16.1,0
2008-12-31,2008,12,52,24,46.8,5.2,0
2009-01-01,2009,1,51,21,46.7,4.3,0
2009-01-02,2009,1,58,40,46.6,11.4,0
2009-01-03,2009,1,63,44,46.6,16.4,0.01
2009-01-04,2009,1,63,38,46.5,16.5,0.09
2009-01-05,2009,1,40,32,46.5,-6.5,0.44
2009-01-06,2009,1,48,38,46.5,1.5,0.98
2009-01-07,2009,1,48,36,46.4,1.6,0.01
2009-01-08,2009,1,45,27,46.4,-1.4,0
2009-01-09,2009,1,58,24,46.4,11.6,0
2009-01-10,2009,1,61,34,46.4,14.6,0.56
2009-01-11,2009,1,36,26,46.4,-10.4,0
2009-01-12,2009,1,44,23,46.4,-2.4,0
2009-01-13,2009,1,43,20,46.5,-3.5,0
2009-01-14,2009,1,48,16,46.5,1.5,0
2009-01-15,2009,1,21,9,46.5,-25.5,0
2009-01-16,2009,1,20,5,46.6,-26.6,0
2009-01-17,2009,1,39,14,46.6,-7.6,0
2009-01-18,2009,1,50,35,46.7,3.3,0
2009-01-19,2009,1,37,23,46.8,-9.8,0
2009-01-20,2009,1,29,19,46.8,-17.8,0
2009-01-21,2009,1,39,14,46.9,-7.9,0
2009-01-22,2009,1,56,22,47,9,0
2009-01-23,2009,1,61,36,47.1,13.9,0
2009-01-24,2009,1,42,24,47.3,-5.3,0.03
2009-01-25,2009,1,35,20,47.4,-12.4,0
2009-01-26,2009,1,39,28,47.5,-8.5,0
2009-01-27,2009,1,40,31,47.6,-7.6,1.6
2009-01-28,2009,1,37,27,47.8,-10.8,0.87
2009-01-29,2009,1,35,25,48,-13,0
2009-01-30,2009,1,44,26,48.1,-4.1,0
2009-01-31,2009,1,52,21,48.3,3.7,0
2009-02-01,2009,2,64,33,48.5,15.5,0.02
2009-02-02,2009,2,46,25,48.7,-2.7,0.12
2009-02-03,2009,2,40,17,48.9,-8.9,0
2009-02-04,2009,2,28,15,49.1,-21.1,0
2009-02-05,2009,2,40,10,49.3,-9.3,0
2009-02-06,2009,2,65,32,49.5,15.5,0
2009-02-07,2009,2,67,46,49.7,17.3,0
2009-02-08,2009,2,73,55,50,23,0
2009-02-09,2009,2,71,49,50.2,20.8,0
2009-02-10,2009,2,66,57,50.4,15.6,0
2009-02-11,2009,2,67,53,50.7,16.3,0.33
2009-02-12,2009,2,62,36,51,11,0
2009-02-13,2009,2,61,34,51.2,9.8,0
2009-02-14,2009,2,57,34,51.5,5.5,0
2009-02-15,2009,2,46,33,51.8,-5.8,0
2009-02-16,2009,2,45,26,52.1,-7.1,0
2009-02-17,2009,2,50,23,52.3,-2.3,0.05
2009-02-18,2009,2,73,44,52.6,20.4,0.47
2009-02-19,2009,2,45,26,52.9,-7.9,0
2009-02-20,2009,2,44,17,53.2,-9.2,0
2009-02-21,2009,2,58,28,53.5,4.5,0.17
2009-02-22,2009,2,38,25,53.8,-15.8,0
2009-02-23,2009,2,42,21,54.1,-12.1,0
2009-02-24,2009,2,51,24,54.5,-3.5,0
2009-02-25,2009,2,52,40,54.8,-2.8,0
2009-02-26,2009,2,69,50,55.1,13.9,0
2009-02-27,2009,2,64,43,55.4,8.6,0.89
2009-02-28,2009,2,43,31,55.7,-12.7,0.8
2009-03-01,2009,3,42,27,56.1,-14.1,0.02
2009-03-02,2009,3,36,22,56.4,-20.4,0
2009-03-03,2009,3,37,17,56.7,-19.7,0
2009-03-04,2009,3,58,26,57,1,0
2009-03-05,2009,3,66,41,57.4,8.6,0
2009-03-06,2009,3,72,53,57.7,14.3,0
2009-03-07,2009,3,76,50,58,18,0
2009-03-08,2009,3,74,59,58.4,15.6,0
2009-03-09,2009,3,75,48,58.7,16.3,0
2009-03-10,2009,3,80,59,59,21,0
2009-03-11,2009,3,69,39,59.3,9.7,0.05
2009-03-12,2009,3,39,32,59.7,-20.7,0.34
2009-03-13,2009,3,40,33,60,-20,0.24
2009-03-14,2009,3,50,39,60.3,-10.3,0.83
2009-03-15,2009,3,59,48,60.7,-1.7,0.06
2009-03-16,2009,3,65,46,61,4,0
2009-03-17,2009,3,70,37,61.3,8.7,0
2009-03-18,2009,3,75,41,61.7,13.3,0
2009-03-19,2009,3,62,46,62,0,0
2009-03-20,2009,3,58,38,62.3,-4.3,0
2009-03-21,2009,3,62,30,62.7,-0.700000000000003,0
2009-03-22,2009,3,72,37,63,9,0
2009-03-23,2009,3,74,51,63.3,10.7,0
2009-03-24,2009,3,75,50,63.7,11.3,0.11
2009-03-25,2009,3,62,54,64,-2,0.29
2009-03-26,2009,3,68,53,64.3,3.7,0.49
2009-03-27,2009,3,63,51,64.6,-1.59999999999999,0.11
2009-03-28,2009,3,76,47,65,11,0.36
2009-03-29,2009,3,48,35,65.3,-17.3,0
2009-03-30,2009,3,65,33,65.6,-0.599999999999994,0
2009-03-31,2009,3,67,50,65.9,1.09999999999999,0.02
2009-04-01,2009,4,68,37,66.2,1.8,0
2009-04-02,2009,4,78,43,66.6,11.4,1.8
2009-04-03,2009,4,59,44,66.9,-7.90000000000001,0.05
2009-04-04,2009,4,68,37,67.2,0.799999999999997,0
2009-04-05,2009,4,74,46,67.5,6.5,0.15
2009-04-06,2009,4,47,35,67.8,-20.8,0.08
2009-04-07,2009,4,51,34,68.1,-17.1,0
2009-04-08,2009,4,70,38,68.4,1.59999999999999,0
2009-04-09,2009,4,72,36,68.7,3.3,0
2009-04-10,2009,4,66,49,69,-3,0.52
2009-04-11,2009,4,63,44,69.3,-6.3,0
2009-04-12,2009,4,69,41,69.6,-0.599999999999994,0.02
2009-04-13,2009,4,76,56,69.9,6.09999999999999,0.32
2009-04-14,2009,4,56,47,70.2,-14.2,0
2009-04-15,2009,4,54,46,70.5,-16.5,0
2009-04-16,2009,4,64,42,70.8,-6.8,0
2009-04-17,2009,4,76,42,71,5,0
2009-04-18,2009,4,72,46,71.3,0.700000000000003,0.07
2009-04-19,2009,4,63,55,71.6,-8.59999999999999,1.04
2009-04-20,2009,4,67,50,71.8,-4.8,0.04
2009-04-21,2009,4,63,41,72.1,-9.09999999999999,0.01
2009-04-22,2009,4,73,37,72.4,0.599999999999994,0
2009-04-23,2009,4,83,46,72.6,10.4,0.01
2009-04-24,2009,4,87,64,72.9,14.1,0
2009-04-25,2009,4,87,63,73.1,13.9,0
2009-04-26,2009,4,86,56,73.4,12.6,0
2009-04-27,2009,4,85,60,73.6,11.4,0
2009-04-28,2009,4,79,64,73.9,5.09999999999999,0
2009-04-29,2009,4,81,63,74.1,6.90000000000001,0.02
2009-04-30,2009,4,79,62,74.3,4.7,0
2009-05-01,2009,5,69,61,74.6,-5.59999999999999,2.96
2009-05-02,2009,5,64,59,74.8,-10.8,0.34
2009-05-03,2009,5,64,58,75,-11,0.86
2009-05-04,2009,5,63,56,75.3,-12.3,0.01
2009-05-05,2009,5,71,58,75.5,-4.5,0
2009-05-06,2009,5,70,58,75.7,-5.7,0.68
2009-05-07,2009,5,82,62,76,6,0.01
2009-05-08,2009,5,82,63,76.2,5.8,0.78
2009-05-09,2009,5,75,61,76.4,-1.40000000000001,0.93
2009-05-10,2009,5,69,54,76.7,-7.7,0
2009-05-11,2009,5,70,53,76.9,-6.90000000000001,0.09
2009-05-12,2009,5,77,49,77.1,-0.0999999999999943,0
2009-05-13,2009,5,76,63,77.4,-1.40000000000001,0
2009-05-14,2009,5,80,64,77.6,2.40000000000001,0.03
2009-05-15,2009,5,83,62,77.9,5.09999999999999,0.42
2009-05-16,2009,5,79,61,78.1,0.900000000000006,0.92
2009-05-17,2009,5,65,50,78.4,-13.4,0
2009-05-18,2009,5,70,44,78.6,-8.59999999999999,0
2009-05-19,2009,5,76,43,78.9,-2.90000000000001,0
2009-05-20,2009,5,82,47,79.1,2.90000000000001,0
2009-05-21,2009,5,85,59,79.4,5.59999999999999,0
2009-05-22,2009,5,82,67,79.6,2.40000000000001,0
2009-05-23,2009,5,82,64,79.9,2.09999999999999,0
2009-05-24,2009,5,79,66,80.2,-1.2,0.19
2009-05-25,2009,5,83,68,80.4,2.59999999999999,0
2009-05-26,2009,5,83,64,80.7,2.3,0.01
2009-05-27,2009,5,83,66,81,2,0.13
2009-05-28,2009,5,82,65,81.3,0.700000000000003,0.09
2009-05-29,2009,5,73,61,81.6,-8.59999999999999,0
2009-05-30,2009,5,85,54,81.8,3.2,0
2009-05-31,2009,5,87,63,82.1,4.90000000000001,0
2009-06-01,2009,6,90,59,82.4,7.59999999999999,0
2009-06-02,2009,6,89,67,82.7,6.3,0.34
2009-06-03,2009,6,88,66,83,5,0.62
2009-06-04,2009,6,72,59,83.2,-11.2,0
2009-06-05,2009,6,77,57,83.5,-6.5,0
2009-06-06,2009,6,81,51,83.8,-2.8,0
2009-06-07,2009,6,86,58,84.1,1.90000000000001,0
2009-06-08,2009,6,87,65,84.4,2.59999999999999,0
2009-06-09,2009,6,88,70,84.6,3.40000000000001,0
2009-06-10,2009,6,87,70,84.9,2.09999999999999,0
2009-06-11,2009,6,83,66,85.2,-2.2,2.51
2009-06-12,2009,6,84,66,85.4,-1.40000000000001,0
2009-06-13,2009,6,85,67,85.7,-0.700000000000003,0
2009-06-14,2009,6,85,68,85.9,-0.900000000000006,0
2009-06-15,2009,6,84,68,86.1,-2.09999999999999,0.3
2009-06-16,2009,6,87,68,86.4,0.599999999999994,0.2
2009-06-17,2009,6,92,73,86.6,5.40000000000001,0.24
2009-06-18,2009,6,91,72,86.8,4.2,0
2009-06-19,2009,6,93,74,87,6,0
2009-06-20,2009,6,94,77,87.2,6.8,0
2009-06-21,2009,6,94,79,87.4,6.59999999999999,0
2009-06-22,2009,6,95,70,87.6,7.40000000000001,0.32
2009-06-23,2009,6,91,71,87.8,3.2,0
2009-06-24,2009,6,90,70,87.9,2.09999999999999,0
2009-06-25,2009,6,93,69,88.1,4.90000000000001,0
2009-06-26,2009,6,94,72,88.2,5.8,0
2009-06-27,2009,6,95,75,88.4,6.59999999999999,0
2009-06-28,2009,6,92,74,88.5,3.5,0
2009-06-29,2009,6,88,62,88.6,-0.599999999999994,0
2009-06-30,2009,6,89,70,88.7,0.299999999999997,0
2009-07-01,2009,7,84,69,88.8,-4.8,0
2009-07-02,2009,7,83,68,88.9,-5.90000000000001,0
2009-07-03,2009,7,85,63,89,-4,0
2009-07-04,2009,7,89,64,89,0,0.75
2009-07-05,2009,7,87,70,89.1,-2.09999999999999,1.64
2009-07-06,2009,7,83,70,89.1,-6.09999999999999,0
2009-07-07,2009,7,87,66,89.2,-2.2,0
2009-07-08,2009,7,89,65,89.2,-0.200000000000003,0
2009-07-09,2009,7,90,69,89.3,0.700000000000003,0
2009-07-10,2009,7,88,70,89.3,-1.3,0.02
2009-07-11,2009,7,80,70,89.3,-9.3,0.03
2009-07-12,2009,7,90,69,89.3,0.700000000000003,1.38
2009-07-13,2009,7,85,69,89.4,-4.40000000000001,0
2009-07-14,2009,7,89,64,89.4,-0.400000000000006,0
2009-07-15,2009,7,92,70,89.4,2.59999999999999,0.1
2009-07-16,2009,7,84,70,89.4,-5.40000000000001,0
2009-07-17,2009,7,85,65,89.4,-4.40000000000001,0
2009-07-18,2009,7,76,60,89.4,-13.4,0
2009-07-19,2009,7,77,57,89.4,-12.4,0
2009-07-20,2009,7,81,59,89.4,-8.40000000000001,0
2009-07-21,2009,7,83,58,89.4,-6.40000000000001,0.01
2009-07-22,2009,7,76,68,89.4,-13.4,0.89
2009-07-23,2009,7,84,63,89.4,-5.40000000000001,0
2009-07-24,2009,7,87,63,89.4,-2.40000000000001,0
2009-07-25,2009,7,90,68,89.4,0.599999999999994,0
2009-07-26,2009,7,85,71,89.4,-4.40000000000001,0.13
2009-07-27,2009,7,89,67,89.4,-0.400000000000006,0
2009-07-28,2009,7,76,69,89.4,-13.4,0.79
2009-07-29,2009,7,86,71,89.4,-3.40000000000001,0.06
2009-07-30,2009,7,84,71,89.5,-5.5,0.14
2009-07-31,2009,7,87,68,89.5,-2.5,0.09
2009-08-01,2009,8,85,65,89.5,-4.5,0.07
2009-08-02,2009,8,85,67,89.5,-4.5,0
2009-08-03,2009,8,89,64,89.5,-0.5,0
2009-08-04,2009,8,93,68,89.5,3.5,0.97
2009-08-05,2009,8,85,67,89.5,-4.5,0.11
2009-08-06,2009,8,88,68,89.5,-1.5,0
2009-08-07,2009,8,90,68,89.5,0.5,0
2009-08-08,2009,8,92,70,89.5,2.5,0
2009-08-09,2009,8,93,73,89.5,3.5,0
2009-08-10,2009,8,92,74,89.5,2.5,0.04
2009-08-11,2009,8,89,72,89.5,-0.5,0.01
2009-08-12,2009,8,87,71,89.5,-2.5,0
2009-08-13,2009,8,90,65,89.4,0.599999999999994,0
2009-08-14,2009,8,93,69,89.4,3.59999999999999,0
2009-08-15,2009,8,94,71,89.4,4.59999999999999,0
2009-08-16,2009,8,91,72,89.3,1.7,0
2009-08-17,2009,8,89,72,89.3,-0.299999999999997,0
2009-08-18,2009,8,84,71,89.2,-5.2,0.07
2009-08-19,2009,8,90,71,89.1,0.900000000000006,0.13
2009-08-20,2009,8,83,71,89.1,-6.09999999999999,0.64
2009-08-21,2009,8,86,70,89,-3,0
2009-08-22,2009,8,76,64,88.9,-12.9,0
2009-08-23,2009,8,73,60,88.7,-15.7,0
2009-08-24,2009,8,83,58,88.6,-5.59999999999999,0
2009-08-25,2009,8,89,62,88.5,0.5,0
2009-08-26,2009,8,89,65,88.3,0.700000000000003,0
2009-08-27,2009,8,90,68,88.2,1.8,0
2009-08-28,2009,8,82,69,88,-6,0.1
2009-08-29,2009,8,85,66,87.8,-2.8,0
2009-08-30,2009,8,79,61,87.6,-8.59999999999999,0
2009-08-31,2009,8,78,58,87.4,-9.40000000000001,0
2009-09-01,2009,9,82,56,87.1,-5.09999999999999,0
2009-09-02,2009,9,77,63,86.9,-9.90000000000001,0
2009-09-03,2009,9,81,63,86.6,-5.59999999999999,0.86
2009-09-04,2009,9,85,61,86.4,-1.40000000000001,0
2009-09-05,2009,9,84,63,86.1,-2.09999999999999,0
2009-09-06,2009,9,87,66,85.8,1.2,0.32
2009-09-07,2009,9,87,66,85.5,1.5,0
2009-09-08,2009,9,87,64,85.2,1.8,0
2009-09-09,2009,9,86,66,84.8,1.2,0
2009-09-10,2009,9,84,63,84.5,-0.5,0.02
2009-09-11,2009,9,84,66,84.2,-0.200000000000003,1.65
2009-09-12,2009,9,85,66,83.8,1.2,0
2009-09-13,2009,9,84,61,83.5,0.5,0
2009-09-14,2009,9,83,65,83.1,-0.0999999999999943,0
2009-09-15,2009,9,80,70,82.7,-2.7,1.08
2009-09-16,2009,9,72,69,82.4,-10.4,2.69
2009-09-17,2009,9,74,68,82,-8,1.07
2009-09-18,2009,9,82,68,81.6,0.400000000000006,0.01
2009-09-19,2009,9,81,70,81.2,-0.200000000000003,0.08
2009-09-20,2009,9,81,69,80.9,0.0999999999999943,0.23
2009-09-21,2009,9,79,68,80.5,-1.5,0.26
2009-09-22,2009,9,82,68,80.1,1.90000000000001,0.19
2009-09-23,2009,9,79,69,79.7,-0.700000000000003,0.27
2009-09-24,2009,9,84,71,79.3,4.7,0
2009-09-25,2009,9,80,71,78.9,1.09999999999999,0
2009-09-26,2009,9,78,61,78.6,-0.599999999999994,2.35
2009-09-27,2009,9,77,56,78.2,-1.2,0
2009-09-28,2009,9,74,55,77.8,-3.8,0
2009-09-29,2009,9,69,50,77.4,-8.40000000000001,0
2009-09-30,2009,9,71,47,77.1,-6.09999999999999,0
2009-10-01,2009,10,76,49,76.7,-0.700000000000003,0
2009-10-02,2009,10,72,57,76.4,-4.40000000000001,0.29
2009-10-03,2009,10,72,48,76,-4,0
2009-10-04,2009,10,57,49,75.7,-18.7,0.51
2009-10-05,2009,10,65,53,75.3,-10.3,0
2009-10-06,2009,10,70,61,75,-5,0.74
2009-10-07,2009,10,69,50,74.6,-5.59999999999999,0
2009-10-08,2009,10,82,48,74.3,7.7,0
2009-10-09,2009,10,86,57,74,12,0.17
2009-10-10,2009,10,58,50,73.6,-15.6,0.1
2009-10-11,2009,10,66,44,73.3,-7.3,0
2009-10-12,2009,10,70,52,73,-3,0
2009-10-13,2009,10,66,59,72.7,-6.7,0.29
2009-10-14,2009,10,69,55,72.3,-3.3,0.4
2009-10-15,2009,10,58,49,72,-14,0.99
2009-10-16,2009,10,49,43,71.7,-22.7,0
2009-10-17,2009,10,50,39,71.4,-21.4,0.02
2009-10-18,2009,10,56,35,71.1,-15.1,0
2009-10-19,2009,10,64,33,70.7,-6.7,0
2009-10-20,2009,10,70,40,70.4,-0.400000000000006,0
2009-10-21,2009,10,69,41,70.1,-1.09999999999999,0
2009-10-22,2009,10,76,54,69.8,6.2,0
2009-10-23,2009,10,71,55,69.4,1.59999999999999,0.51
2009-10-24,2009,10,59,41,69.1,-10.1,0
2009-10-25,2009,10,65,35,68.8,-3.8,0
2009-10-26,2009,10,69,38,68.4,0.599999999999994,0
2009-10-27,2009,10,59,53,68.1,-9.09999999999999,0.6
2009-10-28,2009,10,60,48,67.8,-7.8,0
2009-10-29,2009,10,67,44,67.4,-0.400000000000006,0.02
2009-10-30,2009,10,74,56,67,7,1
2009-10-31,2009,10,56,41,66.7,-10.7,0.85
2009-11-01,2009,11,61,37,66.3,-5.3,0
2009-11-02,2009,11,68,35,65.9,2.09999999999999,0
2009-11-03,2009,11,62,38,65.6,-3.59999999999999,0
2009-11-04,2009,11,70,34,65.2,4.8,0
2009-11-05,2009,11,62,37,64.8,-2.8,0
2009-11-06,2009,11,66,34,64.4,1.59999999999999,0
2009-11-07,2009,11,74,46,64,10,0
2009-11-08,2009,11,74,43,63.6,10.4,0
2009-11-09,2009,11,70,50,63.1,6.9,0
2009-11-10,2009,11,64,53,62.7,1.3,0
2009-11-11,2009,11,64,44,62.3,1.7,0
2009-11-12,2009,11,62,37,61.9,0.100000000000001,0
2009-11-13,2009,11,68,35,61.4,6.6,0
2009-11-14,2009,11,70,38,61,9,0
2009-11-15,2009,11,72,42,60.6,11.4,0
2009-11-16,2009,11,70,44,60.1,9.9,0.01
2009-11-17,2009,11,59,41,59.7,-0.700000000000003,0.21
2009-11-18,2009,11,50,41,59.2,-9.2,0
2009-11-19,2009,11,59,40,58.8,0.200000000000003,0
2009-11-20,2009,11,63,35,58.4,4.6,0
2009-11-21,2009,11,65,37,57.9,7.1,0
2009-11-22,2009,11,55,43,57.5,-2.5,0
2009-11-23,2009,11,53,49,57.1,-4.1,0
2009-11-24,2009,11,59,50,56.6,2.4,0
2009-11-25,2009,11,58,43,56.2,1.8,0
2009-11-26,2009,11,47,36,55.8,-8.8,0
2009-11-27,2009,11,52,29,55.4,-3.4,0
2009-11-28,2009,11,68,30,54.9,13.1,0
2009-11-29,2009,11,60,46,54.5,5.5,0.06
2009-11-30,2009,11,53,30,54.1,-1.1,0.39
2009-12-01,2009,12,54,26,53.8,0.200000000000003,0
2009-12-02,2009,12,57,42,53.4,3.6,0.66
2009-12-03,2009,12,41,36,53,-12,0
2009-12-04,2009,12,39,30,52.6,-13.6,0
2009-12-05,2009,12,39,23,52.3,-13.3,0
2009-12-06,2009,12,41,21,51.9,-10.9,0
2009-12-07,2009,12,46,35,51.6,-5.6,0.03
2009-12-08,2009,12,57,41,51.3,5.7,1.79
2009-12-09,2009,12,61,29,51,10,0
2009-12-10,2009,12,34,22,50.7,-16.7,0
2009-12-11,2009,12,38,15,50.4,-12.4,0
2009-12-12,2009,12,47,23,50.1,-3.1,0.18
2009-12-13,2009,12,54,45,49.8,4.2,0.32
2009-12-14,2009,12,66,51,49.6,16.4,0
2009-12-15,2009,12,54,28,49.3,4.7,0
2009-12-16,2009,12,37,26,49.1,-12.1,0
2009-12-17,2009,12,49,24,48.8,0.200000000000003,0
2009-12-18,2009,12,44,38,48.6,-4.6,0.27
2009-12-19,2009,12,41,33,48.4,-7.4,0.02
2009-12-20,2009,12,37,29,48.2,-11.2,0
2009-12-21,2009,12,49,25,48,1,0
2009-12-22,2009,12,57,28,47.9,9.1,0
2009-12-23,2009,12,56,42,47.7,8.3,0
2009-12-24,2009,12,62,48,47.6,14.4,0.32
2009-12-25,2009,12,53,29,47.4,5.6,0.07
2009-12-26,2009,12,49,25,47.3,1.7,0
2009-12-27,2009,12,44,27,47.2,-3.2,0
2009-12-28,2009,12,38,22,47.1,-9.1,0
2009-12-29,2009,12,39,27,47,-8,0
2009-12-30,2009,12,49,31,46.9,2.1,0.26
2009-12-31,2009,12,46,37,46.8,-0.799999999999997,0.07
2010-01-01,2010,1,37,22,46.7,-9.7,0
2010-01-02,2010,1,27,15,46.6,-19.6,0
2010-01-03,2010,1,26,14,46.6,-20.6,0
2010-01-04,2010,1,29,12,46.5,-17.5,0
2010-01-05,2010,1,28,13,46.5,-18.5,0
2010-01-06,2010,1,34,12,46.5,-12.5,0
2010-01-07,2010,1,31,14,46.4,-15.4,0.03
2010-01-08,2010,1,18,13,46.4,-28.4,0
2010-01-09,2010,1,22,14,46.4,-24.4,0
2010-01-10,2010,1,28,8,46.4,-18.4,0
2010-01-11,2010,1,40,14,46.4,-6.4,0
2010-01-12,2010,1,32,20,46.4,-14.4,0
2010-01-13,2010,1,42,14,46.5,-4.5,0
2010-01-14,2010,1,51,18,46.5,4.5,0
2010-01-15,2010,1,59,30,46.5,12.5,0
2010-01-16,2010,1,52,32,46.6,5.4,0.49
2010-01-17,2010,1,54,37,46.6,7.4,1.45
2010-01-18,2010,1,58,28,46.7,11.3,0
2010-01-19,2010,1,62,39,46.8,15.2,0
2010-01-20,2010,1,56,50,46.8,9.2,0.46
2010-01-21,2010,1,62,49,46.9,15.1,0.43
2010-01-22,2010,1,53,44,47,6,0
2010-01-23,2010,1,57,43,47.1,9.9,0
2010-01-24,2010,1,56,47,47.3,8.7,0.48
2010-01-25,2010,1,47,34,47.4,-0.399999999999999,0.07
2010-01-26,2010,1,36,26,47.5,-11.5,0
2010-01-27,2010,1,44,21,47.6,-3.6,0
2010-01-28,2010,1,47,29,47.8,-0.799999999999997,0
2010-01-29,2010,1,29,24,48,-19,0.63
2010-01-30,2010,1,26,19,48.1,-22.1,0.09
2010-01-31,2010,1,38,10,48.3,-10.3,0
2010-02-01,2010,2,43,17,48.5,-5.5,0.03
2010-02-02,2010,2,47,34,48.7,-1.7,0.09
2010-02-03,2010,2,46,32,48.9,-2.9,0
2010-02-04,2010,2,43,32,49.1,-6.1,0.36
2010-02-05,2010,2,45,39,49.3,-4.3,0.91
2010-02-06,2010,2,39,30,49.5,-10.5,0.02
2010-02-07,2010,2,34,22,49.7,-15.7,0
2010-02-08,2010,2,35,22,50,-15,0.35
2010-02-09,2010,2,35,21,50.2,-15.2,0.48
2010-02-10,2010,2,35,21,50.4,-15.4,0
2010-02-11,2010,2,37,20,50.7,-13.7,0
2010-02-12,2010,2,35,24,51,-16,0
2010-02-13,2010,2,36,28,51.2,-15.2,0
2010-02-14,2010,2,38,31,51.5,-13.5,0.06
2010-02-15,2010,2,37,22,51.8,-14.8,0.05
2010-02-16,2010,2,30,22,52.1,-22.1,0
2010-02-17,2010,2,39,23,52.3,-13.3,0
2010-02-18,2010,2,49,24,52.6,-3.6,0
2010-02-19,2010,2,52,23,52.9,-0.899999999999999,0
2010-02-20,2010,2,62,27,53.2,8.8,0
2010-02-21,2010,2,67,34,53.5,13.5,0.42
2010-02-22,2010,2,51,37,53.8,-2.8,0
2010-02-23,2010,2,37,33,54.1,-17.1,0
2010-02-24,2010,2,36,24,54.5,-18.5,0
2010-02-25,2010,2,39,21,54.8,-15.8,0
2010-02-26,2010,2,45,20,55.1,-10.1,0
2010-02-27,2010,2,49,26,55.4,-6.4,0
2010-02-28,2010,2,45,32,55.7,-10.7,0
2010-03-01,2010,3,45,29,56.1,-11.1,0
2010-03-02,2010,3,43,34,56.4,-13.4,0.1
2010-03-03,2010,3,36,31,56.7,-20.7,0
2010-03-04,2010,3,51,30,57,-6,0
2010-03-05,2010,3,51,24,57.4,-6.4,0
2010-03-06,2010,3,56,23,57.7,-1.7,0
2010-03-07,2010,3,63,26,58,5,0
2010-03-08,2010,3,73,44,58.4,14.6,0
2010-03-09,2010,3,62,41,58.7,3.3,0.03
2010-03-10,2010,3,68,53,59,9,0
2010-03-11,2010,3,69,49,59.3,9.7,0.54
2010-03-12,2010,3,62,45,59.7,2.3,0.5
2010-03-13,2010,3,48,41,60,-12,0.2
2010-03-14,2010,3,49,43,60.3,-11.3,0.03
2010-03-15,2010,3,50,43,60.7,-10.7,0
2010-03-16,2010,3,52,44,61,-9,0
2010-03-17,2010,3,53,46,61.3,-8.3,0
2010-03-18,2010,3,66,40,61.7,4.3,0
2010-03-19,2010,3,69,35,62,7,0
2010-03-20,2010,3,70,41,62.3,7.7,0
2010-03-21,2010,3,54,38,62.7,-8.7,0.89
2010-03-22,2010,3,45,34,63,-18,0.01
2010-03-23,2010,3,67,42,63.3,3.7,0
2010-03-24,2010,3,73,41,63.7,9.3,0
2010-03-25,2010,3,58,44,64,-6,0.62
2010-03-26,2010,3,55,39,64.3,-9.3,0
2010-03-27,2010,3,69,34,64.6,4.40000000000001,0
2010-03-28,2010,3,60,47,65,-5,0.6
2010-03-29,2010,3,61,41,65.3,-4.3,0
2010-03-30,2010,3,66,37,65.6,0.400000000000006,0
2010-03-31,2010,3,78,40,65.9,12.1,0
2010-04-01,2010,4,84,52,66.2,17.8,0
2010-04-02,2010,4,84,52,66.6,17.4,0
2010-04-03,2010,4,74,51,66.9,7.09999999999999,0.16
2010-04-04,2010,4,80,46,67.2,12.8,0
2010-04-05,2010,4,87,66,67.5,19.5,0.02
2010-04-06,2010,4,87,62,67.8,19.2,0
2010-04-07,2010,4,78,62,68.1,9.90000000000001,0.13
2010-04-08,2010,4,63,43,68.4,-5.40000000000001,0.2
2010-04-09,2010,4,67,37,68.7,-1.7,0
2010-04-10,2010,4,73,37,69,4,0
2010-04-11,2010,4,78,41,69.3,8.7,0
2010-04-12,2010,4,81,45,69.6,11.4,0
2010-04-13,2010,4,85,47,69.9,15.1,0
2010-04-14,2010,4,86,51,70.2,15.8,0
2010-04-15,2010,4,85,53,70.5,14.5,0
2010-04-16,2010,4,84,56,70.8,13.2,0
2010-04-17,2010,4,70,49,71,-1,0
2010-04-18,2010,4,68,43,71.3,-3.3,0
2010-04-19,2010,4,68,45,71.6,-3.59999999999999,0
2010-04-20,2010,4,69,48,71.8,-2.8,0
2010-04-21,2010,4,74,42,72.1,1.90000000000001,0
2010-04-22,2010,4,76,47,72.4,3.59999999999999,0.02
2010-04-23,2010,4,83,55,72.6,10.4,0
2010-04-24,2010,4,70,58,72.9,-2.90000000000001,2.82
2010-04-25,2010,4,75,56,73.1,1.90000000000001,0.04
2010-04-26,2010,4,61,54,73.4,-12.4,0
2010-04-27,2010,4,60,44,73.6,-13.6,0.09
2010-04-28,2010,4,69,42,73.9,-4.90000000000001,0
2010-04-29,2010,4,76,44,74.1,1.90000000000001,0
2010-04-30,2010,4,82,62,74.3,7.7,0
2010-05-01,2010,5,73,63,74.6,-1.59999999999999,6.32
2010-05-02,2010,5,75,66,74.8,0.200000000000003,7.25
2010-05-03,2010,5,81,56,75,6,0
2010-05-04,2010,5,84,54,75.3,8.7,0
2010-05-05,2010,5,86,57,75.5,10.5,0
2010-05-06,2010,5,84,63,75.7,8.3,0
2010-05-07,2010,5,88,62,76,12,0
2010-05-08,2010,5,68,49,76.2,-8.2,0
2010-05-09,2010,5,64,43,76.4,-12.4,0
2010-05-10,2010,5,57,46,76.7,-19.7,0.11
2010-05-11,2010,5,78,54,76.9,1.09999999999999,0
2010-05-12,2010,5,82,67,77.1,4.90000000000001,0
2010-05-13,2010,5,86,64,77.4,8.59999999999999,0
2010-05-14,2010,5,88,63,77.6,10.4,0.91
2010-05-15,2010,5,83,61,77.9,5.09999999999999,0.28
2010-05-16,2010,5,73,65,78.1,-5.09999999999999,0.57
2010-05-17,2010,5,79,61,78.4,0.599999999999994,0.28
2010-05-18,2010,5,63,53,78.6,-15.6,0
2010-05-19,2010,5,75,50,78.9,-3.90000000000001,0
2010-05-20,2010,5,75,53,79.1,-4.09999999999999,0.48
2010-05-21,2010,5,81,64,79.4,1.59999999999999,0.02
2010-05-22,2010,5,86,64,79.6,6.40000000000001,0
2010-05-23,2010,5,91,63,79.9,11.1,0
2010-05-24,2010,5,88,67,80.2,7.8,0
2010-05-25,2010,5,85,66,80.4,4.59999999999999,0
2010-05-26,2010,5,88,63,80.7,7.3,0.04
2010-05-27,2010,5,89,65,81,8,0
2010-05-28,2010,5,87,66,81.3,5.7,0.04
2010-05-29,2010,5,85,64,81.6,3.40000000000001,0
2010-05-30,2010,5,84,66,81.8,2.2,0.13
2010-05-31,2010,5,83,66,82.1,0.900000000000006,0
2010-06-01,2010,6,91,67,82.4,8.59999999999999,0
2010-06-02,2010,6,90,66,82.7,7.3,0
2010-06-03,2010,6,90,65,83,7,0.01
2010-06-04,2010,6,89,68,83.2,5.8,0
2010-06-05,2010,6,90,67,83.5,6.5,0
2010-06-06,2010,6,86,63,83.8,2.2,0
2010-06-07,2010,6,87,59,84.1,2.90000000000001,0
2010-06-08,2010,6,89,65,84.4,4.59999999999999,0
2010-06-09,2010,6,88,70,84.6,3.40000000000001,1.55
2010-06-10,2010,6,88,70,84.9,3.09999999999999,0
2010-06-11,2010,6,91,73,85.2,5.8,0
2010-06-12,2010,6,94,76,85.4,8.59999999999999,0
2010-06-13,2010,6,95,77,85.7,9.3,0
2010-06-14,2010,6,94,74,85.9,8.09999999999999,0.03
2010-06-15,2010,6,95,73,86.1,8.90000000000001,0.14
2010-06-16,2010,6,93,72,86.4,6.59999999999999,0
2010-06-17,2010,6,87,69,86.6,0.400000000000006,1.29
2010-06-18,2010,6,93,68,86.8,6.2,0
2010-06-19,2010,6,93,74,87,6,0.15
2010-06-20,2010,6,95,71,87.2,7.8,0
2010-06-21,2010,6,96,70,87.4,8.59999999999999,0
2010-06-22,2010,6,96,72,87.6,8.40000000000001,0
2010-06-23,2010,6,95,75,87.8,7.2,0
2010-06-24,2010,6,94,75,87.9,6.09999999999999,0.01
2010-06-25,2010,6,94,72,88.1,5.90000000000001,0.12
2010-06-26,2010,6,90,70,88.2,1.8,0.9
2010-06-27,2010,6,93,71,88.4,4.59999999999999,0
2010-06-28,2010,6,94,74,88.5,5.5,0.76
2010-06-29,2010,6,89,71,88.6,0.400000000000006,0
2010-06-30,2010,6,87,69,88.7,-1.7,0
2010-07-01,2010,7,86,64,88.8,-2.8,0
2010-07-02,2010,7,89,60,88.9,0.0999999999999943,0
2010-07-03,2010,7,88,70,89,-1,0
2010-07-04,2010,7,92,70,89,3,0
2010-07-05,2010,7,92,67,89.1,2.90000000000001,0
2010-07-06,2010,7,94,70,89.1,4.90000000000001,0
2010-07-07,2010,7,97,70,89.2,7.8,0
2010-07-08,2010,7,98,75,89.2,8.8,0
2010-07-09,2010,7,90,75,89.3,0.700000000000003,0
2010-07-10,2010,7,91,70,89.3,1.7,0.97
2010-07-11,2010,7,92,68,89.3,2.7,1.9
2010-07-12,2010,7,89,71,89.3,-0.299999999999997,0.41
2010-07-13,2010,7,87,70,89.4,-2.40000000000001,1.23
2010-07-14,2010,7,94,73,89.4,4.59999999999999,0
2010-07-15,2010,7,94,73,89.4,4.59999999999999,0
2010-07-16,2010,7,95,73,89.4,5.59999999999999,0.09
2010-07-17,2010,7,89,74,89.4,-0.400000000000006,0
2010-07-18,2010,7,91,73,89.4,1.59999999999999,0
2010-07-19,2010,7,93,75,89.4,3.59999999999999,0
2010-07-20,2010,7,93,74,89.4,3.59999999999999,0
2010-07-21,2010,7,94,76,89.4,4.59999999999999,0.22
2010-07-22,2010,7,96,75,89.4,6.59999999999999,0
2010-07-23,2010,7,96,75,89.4,6.59999999999999,0
2010-07-24,2010,7,97,73,89.4,7.59999999999999,0
2010-07-25,2010,7,96,76,89.4,6.59999999999999,0
2010-07-26,2010,7,94,74,89.4,4.59999999999999,0.07
2010-07-27,2010,7,90,74,89.4,0.599999999999994,0.01
2010-07-28,2010,7,95,74,89.4,5.59999999999999,0
2010-07-29,2010,7,95,77,89.4,5.59999999999999,0.38
2010-07-30,2010,7,94,74,89.5,4.5,0
2010-07-31,2010,7,91,74,89.5,1.5,0.58
2010-08-01,2010,8,92,74,89.5,2.5,0
2010-08-02,2010,8,96,72,89.5,6.5,0
2010-08-03,2010,8,99,72,89.5,9.5,0
2010-08-04,2010,8,101,76,89.5,11.5,0
2010-08-05,2010,8,98,75,89.5,8.5,0.75
2010-08-06,2010,8,92,73,89.5,2.5,0.54
2010-08-07,2010,8,92,67,89.5,2.5,0
2010-08-08,2010,8,96,69,89.5,6.5,0
2010-08-09,2010,8,97,76,89.5,7.5,0
2010-08-10,2010,8,96,76,89.5,6.5,0
2010-08-11,2010,8,98,76,89.5,8.5,0
2010-08-12,2010,8,99,75,89.5,9.5,0.59
2010-08-13,2010,8,99,73,89.4,9.59999999999999,0
2010-08-14,2010,8,98,76,89.4,8.59999999999999,0
2010-08-15,2010,8,92,74,89.4,2.59999999999999,0
2010-08-16,2010,8,90,75,89.3,0.700000000000003,0.22
2010-08-17,2010,8,91,72,89.3,1.7,1.23
2010-08-18,2010,8,84,71,89.2,-5.2,2.49
2010-08-19,2010,8,89,71,89.1,-0.0999999999999943,0.53
2010-08-20,2010,8,93,66,89.1,3.90000000000001,0
2010-08-21,2010,8,93,72,89,4,0.62
2010-08-22,2010,8,91,73,88.9,2.09999999999999,0
2010-08-23,2010,8,88,70,88.7,-0.700000000000003,0
2010-08-24,2010,8,88,66,88.6,-0.599999999999994,0
2010-08-25,2010,8,85,67,88.5,-3.5,0
2010-08-26,2010,8,86,66,88.3,-2.3,0
2010-08-27,2010,8,87,61,88.2,-1.2,0
2010-08-28,2010,8,93,69,88,5,0
2010-08-29,2010,8,90,72,87.8,2.2,0.02
2010-08-30,2010,8,88,68,87.6,0.400000000000006,0
2010-08-31,2010,8,89,65,87.4,1.59999999999999,0
2010-09-01,2010,9,91,65,87.1,3.90000000000001,0
2010-09-02,2010,9,93,64,86.9,6.09999999999999,0
2010-09-03,2010,9,83,66,86.6,-3.59999999999999,0.01
2010-09-04,2010,9,80,54,86.4,-6.40000000000001,0
2010-09-05,2010,9,80,50,86.1,-6.09999999999999,0
2010-09-06,2010,9,90,54,85.8,4.2,0
2010-09-07,2010,9,94,63,85.5,8.5,0
2010-09-08,2010,9,82,70,85.2,-3.2,0.25
2010-09-09,2010,9,78,67,84.8,-6.8,0
2010-09-10,2010,9,77,66,84.5,-7.5,0.61
2010-09-11,2010,9,92,69,84.2,7.8,0.06
2010-09-12,2010,9,83,59,83.8,-0.799999999999997,0
2010-09-13,2010,9,85,54,83.5,1.5,0
2010-09-14,2010,9,90,56,83.1,6.90000000000001,0
2010-09-15,2010,9,93,65,82.7,10.3,0
2010-09-16,2010,9,89,73,82.4,6.59999999999999,0.08
2010-09-17,2010,9,85,62,82,3,0
2010-09-18,2010,9,88,56,81.6,6.40000000000001,0
2010-09-19,2010,9,92,59,81.2,10.8,0
2010-09-20,2010,9,91,64,80.9,10.1,0
2010-09-21,2010,9,95,65,80.5,14.5,0
2010-09-22,2010,9,94,68,80.1,13.9,0
2010-09-23,2010,9,94,67,79.7,14.3,0
2010-09-24,2010,9,92,68,79.3,12.7,0.16
2010-09-25,2010,9,81,62,78.9,2.09999999999999,0
2010-09-26,2010,9,77,58,78.6,-1.59999999999999,0
2010-09-27,2010,9,72,54,78.2,-6.2,0
2010-09-28,2010,9,74,50,77.8,-3.8,0
2010-09-29,2010,9,78,47,77.4,0.599999999999994,0
2010-09-30,2010,9,83,54,77.1,5.90000000000001,0
2010-10-01,2010,10,77,51,76.7,0.299999999999997,0
2010-10-02,2010,10,77,42,76.4,0.599999999999994,0
2010-10-03,2010,10,60,44,76,-16,0
2010-10-04,2010,10,63,41,75.7,-12.7,0
2010-10-05,2010,10,70,39,75.3,-5.3,0
2010-10-06,2010,10,75,38,75,0,0
2010-10-07,2010,10,85,45,74.6,10.4,0
2010-10-08,2010,10,86,50,74.3,11.7,0
2010-10-09,2010,10,87,49,74,13,0
2010-10-10,2010,10,88,48,73.6,14.4,0
2010-10-11,2010,10,88,50,73.3,14.7,0
2010-10-12,2010,10,78,59,73,5,0.35
2010-10-13,2010,10,77,59,72.7,4.3,0.06
2010-10-14,2010,10,70,45,72.3,-2.3,0
2010-10-15,2010,10,73,46,72,1,0
2010-10-16,2010,10,74,39,71.7,2.3,0
2010-10-17,2010,10,83,40,71.4,11.6,0
2010-10-18,2010,10,83,52,71.1,11.9,0
2010-10-19,2010,10,71,53,70.7,0.299999999999997,0.05
2010-10-20,2010,10,72,49,70.4,1.59999999999999,0
2010-10-21,2010,10,78,46,70.1,7.90000000000001,0
2010-10-22,2010,10,76,39,69.8,6.2,0
2010-10-23,2010,10,79,44,69.4,9.59999999999999,0
2010-10-24,2010,10,80,60,69.1,10.9,1.07
2010-10-25,2010,10,75,59,68.8,6.2,0.44
2010-10-26,2010,10,81,56,68.4,12.6,0.52
2010-10-27,2010,10,79,57,68.1,10.9,0
2010-10-28,2010,10,66,42,67.8,-1.8,0
2010-10-29,2010,10,61,37,67.4,-6.40000000000001,0
2010-10-30,2010,10,71,31,67,4,0
2010-10-31,2010,10,74,41,66.7,7.3,0
2010-11-01,2010,11,70,47,66.3,3.7,0
2010-11-02,2010,11,71,47,65.9,5.09999999999999,0
2010-11-03,2010,11,59,52,65.6,-6.59999999999999,0.35
2010-11-04,2010,11,58,44,65.2,-7.2,0
2010-11-05,2010,11,49,36,64.8,-15.8,0.01
2010-11-06,2010,11,50,28,64.4,-14.4,0
2010-11-07,2010,11,59,28,64,-5,0
2010-11-08,2010,11,71,32,63.6,7.4,0
2010-11-09,2010,11,73,36,63.1,9.9,0
2010-11-10,2010,11,75,38,62.7,12.3,0
2010-11-11,2010,11,77,38,62.3,14.7,0
2010-11-12,2010,11,76,39,61.9,14.1,0
2010-11-13,2010,11,74,46,61.4,12.6,0
2010-11-14,2010,11,57,37,61,-4,0.17
2010-11-15,2010,11,47,37,60.6,-13.6,0
2010-11-16,2010,11,57,41,60.1,-3.1,0.94
2010-11-17,2010,11,54,40,59.7,-5.7,0
2010-11-18,2010,11,60,41,59.2,0.799999999999997,0
2010-11-19,2010,11,60,44,58.8,1.2,0
2010-11-20,2010,11,70,39,58.4,11.6,0
2010-11-21,2010,11,71,47,57.9,13.1,0
2010-11-22,2010,11,75,53,57.5,17.5,0
2010-11-23,2010,11,68,44,57.1,10.9,1.04
2010-11-24,2010,11,64,39,56.6,7.4,0.14
2010-11-25,2010,11,72,41,56.2,15.8,0.45
2010-11-26,2010,11,41,28,55.8,-14.8,0.07
2010-11-27,2010,11,52,28,55.4,-3.4,0
2010-11-28,2010,11,54,26,54.9,-0.899999999999999,0
2010-11-29,2010,11,64,38,54.5,9.5,0.57
2010-11-30,2010,11,58,34,54.1,3.9,1.67
2010-12-01,2010,12,43,26,53.8,-10.8,0
2010-12-02,2010,12,45,24,53.4,-8.4,0
2010-12-03,2010,12,53,28,53,0,0
2010-12-04,2010,12,59,35,52.6,6.4,0
2010-12-05,2010,12,34,27,52.3,-18.3,0
2010-12-06,2010,12,32,21,51.9,-19.9,0
2010-12-07,2010,12,32,20,51.6,-19.6,0
2010-12-08,2010,12,34,19,51.3,-17.3,0
2010-12-09,2010,12,44,14,51,-7,0
2010-12-10,2010,12,49,31,50.7,-1.7,0
2010-12-11,2010,12,51,43,50.4,0.600000000000001,1.18
2010-12-12,2010,12,43,18,50.1,-7.1,0.11
2010-12-13,2010,12,22,11,49.8,-27.8,0
2010-12-14,2010,12,28,8,49.6,-21.6,0
2010-12-15,2010,12,35,25,49.3,-14.3,0.14
2010-12-16,2010,12,54,32,49.1,4.9,0.14
2010-12-17,2010,12,34,30,48.8,-14.8,0
2010-12-18,2010,12,40,27,48.6,-8.6,0
2010-12-19,2010,12,42,20,48.4,-6.4,0
2010-12-20,2010,12,48,21,48.2,-0.200000000000003,0
2010-12-21,2010,12,52,45,48,4,0.03
2010-12-22,2010,12,48,31,47.9,0.100000000000001,0
2010-12-23,2010,12,41,28,47.7,-6.7,0
2010-12-24,2010,12,39,26,47.6,-8.6,0.09
2010-12-25,2010,12,32,28,47.4,-15.4,0.05
2010-12-26,2010,12,30,25,47.3,-17.3,0
2010-12-27,2010,12,34,19,47.2,-13.2,0
2010-12-28,2010,12,43,14,47.1,-4.1,0
2010-12-29,2010,12,44,30,47,-3,0.1
2010-12-30,2010,12,56,42,46.9,9.1,0.02
2010-12-31,2010,12,68,53,46.8,21.2,0.01
2011-01-01,2011,1,60,30,46.7,13.3,0.79
2011-01-02,2011,1,39,21,46.6,-7.6,0
2011-01-03,2011,1,45,18,46.6,-1.6,0
2011-01-04,2011,1,54,31,46.5,7.5,0
2011-01-05,2011,1,37,29,46.5,-9.5,0.09
2011-01-06,2011,1,48,25,46.5,1.5,0
2011-01-07,2011,1,48,31,46.4,1.6,0
2011-01-08,2011,1,35,16,46.4,-11.4,0.01
2011-01-09,2011,1,30,13,46.4,-16.4,0
2011-01-10,2011,1,31,25,46.4,-15.4,0.24
2011-01-11,2011,1,33,25,46.4,-13.4,0
2011-01-12,2011,1,27,21,46.4,-19.4,0
2011-01-13,2011,1,29,14,46.5,-17.5,0
2011-01-14,2011,1,37,14,46.5,-9.5,0
2011-01-15,2011,1,48,24,46.5,1.5,0
2011-01-16,2011,1,46,28,46.6,-0.600000000000001,0
2011-01-17,2011,1,48,32,46.6,1.4,0
2011-01-18,2011,1,47,37,46.7,0.299999999999997,0.37
2011-01-19,2011,1,37,32,46.8,-9.8,0.01
2011-01-20,2011,1,34,21,46.8,-12.8,0.08
2011-01-21,2011,1,26,17,46.9,-20.9,0
2011-01-22,2011,1,36,17,47,-11,0
2011-01-23,2011,1,43,25,47.1,-4.1,0
2011-01-24,2011,1,50,34,47.3,2.7,0
2011-01-25,2011,1,45,35,47.4,-2.4,0.53
2011-01-26,2011,1,35,28,47.5,-12.5,0.14
2011-01-27,2011,1,47,21,47.6,-0.600000000000001,0
2011-01-28,2011,1,50,31,47.8,2.2,0
2011-01-29,2011,1,66,29,48,18,0
2011-01-30,2011,1,65,34,48.1,16.9,0
2011-01-31,2011,1,55,42,48.3,6.7,0.05
2011-02-01,2011,2,56,38,48.5,7.5,0.85
2011-02-02,2011,2,37,22,48.7,-11.7,0
2011-02-03,2011,2,32,21,48.9,-16.9,0
2011-02-04,2011,2,40,28,49.1,-9.1,0.01
2011-02-05,2011,2,40,32,49.3,-9.3,0.04
2011-02-06,2011,2,53,26,49.5,3.5,0
2011-02-07,2011,2,45,30,49.7,-4.7,0.35
2011-02-08,2011,2,30,19,50,-20,0
2011-02-09,2011,2,29,16,50.2,-21.2,0.14
2011-02-10,2011,2,32,9,50.4,-18.4,0
2011-02-11,2011,2,40,7,50.7,-10.7,0
2011-02-12,2011,2,52,29,51,1,0
2011-02-13,2011,2,65,32,51.2,13.8,0
2011-02-14,2011,2,64,39,51.5,12.5,0
2011-02-15,2011,2,58,33,51.8,6.2,0
2011-02-16,2011,2,69,43,52.1,16.9,0
2011-02-17,2011,2,63,44,52.3,10.7,0
2011-02-18,2011,2,69,48,52.6,16.4,0.06
2011-02-19,2011,2,53,42,52.9,0.100000000000001,0
2011-02-20,2011,2,73,46,53.2,19.8,0
2011-02-21,2011,2,68,49,53.5,14.5,0.32
2011-02-22,2011,2,52,33,53.8,-1.8,0
2011-02-23,2011,2,56,31,54.1,1.9,0
2011-02-24,2011,2,68,51,54.5,13.5,2.1
2011-02-25,2011,2,61,37,54.8,6.2,0
2011-02-26,2011,2,62,29,55.1,6.9,0
2011-02-27,2011,2,75,58,55.4,19.6,0.04
2011-02-28,2011,2,72,38,55.7,16.3,1.63
2011-03-01,2011,3,59,34,56.1,2.9,0
2011-03-02,2011,3,65,31,56.4,8.6,0
2011-03-03,2011,3,71,35,56.7,14.3,0
2011-03-04,2011,3,68,55,57,11,0
2011-03-05,2011,3,57,38,57.4,-0.399999999999999,1.29
2011-03-06,2011,3,38,35,57.7,-19.7,0
2011-03-07,2011,3,49,37,58,-9,0
2011-03-08,2011,3,57,40,58.4,-1.4,0.2
2011-03-09,2011,3,66,43,58.7,7.3,0.71
2011-03-10,2011,3,44,38,59,-15,0.03
2011-03-11,2011,3,57,34,59.3,-2.3,0
2011-03-12,2011,3,74,43,59.7,14.3,0
2011-03-13,2011,3,60,47,60,0,0.07
2011-03-14,2011,3,55,44,60.3,-5.3,0.24
2011-03-15,2011,3,55,43,60.7,-5.7,0
2011-03-16,2011,3,63,43,61,2,0
2011-03-17,2011,3,78,40,61.3,16.7,0
2011-03-18,2011,3,82,55,61.7,20.3,0
2011-03-19,2011,3,70,53,62,8,0
2011-03-20,2011,3,82,48,62.3,19.7,0
2011-03-21,2011,3,80,57,62.7,17.3,0
2011-03-22,2011,3,84,54,63,21,0
2011-03-23,2011,3,72,52,63.3,8.7,0.05
2011-03-24,2011,3,52,36,63.7,-11.7,0
2011-03-25,2011,3,46,31,64,-18,0.1
2011-03-26,2011,3,52,39,64.3,-12.3,0.23
2011-03-27,2011,3,46,35,64.6,-18.6,0.02
2011-03-28,2011,3,56,37,65,-9,0.14
2011-03-29,2011,3,62,39,65.3,-3.3,0.46
2011-03-30,2011,3,43,39,65.6,-22.6,1.05
2011-03-31,2011,3,47,38,65.9,-18.9,0
2011-04-01,2011,4,57,39,66.2,-9.2,0
2011-04-02,2011,4,69,44,66.6,2.40000000000001,0
2011-04-03,2011,4,82,40,66.9,15.1,0
2011-04-04,2011,4,73,44,67.2,5.8,1.26
2011-04-05,2011,4,58,39,67.5,-9.5,0
2011-04-06,2011,4,72,37,67.8,4.2,0
2011-04-07,2011,4,76,53,68.1,7.90000000000001,0
2011-04-08,2011,4,84,60,68.4,15.6,0
2011-04-09,2011,4,91,65,68.7,22.3,0
2011-04-10,2011,4,86,63,69,17,0
2011-04-11,2011,4,79,54,69.3,9.7,1.61
2011-04-12,2011,4,69,49,69.6,-0.599999999999994,0.06
2011-04-13,2011,4,72,42,69.9,2.09999999999999,0
2011-04-14,2011,4,76,45,70.2,5.8,0
2011-04-15,2011,4,61,54,70.5,-9.5,1.34
2011-04-16,2011,4,55,39,70.8,-15.8,0.03
2011-04-17,2011,4,72,35,71,1,0
2011-04-18,2011,4,77,52,71.3,5.7,0
2011-04-19,2011,4,86,69,71.6,14.4,0
2011-04-20,2011,4,75,50,71.8,3.2,0.4
2011-04-21,2011,4,66,47,72.1,-6.09999999999999,0
2011-04-22,2011,4,82,55,72.4,9.59999999999999,0
2011-04-23,2011,4,83,68,72.6,10.4,0
2011-04-24,2011,4,81,63,72.9,8.09999999999999,0.14
2011-04-25,2011,4,83,63,73.1,9.90000000000001,0.01
2011-04-26,2011,4,80,58,73.4,6.59999999999999,0.86
2011-04-27,2011,4,71,56,73.6,-2.59999999999999,1.8
2011-04-28,2011,4,69,49,73.9,-4.90000000000001,0
2011-04-29,2011,4,76,50,74.1,1.90000000000001,0
2011-04-30,2011,4,79,49,74.3,4.7,0
2011-05-01,2011,5,74,62,74.6,-0.599999999999994,0.71
2011-05-02,2011,5,80,53,74.8,5.2,0.37
2011-05-03,2011,5,58,44,75,-17,1.53
2011-05-04,2011,5,62,41,75.3,-13.3,0
2011-05-05,2011,5,68,38,75.5,-7.5,0
2011-05-06,2011,5,72,50,75.7,-3.7,0
2011-05-07,2011,5,72,45,76,-4,0
2011-05-08,2011,5,86,58,76.2,9.8,0
2011-05-09,2011,5,86,63,76.4,9.59999999999999,0
2011-05-10,2011,5,89,65,76.7,12.3,0
2011-05-11,2011,5,89,65,76.9,12.1,0
2011-05-12,2011,5,89,64,77.1,11.9,0.03
2011-05-13,2011,5,73,60,77.4,-4.40000000000001,0.36
2011-05-14,2011,5,66,54,77.6,-11.6,0.04
2011-05-15,2011,5,57,52,77.9,-20.9,0
2011-05-16,2011,5,58,49,78.1,-20.1,0.03
2011-05-17,2011,5,60,47,78.4,-18.4,0
2011-05-18,2011,5,65,48,78.6,-13.6,0
2011-05-19,2011,5,79,56,78.9,0.0999999999999943,0
2011-05-20,2011,5,84,58,79.1,4.90000000000001,0
2011-05-21,2011,5,88,61,79.4,8.59999999999999,0.08
2011-05-22,2011,5,85,63,79.6,5.40000000000001,0
2011-05-23,2011,5,84,63,79.9,4.09999999999999,0.32
2011-05-24,2011,5,85,65,80.2,4.8,0.3
2011-05-25,2011,5,87,63,80.4,6.59999999999999,0.33
2011-05-26,2011,5,79,60,80.7,-1.7,0.28
2011-05-27,2011,5,68,57,81,-13,0
2011-05-28,2011,5,86,52,81.3,4.7,0
2011-05-29,2011,5,92,67,81.6,10.4,0
2011-05-30,2011,5,93,67,81.8,11.2,0
2011-05-31,2011,5,94,70,82.1,11.9,0
2011-06-01,2011,6,94,70,82.4,11.6,0
2011-06-02,2011,6,93,70,82.7,10.3,0
2011-06-03,2011,6,94,70,83,11,0
2011-06-04,2011,6,96,69,83.2,12.8,0
2011-06-05,2011,6,97,70,83.5,13.5,0.03
2011-06-06,2011,6,93,65,83.8,9.2,0
2011-06-07,2011,6,96,69,84.1,11.9,0
2011-06-08,2011,6,96,71,84.4,11.6,0
2011-06-09,2011,6,95,72,84.6,10.4,0
2011-06-10,2011,6,95,69,84.9,10.1,0
2011-06-11,2011,6,94,70,85.2,8.8,0
2011-06-12,2011,6,89,68,85.4,3.59999999999999,0
2011-06-13,2011,6,89,67,85.7,3.3,0
2011-06-14,2011,6,83,66,85.9,-2.90000000000001,0.04
2011-06-15,2011,6,86,64,86.1,-0.0999999999999943,2.05
2011-06-16,2011,6,91,62,86.4,4.59999999999999,0
2011-06-17,2011,6,85,68,86.6,-1.59999999999999,0.03
2011-06-18,2011,6,77,69,86.8,-9.8,0.07
2011-06-19,2011,6,90,68,87,3,0.54
2011-06-20,2011,6,93,70,87.2,5.8,0
2011-06-21,2011,6,87,68,87.4,-0.400000000000006,0.03
2011-06-22,2011,6,80,69,87.6,-7.59999999999999,0.09
2011-06-23,2011,6,89,71,87.8,1.2,0
2011-06-24,2011,6,87,67,87.9,-0.900000000000006,0
2011-06-25,2011,6,87,64,88.1,-1.09999999999999,0.05
2011-06-26,2011,6,76,66,88.2,-12.2,0.45
2011-06-27,2011,6,91,66,88.4,2.59999999999999,0
2011-06-28,2011,6,83,66,88.5,-5.5,1.66
2011-06-29,2011,6,88,64,88.6,-0.599999999999994,0
2011-06-30,2011,6,89,62,88.7,0.299999999999997,0
2011-07-01,2011,7,91,63,88.8,2.2,0
2011-07-02,2011,7,93,66,88.9,4.09999999999999,0
2011-07-03,2011,7,94,71,89,5,0
2011-07-04,2011,7,89,71,89,0,0
2011-07-05,2011,7,92,70,89.1,2.90000000000001,0.87
2011-07-06,2011,7,94,70,89.1,4.90000000000001,0
2011-07-07,2011,7,90,70,89.2,0.799999999999997,0.87
2011-07-08,2011,7,84,71,89.2,-5.2,0.15
2011-07-09,2011,7,91,71,89.3,1.7,0
2011-07-10,2011,7,96,71,89.3,6.7,0
2011-07-11,2011,7,100,77,89.3,10.7,0
2011-07-12,2011,7,99,79,89.3,9.7,0
2011-07-13,2011,7,94,74,89.4,4.59999999999999,0
2011-07-14,2011,7,92,76,89.4,2.59999999999999,0
2011-07-15,2011,7,90,74,89.4,0.599999999999994,0
2011-07-16,2011,7,88,73,89.4,-1.40000000000001,0
2011-07-17,2011,7,90,70,89.4,0.599999999999994,0
2011-07-18,2011,7,92,71,89.4,2.59999999999999,0.65
2011-07-19,2011,7,95,72,89.4,5.59999999999999,0
2011-07-20,2011,7,97,76,89.4,7.59999999999999,0
2011-07-21,2011,7,96,74,89.4,6.59999999999999,0
2011-07-22,2011,7,94,73,89.4,4.59999999999999,0
2011-07-23,2011,7,93,74,89.4,3.59999999999999,0
2011-07-24,2011,7,93,75,89.4,3.59999999999999,0
2011-07-25,2011,7,93,76,89.4,3.59999999999999,0
2011-07-26,2011,7,96,74,89.4,6.59999999999999,0
2011-07-27,2011,7,99,73,89.4,9.59999999999999,0
2011-07-28,2011,7,96,74,89.4,6.59999999999999,0
2011-07-29,2011,7,92,76,89.4,2.59999999999999,0
2011-07-30,2011,7,88,75,89.5,-1.5,0.92
2011-07-31,2011,7,95,74,89.5,5.5,0
2011-08-01,2011,8,95,74,89.5,5.5,0
2011-08-02,2011,8,98,68,89.5,8.5,0
2011-08-03,2011,8,102,72,89.5,12.5,0
2011-08-04,2011,8,95,75,89.5,5.5,0
2011-08-05,2011,8,87,73,89.5,-2.5,0.4
2011-08-06,2011,8,82,75,89.5,-7.5,0.17
2011-08-07,2011,8,95,74,89.5,5.5,0.05
2011-08-08,2011,8,95,74,89.5,5.5,0
2011-08-09,2011,8,92,71,89.5,2.5,0
2011-08-10,2011,8,91,66,89.5,1.5,0
2011-08-11,2011,8,89,70,89.5,-0.5,0
2011-08-12,2011,8,92,67,89.5,2.5,0
2011-08-13,2011,8,92,70,89.4,2.59999999999999,0.01
2011-08-14,2011,8,86,69,89.4,-3.40000000000001,0
2011-08-15,2011,8,85,64,89.4,-4.40000000000001,0
2011-08-16,2011,8,88,63,89.3,-1.3,0
2011-08-17,2011,8,91,63,89.3,1.7,0
2011-08-18,2011,8,95,67,89.2,5.8,0
2011-08-19,2011,8,89,65,89.1,-0.0999999999999943,0
2011-08-20,2011,8,94,69,89.1,4.90000000000001,0
2011-08-21,2011,8,94,71,89,5,1.15
2011-08-22,2011,8,90,71,88.9,1.09999999999999,0
2011-08-23,2011,8,92,63,88.7,3.3,0
2011-08-24,2011,8,96,70,88.6,7.40000000000001,0
2011-08-25,2011,8,97,72,88.5,8.5,0
2011-08-26,2011,8,93,71,88.3,4.7,0
2011-08-27,2011,8,91,67,88.2,2.8,0
2011-08-28,2011,8,90,69,88,2,0
2011-08-29,2011,8,90,64,87.8,2.2,0
2011-08-30,2011,8,92,62,87.6,4.40000000000001,0
2011-08-31,2011,8,95,66,87.4,7.59999999999999,0
2011-09-01,2011,9,98,72,87.1,10.9,0
2011-09-02,2011,9,99,70,86.9,12.1,0
2011-09-03,2011,9,99,73,86.6,12.4,0.14
2011-09-04,2011,9,82,68,86.4,-4.40000000000001,0.88
2011-09-05,2011,9,69,57,86.1,-17.1,2.21
2011-09-06,2011,9,59,56,85.8,-26.8,1.18
2011-09-07,2011,9,70,59,85.5,-15.5,0
2011-09-08,2011,9,69,54,85.2,-16.2,0
2011-09-09,2011,9,81,55,84.8,-3.8,0
2011-09-10,2011,9,83,55,84.5,-1.5,0.2
2011-09-11,2011,9,82,59,84.2,-2.2,0
2011-09-12,2011,9,86,59,83.8,2.2,0
2011-09-13,2011,9,89,60,83.5,5.5,0
2011-09-14,2011,9,87,60,83.1,3.90000000000001,0.33
2011-09-15,2011,9,69,52,82.7,-13.7,0.04
2011-09-16,2011,9,72,51,82.4,-10.4,0
2011-09-17,2011,9,81,59,82,-1,0
2011-09-18,2011,9,82,62,81.6,0.400000000000006,0
2011-09-19,2011,9,71,63,81.2,-10.2,0.18
2011-09-20,2011,9,78,64,80.9,-2.90000000000001,0.17
2011-09-21,2011,9,82,63,80.5,1.5,0.16
2011-09-22,2011,9,85,60,80.1,4.90000000000001,0
2011-09-23,2011,9,71,51,79.7,-8.7,0.4
2011-09-24,2011,9,76,49,79.3,-3.3,0.01
2011-09-25,2011,9,81,59,78.9,2.09999999999999,0
2011-09-26,2011,9,76,51,78.6,-2.59999999999999,0.25
2011-09-27,2011,9,79,48,78.2,0.799999999999997,0
2011-09-28,2011,9,80,58,77.8,2.2,0.04
2011-09-29,2011,9,84,60,77.4,6.59999999999999,0.01
2011-09-30,2011,9,70,50,77.1,-7.09999999999999,0
2011-10-01,2011,10,63,45,76.7,-13.7,0
2011-10-02,2011,10,67,40,76.4,-9.40000000000001,0
2011-10-03,2011,10,74,41,76,-2,0
2011-10-04,2011,10,79,45,75.7,3.3,0
2011-10-05,2011,10,82,48,75.3,6.7,0
2011-10-06,2011,10,83,51,75,8,0
2011-10-07,2011,10,81,55,74.6,6.40000000000001,0
2011-10-08,2011,10,80,55,74.3,5.7,0
2011-10-09,2011,10,75,51,74,1,0
2011-10-10,2011,10,81,59,73.6,7.40000000000001,0
2011-10-11,2011,10,68,58,73.3,-5.3,0
2011-10-12,2011,10,73,56,73,0,0
2011-10-13,2011,10,70,60,72.7,-2.7,0.11
2011-10-14,2011,10,76,49,72.3,3.7,0
2011-10-15,2011,10,73,48,72,1,0
2011-10-16,2011,10,84,43,71.7,12.3,0
2011-10-17,2011,10,80,57,71.4,8.59999999999999,0
2011-10-18,2011,10,78,46,71.1,6.90000000000001,0.07
2011-10-19,2011,10,47,44,70.7,-23.7,0.18
2011-10-20,2011,10,58,44,70.4,-12.4,0
2011-10-21,2011,10,63,38,70.1,-7.09999999999999,0
2011-10-22,2011,10,68,34,69.8,-1.8,0
2011-10-23,2011,10,70,39,69.4,0.599999999999994,0
2011-10-24,2011,10,76,42,69.1,6.90000000000001,0
2011-10-25,2011,10,78,41,68.8,9.2,0
2011-10-26,2011,10,78,53,68.4,9.59999999999999,0
2011-10-27,2011,10,67,48,68.1,-1.09999999999999,0.09
2011-10-28,2011,10,48,37,67.8,-19.8,0.48
2011-10-29,2011,10,60,30,67.4,-7.40000000000001,0
2011-10-30,2011,10,62,31,67,-5,0
2011-10-31,2011,10,67,38,66.7,0.299999999999997,0
2011-11-01,2011,11,69,34,66.3,2.7,0
2011-11-02,2011,11,69,39,65.9,3.09999999999999,0
2011-11-03,2011,11,57,42,65.6,-8.59999999999999,0.47
2011-11-04,2011,11,58,42,65.2,-7.2,0
2011-11-05,2011,11,67,35,64.8,2.2,0
2011-11-06,2011,11,66,39,64.4,1.59999999999999,0
2011-11-07,2011,11,73,44,64,9,0
2011-11-08,2011,11,74,47,63.6,10.4,0
2011-11-09,2011,11,66,44,63.1,2.9,0.03
2011-11-10,2011,11,54,29,62.7,-8.7,0
2011-11-11,2011,11,58,25,62.3,-4.3,0
2011-11-12,2011,11,62,36,61.9,0.100000000000001,0
2011-11-13,2011,11,73,56,61.4,11.6,0
2011-11-14,2011,11,78,64,61,17,0
2011-11-15,2011,11,71,58,60.6,10.4,0.92
2011-11-16,2011,11,66,42,60.1,5.9,0.95
2011-11-17,2011,11,50,29,59.7,-9.7,0
2011-11-18,2011,11,56,25,59.2,-3.2,0
2011-11-19,2011,11,67,41,58.8,8.2,0
2011-11-20,2011,11,64,59,58.4,5.6,0.72
2011-11-21,2011,11,65,61,57.9,7.1,0.73
2011-11-22,2011,11,67,52,57.5,9.5,0.16
2011-11-23,2011,11,52,47,57.1,-5.1,0
2011-11-24,2011,11,59,36,56.6,2.4,0
2011-11-25,2011,11,67,33,56.2,10.8,0
2011-11-26,2011,11,73,50,55.8,17.2,0
2011-11-27,2011,11,64,41,55.4,8.6,1.52
2011-11-28,2011,11,43,35,54.9,-11.9,0.61
2011-11-29,2011,11,40,34,54.5,-14.5,0.04
2011-11-30,2011,11,45,28,54.1,-9.1,0
2011-12-01,2011,12,53,25,53.8,-0.799999999999997,0
2011-12-02,2011,12,59,27,53.4,5.6,0
2011-12-03,2011,12,65,37,53,12,0
2011-12-04,2011,12,67,53,52.6,14.4,0
2011-12-05,2011,12,62,42,52.3,9.7,1.3
2011-12-06,2011,12,44,40,51.9,-7.9,0.34
2011-12-07,2011,12,42,30,51.6,-9.6,0.12
2011-12-08,2011,12,45,25,51.3,-6.3,0
2011-12-09,2011,12,49,23,51,-2,0
2011-12-10,2011,12,42,26,50.7,-8.7,0
2011-12-11,2011,12,48,19,50.4,-2.4,0
2011-12-12,2011,12,45,24,50.1,-5.1,0
2011-12-13,2011,12,51,44,49.8,1.2,0
2011-12-14,2011,12,71,40,49.6,21.4,0
2011-12-15,2011,12,65,46,49.3,15.7,0.08
2011-12-16,2011,12,46,35,49.1,-3.1,0.39
2011-12-17,2011,12,47,30,48.8,-1.8,0
2011-12-18,2011,12,55,25,48.6,6.4,0
2011-12-19,2011,12,57,35,48.4,8.6,0
2011-12-20,2011,12,62,39,48.2,13.8,0.19
2011-12-21,2011,12,62,44,48,14,0.15
2011-12-22,2011,12,47,43,47.9,-0.899999999999999,0.72
2011-12-23,2011,12,44,40,47.7,-3.7,0
2011-12-24,2011,12,50,35,47.6,2.4,0
2011-12-25,2011,12,58,35,47.4,10.6,0
2011-12-26,2011,12,45,31,47.3,-2.3,0.5
2011-12-27,2011,12,46,39,47.2,-1.2,0.46
2011-12-28,2011,12,48,28,47.1,0.899999999999999,0
2011-12-29,2011,12,55,28,47,8,0
2011-12-30,2011,12,59,45,46.9,12.1,0
2011-12-31,2011,12,60,36,46.8,13.2,0
2012-01-01,2012,1,61,38,46.7,14.3,0
2012-01-02,2012,1,38,22,46.6,-8.6,0
2012-01-03,2012,1,35,20,46.6,-11.6,0
2012-01-04,2012,1,54,20,46.5,7.5,0
2012-01-05,2012,1,57,28,46.5,10.5,0
2012-01-06,2012,1,67,32,46.5,20.5,0
2012-01-07,2012,1,62,43,46.4,15.6,0.01
2012-01-08,2012,1,51,36,46.4,4.6,0
2012-01-09,2012,1,55,43,46.4,8.6,0.27
2012-01-10,2012,1,52,40,46.4,5.6,0.1
2012-01-11,2012,1,61,46,46.4,14.6,1.81
2012-01-12,2012,1,47,26,46.4,0.600000000000001,0.01
2012-01-13,2012,1,36,23,46.5,-10.5,0
2012-01-14,2012,1,51,20,46.5,4.5,0
2012-01-15,2012,1,47,23,46.5,0.5,0
2012-01-16,2012,1,59,42,46.6,12.4,0.02
2012-01-17,2012,1,63,33,46.6,16.4,0.63
2012-01-18,2012,1,37,24,46.7,-9.7,0
2012-01-19,2012,1,51,24,46.8,4.2,0
2012-01-20,2012,1,63,38,46.8,16.2,0.01
2012-01-21,2012,1,66,36,46.9,19.1,0.47
2012-01-22,2012,1,61,36,47,14,0.4
2012-01-23,2012,1,61,36,47.1,13.9,0.69
2012-01-24,2012,1,57,31,47.3,9.7,0
2012-01-25,2012,1,48,34,47.4,0.600000000000001,0.07
2012-01-26,2012,1,61,43,47.5,13.5,0.64
2012-01-27,2012,1,50,35,47.6,2.4,0
2012-01-28,2012,1,49,27,47.8,1.2,0
2012-01-29,2012,1,55,22,48,7,0
2012-01-30,2012,1,63,32,48.1,14.9,0
2012-01-31,2012,1,66,48,48.3,17.7,0
2012-02-01,2012,2,65,52,48.5,16.5,0.61
2012-02-02,2012,2,63,39,48.7,14.3,0
2012-02-03,2012,2,63,32,48.9,14.1,0
2012-02-04,2012,2,58,50,49.1,8.9,0.48
2012-02-05,2012,2,56,45,49.3,6.7,0
2012-02-06,2012,2,50,34,49.5,0.5,0
2012-02-07,2012,2,55,27,49.7,5.3,0
2012-02-08,2012,2,47,36,50,-3,0.01
2012-02-09,2012,2,45,31,50.2,-5.2,0
2012-02-10,2012,2,39,27,50.4,-11.4,0.03
2012-02-11,2012,2,36,20,50.7,-14.7,0.01
2012-02-12,2012,2,39,18,51,-12,0
2012-02-13,2012,2,40,18,51.2,-11.2,0.06
2012-02-14,2012,2,43,36,51.5,-8.5,0.1
2012-02-15,2012,2,60,40,51.8,8.2,0.19
2012-02-16,2012,2,60,43,52.1,7.9,0.13
2012-02-17,2012,2,57,36,52.3,4.7,0
2012-02-18,2012,2,55,39,52.6,2.4,0
2012-02-19,2012,2,48,31,52.9,-4.9,0.52
2012-02-20,2012,2,53,24,53.2,-0.200000000000003,0
2012-02-21,2012,2,62,39,53.5,8.5,0.01
2012-02-22,2012,2,58,35,53.8,4.2,0.27
2012-02-23,2012,2,77,45,54.1,22.9,0
2012-02-24,2012,2,69,36,54.5,14.5,0
2012-02-25,2012,2,51,28,54.8,-3.8,0
2012-02-26,2012,2,61,25,55.1,5.9,0
2012-02-27,2012,2,70,42,55.4,14.6,0
2012-02-28,2012,2,71,38,55.7,15.3,0
2012-02-29,2012,2,72,59,55.9,16.1,0.39
2012-03-01,2012,3,70,40,56.1,13.9,0
2012-03-02,2012,3,81,43,56.4,24.6,0.14
2012-03-03,2012,3,57,33,56.7,0.299999999999997,0
2012-03-04,2012,3,53,28,57,-4,0
2012-03-05,2012,3,52,34,57.4,-5.4,0
2012-03-06,2012,3,68,31,57.7,10.3,0
2012-03-07,2012,3,70,50,58,12,0
2012-03-08,2012,3,63,41,58.4,4.6,1.42
2012-03-09,2012,3,60,37,58.7,1.3,0
2012-03-10,2012,3,65,33,59,6,0
2012-03-11,2012,3,70,37,59.3,10.7,0
2012-03-12,2012,3,70,59,59.7,10.3,0.02
2012-03-13,2012,3,81,57,60,21,0
2012-03-14,2012,3,83,54,60.3,22.7,0
2012-03-15,2012,3,82,58,60.7,21.3,0.72
2012-03-16,2012,3,73,55,61,12,0.26
2012-03-17,2012,3,79,54,61.3,17.7,0.09
2012-03-18,2012,3,81,55,61.7,19.3,0
2012-03-19,2012,3,82,56,62,20,0
2012-03-20,2012,3,84,60,62.3,21.7,0
2012-03-21,2012,3,81,61,62.7,18.3,0
2012-03-22,2012,3,73,61,63,10,0.22
2012-03-23,2012,3,79,57,63.3,15.7,0.02
2012-03-24,2012,3,61,46,63.7,-2.7,0.22
2012-03-25,2012,3,74,45,64,10,0
2012-03-26,2012,3,77,50,64.3,12.7,0
2012-03-27,2012,3,80,48,64.6,15.4,0
2012-03-28,2012,3,85,56,65,20,0
2012-03-29,2012,3,83,61,65.3,17.7,0
2012-03-30,2012,3,77,58,65.6,11.4,0
2012-03-31,2012,3,82,56,65.9,16.1,0
2012-04-01,2012,4,85,53,66.2,18.8,0
2012-04-02,2012,4,87,62,66.6,20.4,0
2012-04-03,2012,4,86,63,66.9,19.1,0
2012-04-04,2012,4,83,60,67.2,15.8,0.24
2012-04-05,2012,4,76,50,67.5,8.5,1.12
2012-04-06,2012,4,66,43,67.8,-1.8,0
2012-04-07,2012,4,74,41,68.1,5.90000000000001,0
2012-04-08,2012,4,71,47,68.4,2.59999999999999,0
2012-04-09,2012,4,74,38,68.7,5.3,0
2012-04-10,2012,4,69,44,69,0,0
2012-04-11,2012,4,59,36,69.3,-10.3,0
2012-04-12,2012,4,64,33,69.6,-5.59999999999999,0
2012-04-13,2012,4,72,36,69.9,2.09999999999999,0
2012-04-14,2012,4,79,52,70.2,8.8,0
2012-04-15,2012,4,79,60,70.5,8.5,0
2012-04-16,2012,4,73,59,70.8,2.2,0.14
2012-04-17,2012,4,61,54,71,-10,0.18
2012-04-18,2012,4,73,48,71.3,1.7,0.01
2012-04-19,2012,4,77,45,71.6,5.40000000000001,0
2012-04-20,2012,4,77,52,71.8,5.2,0.16
2012-04-21,2012,4,54,48,72.1,-18.1,0.57
2012-04-22,2012,4,61,42,72.4,-11.4,0.01
2012-04-23,2012,4,61,41,72.6,-11.6,0
2012-04-24,2012,4,69,45,72.9,-3.90000000000001,0
2012-04-25,2012,4,84,56,73.1,10.9,0
2012-04-26,2012,4,80,62,73.4,6.59999999999999,0.43
2012-04-27,2012,4,73,51,73.6,-0.599999999999994,0
2012-04-28,2012,4,83,55,73.9,9.09999999999999,0
2012-04-29,2012,4,86,61,74.1,11.9,0
2012-04-30,2012,4,86,60,74.3,11.7,0
2012-05-01,2012,5,88,66,74.6,13.4,0
2012-05-02,2012,5,89,64,74.8,14.2,0
2012-05-03,2012,5,76,66,75,1,0
2012-05-04,2012,5,87,66,75.3,11.7,0
2012-05-05,2012,5,88,65,75.5,12.5,0.24
2012-05-06,2012,5,91,64,75.7,15.3,0.15
2012-05-07,2012,5,82,62,76,6,0
2012-05-08,2012,5,79,65,76.2,2.8,0
2012-05-09,2012,5,78,55,76.4,1.59999999999999,0
2012-05-10,2012,5,75,49,76.7,-1.7,0
2012-05-11,2012,5,79,47,76.9,2.09999999999999,0
2012-05-12,2012,5,69,59,77.1,-8.09999999999999,0.8
2012-05-13,2012,5,68,63,77.4,-9.40000000000001,1.62
2012-05-14,2012,5,76,60,77.6,-1.59999999999999,0
2012-05-15,2012,5,82,57,77.9,4.09999999999999,0
2012-05-16,2012,5,85,56,78.1,6.90000000000001,0
2012-05-17,2012,5,86,56,78.4,7.59999999999999,0.01
2012-05-18,2012,5,89,61,78.6,10.4,0
2012-05-19,2012,5,87,62,78.9,8.09999999999999,0.09
2012-05-20,2012,5,90,59,79.1,10.9,0
2012-05-21,2012,5,84,63,79.4,4.59999999999999,0
2012-05-22,2012,5,78,58,79.6,-1.59999999999999,0
2012-05-23,2012,5,84,53,79.9,4.09999999999999,0
2012-05-24,2012,5,91,57,80.2,10.8,0
2012-05-25,2012,5,92,65,80.4,11.6,0
2012-05-26,2012,5,95,63,80.7,14.3,0
2012-05-27,2012,5,95,68,81,14,0
2012-05-28,2012,5,93,71,81.3,11.7,0.08
2012-05-29,2012,5,90,65,81.6,8.40000000000001,0.69
2012-05-30,2012,5,90,61,81.8,8.2,0
2012-05-31,2012,5,89,63,82.1,6.90000000000001,0.33
2012-06-01,2012,6,68,52,82.4,-14.4,0.02
2012-06-02,2012,6,78,48,82.7,-4.7,0
2012-06-03,2012,6,88,57,83,5,0.02
2012-06-04,2012,6,86,65,83.2,2.8,0.03
2012-06-05,2012,6,81,62,83.5,-2.5,0.01
2012-06-06,2012,6,80,56,83.8,-3.8,0
2012-06-07,2012,6,82,56,84.1,-2.09999999999999,0
2012-06-08,2012,6,88,57,84.4,3.59999999999999,0
2012-06-09,2012,6,88,61,84.6,3.40000000000001,0
2012-06-10,2012,6,77,68,84.9,-7.90000000000001,0.05
2012-06-11,2012,6,87,66,85.2,1.8,0.11
2012-06-12,2012,6,85,65,85.4,-0.400000000000006,0
2012-06-13,2012,6,88,58,85.7,2.3,0
2012-06-14,2012,6,93,60,85.9,7.09999999999999,0
2012-06-15,2012,6,93,68,86.1,6.90000000000001,0.01
2012-06-16,2012,6,89,68,86.4,2.59999999999999,0.01
2012-06-17,2012,6,89,68,86.6,2.40000000000001,0
2012-06-18,2012,6,92,64,86.8,5.2,0
2012-06-19,2012,6,93,69,87,6,0
2012-06-20,2012,6,96,66,87.2,8.8,0
2012-06-21,2012,6,94,70,87.4,6.59999999999999,0
2012-06-22,2012,6,94,72,87.6,6.40000000000001,0
2012-06-23,2012,6,95,66,87.8,7.2,0
2012-06-24,2012,6,98,65,87.9,10.1,0
2012-06-25,2012,6,98,68,88.1,9.90000000000001,0
2012-06-26,2012,6,88,66,88.2,-0.200000000000003,0
2012-06-27,2012,6,97,61,88.4,8.59999999999999,0
2012-06-28,2012,6,105,64,88.5,16.5,0
2012-06-29,2012,6,109,70,88.6,20.4,0
2012-06-30,2012,6,107,80,88.7,18.3,0
2012-07-01,2012,7,105,81,88.8,16.2,0
2012-07-02,2012,7,99,77,88.9,10.1,0
2012-07-03,2012,7,99,72,89,10,0
2012-07-04,2012,7,103,74,89,14,0.03
2012-07-05,2012,7,104,74,89.1,14.9,0
2012-07-06,2012,7,105,72,89.1,15.9,0
2012-07-07,2012,7,104,74,89.2,14.8,0.25
2012-07-08,2012,7,100,73,89.2,10.8,1.2
2012-07-09,2012,7,92,73,89.3,2.7,0.37
2012-07-10,2012,7,81,71,89.3,-8.3,0.81
2012-07-11,2012,7,85,73,89.3,-4.3,0
2012-07-12,2012,7,74,70,89.3,-15.3,1.03
2012-07-13,2012,7,87,71,89.4,-2.40000000000001,0.27
2012-07-14,2012,7,86,71,89.4,-3.40000000000001,1.68
2012-07-15,2012,7,94,70,89.4,4.59999999999999,0
2012-07-16,2012,7,96,71,89.4,6.59999999999999,0
2012-07-17,2012,7,95,72,89.4,5.59999999999999,0
2012-07-18,2012,7,95,75,89.4,5.59999999999999,0.26
2012-07-19,2012,7,96,70,89.4,6.59999999999999,1.13
2012-07-20,2012,7,91,70,89.4,1.59999999999999,1.35
2012-07-21,2012,7,89,73,89.4,-0.400000000000006,0
2012-07-22,2012,7,89,74,89.4,-0.400000000000006,0
2012-07-23,2012,7,93,73,89.4,3.59999999999999,0
2012-07-24,2012,7,94,76,89.4,4.59999999999999,0
2012-07-25,2012,7,96,78,89.4,6.59999999999999,0
2012-07-26,2012,7,95,77,89.4,5.59999999999999,0
2012-07-27,2012,7,95,73,89.4,5.59999999999999,0
2012-07-28,2012,7,93,73,89.4,3.59999999999999,0
2012-07-29,2012,7,89,69,89.4,-0.400000000000006,0
2012-07-30,2012,7,92,68,89.5,2.5,0
2012-07-31,2012,7,95,75,89.5,5.5,0
2012-08-01,2012,8,97,73,89.5,7.5,1.21
2012-08-02,2012,8,99,71,89.5,9.5,0.02
2012-08-03,2012,8,89,74,89.5,-0.5,0
2012-08-04,2012,8,94,77,89.5,4.5,0.22
2012-08-05,2012,8,84,75,89.5,-5.5,0.27
2012-08-06,2012,8,90,73,89.5,0.5,0
2012-08-07,2012,8,93,73,89.5,3.5,0
2012-08-08,2012,8,95,69,89.5,5.5,0
2012-08-09,2012,8,86,70,89.5,-3.5,0.36
2012-08-10,2012,8,86,66,89.5,-3.5,0.01
2012-08-11,2012,8,82,61,89.5,-7.5,0
2012-08-12,2012,8,85,57,89.5,-4.5,0
2012-08-13,2012,8,77,62,89.4,-12.4,0.4
2012-08-14,2012,8,85,68,89.4,-4.40000000000001,0
2012-08-15,2012,8,86,67,89.4,-3.40000000000001,0
2012-08-16,2012,8,91,64,89.3,1.7,0.89
2012-08-17,2012,8,78,66,89.3,-11.3,0.13
2012-08-18,2012,8,84,65,89.2,-5.2,0
2012-08-19,2012,8,85,62,89.1,-4.09999999999999,0
2012-08-20,2012,8,84,57,89.1,-5.09999999999999,0
2012-08-21,2012,8,86,56,89,-3,0
2012-08-22,2012,8,90,59,88.9,1.09999999999999,0
2012-08-23,2012,8,92,63,88.7,3.3,0
2012-08-24,2012,8,92,64,88.6,3.40000000000001,0
2012-08-25,2012,8,89,68,88.5,0.5,0.07
2012-08-26,2012,8,90,66,88.3,1.7,0
2012-08-27,2012,8,93,67,88.2,4.8,0
2012-08-28,2012,8,90,72,88,2,0
2012-08-29,2012,8,91,70,87.8,3.2,0
2012-08-30,2012,8,89,72,87.6,1.40000000000001,0.08
2012-08-31,2012,8,88,77,87.4,0.599999999999994,0.04
2012-09-01,2012,9,91,76,87.1,3.90000000000001,0
2012-09-02,2012,9,84,71,86.9,-2.90000000000001,1.07
2012-09-03,2012,9,79,73,86.6,-7.59999999999999,0.2
2012-09-04,2012,9,91,75,86.4,4.59999999999999,0.01
2012-09-05,2012,9,91,70,86.1,4.90000000000001,0.7
2012-09-06,2012,9,91,68,85.8,5.2,0
2012-09-07,2012,9,92,68,85.5,6.5,0
2012-09-08,2012,9,79,57,85.2,-6.2,1.53
2012-09-09,2012,9,81,53,84.8,-3.8,0
2012-09-10,2012,9,81,55,84.5,-3.5,0
2012-09-11,2012,9,85,56,84.2,0.799999999999997,0
2012-09-12,2012,9,84,63,83.8,0.200000000000003,0
2012-09-13,2012,9,84,62,83.5,0.5,0
2012-09-14,2012,9,85,59,83.1,1.90000000000001,0
2012-09-15,2012,9,82,65,82.7,-0.700000000000003,0
2012-09-16,2012,9,84,67,82.4,1.59999999999999,0
2012-09-17,2012,9,72,68,82,-10,2.01
2012-09-18,2012,9,72,52,81.6,-9.59999999999999,0.03
2012-09-19,2012,9,73,46,81.2,-8.2,0
2012-09-20,2012,9,81,47,80.9,0.0999999999999943,0
2012-09-21,2012,9,82,54,80.5,1.5,0
2012-09-22,2012,9,81,57,80.1,0.900000000000006,0
2012-09-23,2012,9,71,48,79.7,-8.7,0
2012-09-24,2012,9,73,42,79.3,-6.3,0
2012-09-25,2012,9,81,52,78.9,2.09999999999999,0
2012-09-26,2012,9,84,63,78.6,5.40000000000001,0
2012-09-27,2012,9,85,63,78.2,6.8,0
2012-09-28,2012,9,78,65,77.8,0.200000000000003,0
2012-09-29,2012,9,77,60,77.4,-0.400000000000006,0
2012-09-30,2012,9,73,54,77.1,-4.09999999999999,0.09
2012-10-01,2012,10,71,57,76.7,-5.7,1.28
2012-10-02,2012,10,66,55,76.4,-10.4,0
2012-10-03,2012,10,76,51,76,0,0
2012-10-04,2012,10,81,55,75.7,5.3,0
2012-10-05,2012,10,82,51,75.3,6.7,0.01
2012-10-06,2012,10,62,45,75,-13,0.73
2012-10-07,2012,10,61,47,74.6,-13.6,0
2012-10-08,2012,10,62,43,74.3,-12.3,0.04
2012-10-09,2012,10,66,38,74,-8,0
2012-10-10,2012,10,66,43,73.6,-7.59999999999999,0
2012-10-11,2012,10,69,38,73.3,-4.3,0
2012-10-12,2012,10,62,52,73,-11,1.15
2012-10-13,2012,10,79,54,72.7,6.3,0
2012-10-14,2012,10,76,63,72.3,3.7,0
2012-10-15,2012,10,72,48,72,0,0
2012-10-16,2012,10,75,43,71.7,3.3,0
2012-10-17,2012,10,78,50,71.4,6.59999999999999,0.34
2012-10-18,2012,10,70,46,71.1,-1.09999999999999,0.19
2012-10-19,2012,10,66,45,70.7,-4.7,0
2012-10-20,2012,10,65,46,70.4,-5.40000000000001,0
2012-10-21,2012,10,78,42,70.1,7.90000000000001,0
2012-10-22,2012,10,82,57,69.8,12.2,0
2012-10-23,2012,10,80,53,69.4,10.6,0
2012-10-24,2012,10,81,49,69.1,11.9,0
2012-10-25,2012,10,81,52,68.8,12.2,0
2012-10-26,2012,10,63,45,68.4,-5.40000000000001,0.03
2012-10-27,2012,10,53,43,68.1,-15.1,0.06
2012-10-28,2012,10,59,42,67.8,-8.8,0
2012-10-29,2012,10,56,36,67.4,-11.4,0
2012-10-30,2012,10,56,41,67,-11,0
2012-10-31,2012,10,60,35,66.7,-6.7,0
2012-11-01,2012,11,63,28,66.3,-3.3,0
2012-11-02,2012,11,70,43,65.9,4.09999999999999,0
2012-11-03,2012,11,82,38,65.6,16.4,0.08
2012-11-04,2012,11,58,37,65.2,-7.2,0
2012-11-05,2012,11,54,35,64.8,-10.8,0.04
2012-11-06,2012,11,52,40,64.4,-12.4,0.13
2012-11-07,2012,11,53,41,64,-11,0
2012-11-08,2012,11,57,33,63.6,-6.6,0
2012-11-09,2012,11,68,32,63.1,4.9,0
2012-11-10,2012,11,73,40,62.7,10.3,0
2012-11-11,2012,11,72,49,62.3,9.7,0
2012-11-12,2012,11,66,32,61.9,4.1,0.73
2012-11-13,2012,11,51,28,61.4,-10.4,0
2012-11-14,2012,11,53,32,61,-8,0
2012-11-15,2012,11,58,27,60.6,-2.6,0
2012-11-16,2012,11,59,31,60.1,-1.1,0
2012-11-17,2012,11,62,30,59.7,2.3,0
2012-11-18,2012,11,65,29,59.2,5.8,0
2012-11-19,2012,11,67,32,58.8,8.2,0
2012-11-20,2012,11,68,48,58.4,9.6,0
2012-11-21,2012,11,67,43,57.9,9.1,0
2012-11-22,2012,11,68,35,57.5,10.5,0
2012-11-23,2012,11,59,36,57.1,1.9,0.12
2012-11-24,2012,11,43,27,56.6,-13.6,0
2012-11-25,2012,11,59,24,56.2,2.8,0
2012-11-26,2012,11,63,40,55.8,7.2,0.22
2012-11-27,2012,11,45,35,55.4,-10.4,0.06
2012-11-28,2012,11,50,28,54.9,-4.9,0
2012-11-29,2012,11,59,27,54.5,4.5,0
2012-11-30,2012,11,62,31,54.1,7.9,0
2012-12-01,2012,12,69,39,53.8,15.2,0
2012-12-02,2012,12,71,53,53.4,17.6,0
2012-12-03,2012,12,75,58,53,22,0
2012-12-04,2012,12,67,56,52.6,14.4,0.22
2012-12-05,2012,12,64,44,52.3,11.7,0.02
2012-12-06,2012,12,61,41,51.9,9.1,0.01
2012-12-07,2012,12,63,54,51.6,11.4,0
2012-12-08,2012,12,64,57,51.3,12.7,0.49
2012-12-09,2012,12,70,57,51,19,0.05
2012-12-10,2012,12,63,33,50.7,12.3,0.95
2012-12-11,2012,12,42,28,50.4,-8.4,0
2012-12-12,2012,12,50,24,50.1,-0.100000000000001,0
2012-12-13,2012,12,54,23,49.8,4.2,0
2012-12-14,2012,12,59,26,49.6,9.4,0
2012-12-15,2012,12,62,45,49.3,12.7,0.02
2012-12-16,2012,12,63,52,49.1,13.9,0
2012-12-17,2012,12,65,47,48.8,16.2,0.23
2012-12-18,2012,12,58,44,48.6,9.4,0
2012-12-19,2012,12,66,37,48.4,17.6,0
2012-12-20,2012,12,60,36,48.2,11.8,0.5
2012-12-21,2012,12,43,31,48,-5,0
2012-12-22,2012,12,49,22,47.9,1.1,0
2012-12-23,2012,12,52,34,47.7,4.3,0.09
2012-12-24,2012,12,62,41,47.6,14.4,0.2
2012-12-25,2012,12,41,34,47.4,-6.4,0.56
2012-12-26,2012,12,44,33,47.3,-3.3,0.68
2012-12-27,2012,12,36,33,47.2,-11.2,0
2012-12-28,2012,12,39,33,47.1,-8.1,0.56
2012-12-29,2012,12,39,28,47,-8,0.08
2012-12-30,2012,12,41,22,46.9,-5.9,0
2012-12-31,2012,12,43,27,46.8,-3.8,0.05
2013-01-01,2013,1,42,33,46.7,-4.7,0.35
2013-01-02,2013,1,35,27,46.6,-11.6,0
2013-01-03,2013,1,45,25,46.6,-1.6,0
2013-01-04,2013,1,47,21,46.5,0.5,0
2013-01-05,2013,1,47,22,46.5,0.5,0
2013-01-06,2013,1,51,29,46.5,4.5,0
2013-01-07,2013,1,49,23,46.4,2.6,0
2013-01-08,2013,1,60,27,46.4,13.6,0
2013-01-09,2013,1,54,49,46.4,7.6,0.6
2013-01-10,2013,1,65,52,46.4,18.6,0.62
2013-01-11,2013,1,71,60,46.4,24.6,0.06
2013-01-12,2013,1,70,65,46.4,23.6,0.93
2013-01-13,2013,1,68,36,46.5,21.5,1.76
2013-01-14,2013,1,36,28,46.5,-10.5,0.11
2013-01-15,2013,1,35,30,46.5,-11.5,0.6
2013-01-16,2013,1,36,33,46.6,-10.6,0.36
2013-01-17,2013,1,47,33,46.6,0.399999999999999,0.01
2013-01-18,2013,1,51,26,46.7,4.3,0
2013-01-19,2013,1,57,28,46.8,10.2,0
2013-01-20,2013,1,55,33,46.8,8.2,0
2013-01-21,2013,1,40,24,46.9,-6.9,0
2013-01-22,2013,1,31,18,47,-16,0
2013-01-23,2013,1,53,23,47.1,5.9,0
2013-01-24,2013,1,43,28,47.3,-4.3,0
2013-01-25,2013,1,38,30,47.4,-9.4,0.46
2013-01-26,2013,1,49,29,47.5,1.5,0
2013-01-27,2013,1,51,28,47.6,3.4,0
2013-01-28,2013,1,60,48,47.8,12.2,0
2013-01-29,2013,1,70,54,48,22,0
2013-01-30,2013,1,73,36,48.1,24.9,1.17
2013-01-31,2013,1,47,31,48.3,-1.3,0.11
2013-02-01,2013,2,31,17,48.5,-17.5,0.12
2013-02-02,2013,2,44,23,48.7,-4.7,0.05
2013-02-03,2013,2,48,28,48.9,-0.899999999999999,0.02
2013-02-04,2013,2,59,27,49.1,9.9,0
2013-02-05,2013,2,64,41,49.3,14.7,0
2013-02-06,2013,2,59,35,49.5,9.5,0
2013-02-07,2013,2,64,41,49.7,14.3,0
2013-02-08,2013,2,52,35,50,2,0.11
2013-02-09,2013,2,53,34,50.2,2.8,0
2013-02-10,2013,2,60,47,50.4,9.6,0.71
2013-02-11,2013,2,59,41,50.7,8.3,0
2013-02-12,2013,2,53,35,51,2,0.03
2013-02-13,2013,2,44,33,51.2,-7.2,0.3
2013-02-14,2013,2,62,30,51.5,10.5,0
2013-02-15,2013,2,52,31,51.8,0.200000000000003,0
2013-02-16,2013,2,41,24,52.1,-11.1,0
2013-02-17,2013,2,48,19,52.3,-4.3,0
2013-02-18,2013,2,63,34,52.6,10.4,0.24
2013-02-19,2013,2,49,34,52.9,-3.9,0.1
2013-02-20,2013,2,36,24,53.2,-17.2,0
2013-02-21,2013,2,48,25,53.5,-5.5,0.68
2013-02-22,2013,2,62,44,53.8,8.2,0
2013-02-23,2013,2,54,36,54.1,-0.100000000000001,0
2013-02-24,2013,2,55,30,54.5,0.5,0
2013-02-25,2013,2,66,34,54.8,11.2,0.02
2013-02-26,2013,2,54,39,55.1,-1.1,0.18
2013-02-27,2013,2,41,39,55.4,-14.4,0
2013-02-28,2013,2,41,34,55.7,-14.7,0.02
2013-03-01,2013,3,40,33,56.1,-16.1,0.06
2013-03-02,2013,3,35,30,56.4,-21.4,0.03
2013-03-03,2013,3,44,25,56.7,-12.7,0
2013-03-04,2013,3,58,33,57,1,0
2013-03-05,2013,3,56,33,57.4,-1.4,0.83
2013-03-06,2013,3,42,30,57.7,-15.7,0
2013-03-07,2013,3,44,30,58,-14,0
2013-03-08,2013,3,58,27,58.4,-0.399999999999999,0
2013-03-09,2013,3,68,38,58.7,9.3,0
2013-03-10,2013,3,72,56,59,13,0.01
2013-03-11,2013,3,61,40,59.3,1.7,0.84
2013-03-12,2013,3,56,36,59.7,-3.7,0
2013-03-13,2013,3,45,28,60,-15,0
2013-03-14,2013,3,52,23,60.3,-8.3,0.04
2013-03-15,2013,3,76,33,60.7,15.3,0
2013-03-16,2013,3,78,53,61,17,0
2013-03-17,2013,3,63,48,61.3,1.7,0
2013-03-18,2013,3,65,43,61.7,3.3,1.39
2013-03-19,2013,3,56,34,62,-6,0
2013-03-20,2013,3,55,27,62.3,-7.3,0
2013-03-21,2013,3,45,22,62.7,-17.7,0
2013-03-22,2013,3,47,32,63,-16,0
2013-03-23,2013,3,55,41,63.3,-8.3,0.07
2013-03-24,2013,3,60,36,63.7,-3.7,0.26
2013-03-25,2013,3,39,33,64,-25,0.01
2013-03-26,2013,3,40,32,64.3,-24.3,0
2013-03-27,2013,3,53,28,64.6,-11.6,0
2013-03-28,2013,3,62,33,65,-3,0
2013-03-29,2013,3,51,44,65.3,-14.3,0.49
2013-03-30,2013,3,60,46,65.6,-5.59999999999999,0.2
2013-03-31,2013,3,58,41,65.9,-7.90000000000001,0.09
2013-04-01,2013,4,63,40,66.2,-3.2,0
2013-04-02,2013,4,52,37,66.6,-14.6,0
2013-04-03,2013,4,56,34,66.9,-10.9,0
2013-04-04,2013,4,47,42,67.2,-20.2,0.11
2013-04-05,2013,4,68,43,67.5,0.5,0
2013-04-06,2013,4,74,40,67.8,6.2,0
2013-04-07,2013,4,76,51,68.1,7.90000000000001,0
2013-04-08,2013,4,79,51,68.4,10.6,0
2013-04-09,2013,4,78,59,68.7,9.3,0
2013-04-10,2013,4,86,62,69,17,0
2013-04-11,2013,4,75,50,69.3,5.7,2.01
2013-04-12,2013,4,66,43,69.6,-3.59999999999999,0
2013-04-13,2013,4,70,41,69.9,0.0999999999999943,0
2013-04-14,2013,4,74,47,70.2,3.8,0
2013-04-15,2013,4,81,56,70.5,10.5,0
2013-04-16,2013,4,81,64,70.8,10.2,0.01
2013-04-17,2013,4,88,66,71,17,0
2013-04-18,2013,4,83,67,71.3,11.7,0.23
2013-04-19,2013,4,68,36,71.6,-3.59999999999999,1.02
2013-04-20,2013,4,63,35,71.8,-8.8,0
2013-04-21,2013,4,69,39,72.1,-3.09999999999999,0
2013-04-22,2013,4,74,42,72.4,1.59999999999999,0
2013-04-23,2013,4,76,49,72.6,3.40000000000001,0
2013-04-24,2013,4,67,46,72.9,-5.90000000000001,0.71
2013-04-25,2013,4,67,36,73.1,-6.09999999999999,0
2013-04-26,2013,4,63,42,73.4,-10.4,0.14
2013-04-27,2013,4,61,51,73.6,-12.6,3.3
2013-04-28,2013,4,70,56,73.9,-3.90000000000001,0.1
2013-04-29,2013,4,74,50,74.1,-0.0999999999999943,0
2013-04-30,2013,4,80,50,74.3,5.7,0
2013-05-01,2013,5,80,56,74.6,5.40000000000001,0
2013-05-02,2013,5,77,59,74.8,2.2,0
2013-05-03,2013,5,75,50,75,0,0.17
2013-05-04,2013,5,50,44,75.3,-25.3,1.07
2013-05-05,2013,5,61,46,75.5,-14.5,0.11
2013-05-06,2013,5,66,46,75.7,-9.7,0.14
2013-05-07,2013,5,73,46,76,-3,0
2013-05-08,2013,5,80,51,76.2,3.8,0.09
2013-05-09,2013,5,82,54,76.4,5.59999999999999,0.02
2013-05-10,2013,5,74,63,76.7,-2.7,0.36
2013-05-11,2013,5,68,56,76.9,-8.90000000000001,0
2013-05-12,2013,5,65,43,77.1,-12.1,0
2013-05-13,2013,5,71,39,77.4,-6.40000000000001,0
2013-05-14,2013,5,86,47,77.6,8.40000000000001,0
2013-05-15,2013,5,86,60,77.9,8.09999999999999,0
2013-05-16,2013,5,85,64,78.1,6.90000000000001,0
2013-05-17,2013,5,70,63,78.4,-8.40000000000001,0.46
2013-05-18,2013,5,85,65,78.6,6.40000000000001,0
2013-05-19,2013,5,89,68,78.9,10.1,0.03
2013-05-20,2013,5,84,63,79.1,4.90000000000001,0
2013-05-21,2013,5,86,64,79.4,6.59999999999999,0.2
2013-05-22,2013,5,82,63,79.6,2.40000000000001,0.11
2013-05-23,2013,5,78,61,79.9,-1.90000000000001,0
2013-05-24,2013,5,72,54,80.2,-8.2,0
2013-05-25,2013,5,79,48,80.4,-1.40000000000001,0
2013-05-26,2013,5,84,52,80.7,3.3,0
2013-05-27,2013,5,88,57,81,7,0
2013-05-28,2013,5,88,63,81.3,6.7,0
2013-05-29,2013,5,89,66,81.6,7.40000000000001,0
2013-05-30,2013,5,87,70,81.8,5.2,0
2013-05-31,2013,5,86,72,82.1,3.90000000000001,0.01
2013-06-01,2013,6,87,68,82.4,4.59999999999999,0.52
2013-06-02,2013,6,80,65,82.7,-2.7,0.01
2013-06-03,2013,6,79,60,83,-4,0
2013-06-04,2013,6,84,56,83.2,0.799999999999997,0
2013-06-05,2013,6,81,63,83.5,-2.5,0.07
2013-06-06,2013,6,83,68,83.8,-0.799999999999997,0.31
2013-06-07,2013,6,82,66,84.1,-2.09999999999999,0.16
2013-06-08,2013,6,84,64,84.4,-0.400000000000006,0
2013-06-09,2013,6,83,63,84.6,-1.59999999999999,0.66
2013-06-10,2013,6,86,67,84.9,1.09999999999999,1.09
2013-06-11,2013,6,93,68,85.2,7.8,0
2013-06-12,2013,6,93,78,85.4,7.59999999999999,0
2013-06-13,2013,6,90,69,85.7,4.3,0
2013-06-14,2013,6,84,60,85.9,-1.90000000000001,0
2013-06-15,2013,6,90,62,86.1,3.90000000000001,0
2013-06-16,2013,6,88,68,86.4,1.59999999999999,0
2013-06-17,2013,6,88,69,86.6,1.40000000000001,0.03
2013-06-18,2013,6,84,68,86.8,-2.8,0.76
2013-06-19,2013,6,90,67,87,3,0
2013-06-20,2013,6,88,66,87.2,0.799999999999997,0.8
2013-06-21,2013,6,88,65,87.4,0.599999999999994,0
2013-06-22,2013,6,91,68,87.6,3.40000000000001,0.06
2013-06-23,2013,6,90,68,87.8,2.2,0
2013-06-24,2013,6,93,69,87.9,5.09999999999999,0
2013-06-25,2013,6,93,69,88.1,4.90000000000001,0
2013-06-26,2013,6,93,73,88.2,4.8,0
2013-06-27,2013,6,96,73,88.4,7.59999999999999,0
2013-06-28,2013,6,92,72,88.5,3.5,0.01
2013-06-29,2013,6,90,65,88.6,1.40000000000001,0
2013-06-30,2013,6,85,61,88.7,-3.7,0
2013-07-01,2013,7,84,67,88.8,-4.8,0
2013-07-02,2013,7,84,64,88.9,-4.90000000000001,0
2013-07-03,2013,7,85,64,89,-4,0.05
2013-07-04,2013,7,71,67,89,-18,1.9
2013-07-05,2013,7,79,68,89.1,-10.1,0.85
2013-07-06,2013,7,76,67,89.1,-13.1,1.18
2013-07-07,2013,7,89,67,89.2,-0.200000000000003,0.01
2013-07-08,2013,7,89,70,89.2,-0.200000000000003,0
2013-07-09,2013,7,95,72,89.3,5.7,0
2013-07-10,2013,7,95,72,89.3,5.7,0.87
2013-07-11,2013,7,89,70,89.3,-0.299999999999997,0.02
2013-07-12,2013,7,86,67,89.3,-3.3,0
2013-07-13,2013,7,87,63,89.4,-2.40000000000001,0
2013-07-14,2013,7,90,71,89.4,0.599999999999994,0.04
2013-07-15,2013,7,91,73,89.4,1.59999999999999,0
2013-07-16,2013,7,94,72,89.4,4.59999999999999,0
2013-07-17,2013,7,97,74,89.4,7.59999999999999,0
2013-07-18,2013,7,93,73,89.4,3.59999999999999,0.57
2013-07-19,2013,7,93,72,89.4,3.59999999999999,0
2013-07-20,2013,7,94,72,89.4,4.59999999999999,0.16
2013-07-21,2013,7,90,71,89.4,0.599999999999994,0.01
2013-07-22,2013,7,79,72,89.4,-10.4,0.43
2013-07-23,2013,7,92,70,89.4,2.59999999999999,0
2013-07-24,2013,7,89,68,89.4,-0.400000000000006,0
2013-07-25,2013,7,87,64,89.4,-2.40000000000001,0
2013-07-26,2013,7,89,63,89.4,-0.400000000000006,0
2013-07-27,2013,7,87,68,89.4,-2.40000000000001,0.08
2013-07-28,2013,7,81,62,89.4,-8.40000000000001,0
2013-07-29,2013,7,82,60,89.4,-7.40000000000001,0
2013-07-30,2013,7,85,64,89.5,-4.5,0.27
2013-07-31,2013,7,84,69,89.5,-5.5,0.16
2013-08-01,2013,8,87,68,89.5,-2.5,0
2013-08-02,2013,8,89,63,89.5,-0.5,0
2013-08-03,2013,8,82,69,89.5,-7.5,0.04
2013-08-04,2013,8,87,70,89.5,-2.5,0
2013-08-05,2013,8,86,64,89.5,-3.5,0
2013-08-06,2013,8,83,71,89.5,-6.5,0.07
2013-08-07,2013,8,83,73,89.5,-6.5,0.49
2013-08-08,2013,8,79,71,89.5,-10.5,0.42
2013-08-09,2013,8,90,72,89.5,0.5,0.25
2013-08-10,2013,8,91,71,89.5,1.5,0
2013-08-11,2013,8,89,75,89.5,-0.5,0.03
2013-08-12,2013,8,85,72,89.5,-4.5,0.03
2013-08-13,2013,8,87,70,89.4,-2.40000000000001,0
2013-08-14,2013,8,79,61,89.4,-10.4,0
2013-08-15,2013,8,83,58,89.4,-6.40000000000001,0
2013-08-16,2013,8,79,65,89.3,-10.3,0.07
2013-08-17,2013,8,79,68,89.3,-10.3,0
2013-08-18,2013,8,80,68,89.2,-9.2,0.01
2013-08-19,2013,8,86,68,89.1,-3.09999999999999,0
2013-08-20,2013,8,86,72,89.1,-3.09999999999999,0.16
2013-08-21,2013,8,87,70,89,-2,0.05
2013-08-22,2013,8,92,69,88.9,3.09999999999999,0
2013-08-23,2013,8,90,70,88.7,1.3,0.32
2013-08-24,2013,8,90,69,88.6,1.40000000000001,0
2013-08-25,2013,8,88,69,88.5,-0.5,0
2013-08-26,2013,8,89,65,88.3,0.700000000000003,0
2013-08-27,2013,8,90,65,88.2,1.8,0
2013-08-28,2013,8,93,69,88,5,0
2013-08-29,2013,8,95,74,87.8,7.2,0
2013-08-30,2013,8,96,75,87.6,8.40000000000001,0
2013-08-31,2013,8,95,72,87.4,7.59999999999999,0.05
2013-09-01,2013,9,84,69,87.1,-3.09999999999999,0.36
2013-09-02,2013,9,88,70,86.9,1.09999999999999,0.13
2013-09-03,2013,9,87,69,86.6,0.400000000000006,0
2013-09-04,2013,9,86,63,86.4,-0.400000000000006,0
2013-09-05,2013,9,86,60,86.1,-0.0999999999999943,0
2013-09-06,2013,9,89,63,85.8,3.2,0
2013-09-07,2013,9,92,63,85.5,6.5,0
2013-09-08,2013,9,91,69,85.2,5.8,0
2013-09-09,2013,9,94,72,84.8,9.2,0
2013-09-10,2013,9,92,71,84.5,7.5,1.56
2013-09-11,2013,9,90,70,84.2,5.8,0.08
2013-09-12,2013,9,88,71,83.8,4.2,0.23
2013-09-13,2013,9,79,58,83.5,-4.5,0
2013-09-14,2013,9,76,52,83.1,-7.09999999999999,0
2013-09-15,2013,9,85,52,82.7,2.3,0
2013-09-16,2013,9,83,58,82.4,0.599999999999994,0
2013-09-17,2013,9,83,63,82,1,0
2013-09-18,2013,9,84,67,81.6,2.40000000000001,0
2013-09-19,2013,9,88,66,81.2,6.8,0
2013-09-20,2013,9,88,66,80.9,7.09999999999999,0.91
2013-09-21,2013,9,76,57,80.5,-4.5,0.71
2013-09-22,2013,9,77,51,80.1,-3.09999999999999,0
2013-09-23,2013,9,81,52,79.7,1.3,0
2013-09-24,2013,9,82,59,79.3,2.7,0.34
2013-09-25,2013,9,73,64,78.9,-5.90000000000001,0.18
2013-09-26,2013,9,82,60,78.6,3.40000000000001,0
2013-09-27,2013,9,83,55,78.2,4.8,0
2013-09-28,2013,9,81,58,77.8,3.2,0
2013-09-29,2013,9,75,58,77.4,-2.40000000000001,0.02
2013-09-30,2013,9,78,60,77.1,0.900000000000006,0
2013-10-01,2013,10,85,64,76.7,8.3,0
2013-10-02,2013,10,79,70,76.4,2.59999999999999,0.16
2013-10-03,2013,10,87,66,76,11,0
2013-10-04,2013,10,86,64,75.7,10.3,0
2013-10-05,2013,10,89,67,75.3,13.7,0
2013-10-06,2013,10,75,55,75,0,0.92
2013-10-07,2013,10,69,47,74.6,-5.59999999999999,0
2013-10-08,2013,10,73,47,74.3,-1.3,0
2013-10-09,2013,10,79,52,74,5,0
2013-10-10,2013,10,82,58,73.6,8.40000000000001,0
2013-10-11,2013,10,82,54,73.3,8.7,0
2013-10-12,2013,10,81,52,73,8,0
2013-10-13,2013,10,82,60,72.7,9.3,0
2013-10-14,2013,10,80,58,72.3,7.7,0
2013-10-15,2013,10,75,61,72,3,0
2013-10-16,2013,10,70,61,71.7,-1.7,0.25
2013-10-17,2013,10,65,49,71.4,-6.40000000000001,0.06
2013-10-18,2013,10,66,45,71.1,-5.09999999999999,0
2013-10-19,2013,10,58,40,70.7,-12.7,0
2013-10-20,2013,10,64,35,70.4,-6.40000000000001,0
2013-10-21,2013,10,72,38,70.1,1.90000000000001,0
2013-10-22,2013,10,62,48,69.8,-7.8,0.12
2013-10-23,2013,10,55,40,69.4,-14.4,0
2013-10-24,2013,10,55,34,69.1,-14.1,0
2013-10-25,2013,10,53,30,68.8,-15.8,0
2013-10-26,2013,10,62,28,68.4,-6.40000000000001,0
2013-10-27,2013,10,64,51,68.1,-4.09999999999999,0
2013-10-28,2013,10,66,51,67.8,-1.8,0.01
2013-10-29,2013,10,70,52,67.4,2.59999999999999,0
2013-10-30,2013,10,80,58,67,13,0
2013-10-31,2013,10,71,62,66.7,4.3,0.82
2013-11-01,2013,11,71,48,66.3,4.7,0
2013-11-02,2013,11,64,43,65.9,-1.90000000000001,0
2013-11-03,2013,11,59,36,65.6,-6.59999999999999,0
2013-11-04,2013,11,66,37,65.2,0.799999999999997,0
2013-11-05,2013,11,71,48,64.8,6.2,0
2013-11-06,2013,11,75,49,64.4,10.6,0.32
2013-11-07,2013,11,56,36,64,-8,0.03
2013-11-08,2013,11,58,30,63.6,-5.6,0
2013-11-09,2013,11,61,31,63.1,-2.1,0
2013-11-10,2013,11,67,38,62.7,4.3,0
2013-11-11,2013,11,70,31,62.3,7.7,0
2013-11-12,2013,11,57,29,61.9,-4.9,0.02
2013-11-13,2013,11,46,25,61.4,-15.4,0
2013-11-14,2013,11,59,23,61,-2,0
2013-11-15,2013,11,57,37,60.6,-3.6,0.11
2013-11-16,2013,11,64,50,60.1,3.9,0
2013-11-17,2013,11,71,60,59.7,11.3,1.08
2013-11-18,2013,11,63,44,59.2,3.8,0
2013-11-19,2013,11,52,37,58.8,-6.8,0
2013-11-20,2013,11,62,31,58.4,3.6,0
2013-11-21,2013,11,66,44,57.9,8.1,0.01
2013-11-22,2013,11,60,46,57.5,2.5,0.28
2013-11-23,2013,11,47,25,57.1,-10.1,0
2013-11-24,2013,11,36,20,56.6,-20.6,0
2013-11-25,2013,11,41,28,56.2,-15.2,0.21
2013-11-26,2013,11,39,34,55.8,-16.8,0.47
2013-11-27,2013,11,35,21,55.4,-20.4,0
2013-11-28,2013,11,45,16,54.9,-9.9,0
2013-11-29,2013,11,52,23,54.5,-2.5,0
2013-11-30,2013,11,59,27,54.1,4.9,0
2013-12-01,2013,12,54,39,53.8,0.200000000000003,0
2013-12-02,2013,12,56,47,53.4,2.6,0
2013-12-03,2013,12,59,47,53,6,0
2013-12-04,2013,12,76,57,52.6,23.4,0
2013-12-05,2013,12,69,36,52.3,16.7,2.91
2013-12-06,2013,12,37,31,51.9,-14.9,1.47
2013-12-07,2013,12,32,27,51.6,-19.6,0.03
2013-12-08,2013,12,44,32,51.3,-7.3,0.58
2013-12-09,2013,12,39,30,51,-12,0.05
2013-12-10,2013,12,42,26,50.7,-8.7,0.06
2013-12-11,2013,12,48,20,50.4,-2.4,0
2013-12-12,2013,12,38,18,50.1,-12.1,0
2013-12-13,2013,12,46,20,49.8,-3.8,0.01
2013-12-14,2013,12,50,36,49.6,0.399999999999999,0.55
2013-12-15,2013,12,36,28,49.3,-13.3,0
2013-12-16,2013,12,56,26,49.1,6.9,0
2013-12-17,2013,12,59,35,48.8,10.2,0
2013-12-18,2013,12,52,23,48.6,3.4,0
2013-12-19,2013,12,64,35,48.4,15.6,0
2013-12-20,2013,12,64,53,48.2,15.8,0.07
2013-12-21,2013,12,75,62,48,27,0.98
2013-12-22,2013,12,62,43,47.9,14.1,0.41
2013-12-23,2013,12,43,28,47.7,-4.7,0
2013-12-24,2013,12,33,23,47.6,-14.6,0
2013-12-25,2013,12,47,18,47.4,-0.399999999999999,0
2013-12-26,2013,12,46,27,47.3,-1.3,0
2013-12-27,2013,12,55,21,47.2,7.8,0
2013-12-28,2013,12,46,26,47.1,-1.1,0.5
2013-12-29,2013,12,55,34,47,8,0.36
2013-12-30,2013,12,34,27,46.9,-12.9,0
2013-12-31,2013,12,44,22,46.8,-2.8,0
2014-01-01,2014,1,52,21,46.7,5.3,0
2014-01-02,2014,1,46,20,46.6,-0.600000000000001,0.26
2014-01-03,2014,1,28,14,46.6,-18.6,0
2014-01-04,2014,1,46,19,46.5,-0.5,0
2014-01-05,2014,1,58,20,46.5,11.5,0.35
2014-01-06,2014,1,20,4,46.5,-26.5,0
2014-01-07,2014,1,21,2,46.4,-25.4,0
2014-01-08,2014,1,41,14,46.4,-5.4,0
2014-01-09,2014,1,45,31,46.4,-1.4,0.1
2014-01-10,2014,1,58,45,46.4,11.6,0
2014-01-11,2014,1,58,39,46.4,11.6,0.96
2014-01-12,2014,1,58,32,46.4,11.6,0
2014-01-13,2014,1,53,47,46.5,6.5,0.89
2014-01-14,2014,1,58,34,46.5,11.5,0
2014-01-15,2014,1,42,24,46.5,-4.5,0
2014-01-16,2014,1,48,18,46.6,1.4,0.03
2014-01-17,2014,1,38,24,46.6,-8.6,0.01
2014-01-18,2014,1,48,16,46.7,1.3,0
2014-01-19,2014,1,49,36,46.8,2.2,0
2014-01-20,2014,1,63,37,46.8,16.2,0
2014-01-21,2014,1,45,14,46.9,-1.9,0
2014-01-22,2014,1,31,12,47,-16,0
2014-01-23,2014,1,22,9,47.1,-25.1,0
2014-01-24,2014,1,29,4,47.3,-18.3,0
2014-01-25,2014,1,48,25,47.4,0.600000000000001,0.01
2014-01-26,2014,1,64,19,47.5,16.5,0
2014-01-27,2014,1,51,16,47.6,3.4,0
2014-01-28,2014,1,19,9,47.8,-28.8,0
2014-01-29,2014,1,29,2,48,-19,0
2014-01-30,2014,1,43,6,48.1,-5.1,0
2014-01-31,2014,1,51,32,48.3,2.7,0
2014-02-01,2014,2,62,44,48.5,13.5,0
2014-02-02,2014,2,59,34,48.7,10.3,1.58
2014-02-03,2014,2,34,30,48.9,-14.9,0.06
2014-02-04,2014,2,41,32,49.1,-8.1,2.1
2014-02-05,2014,2,40,27,49.3,-9.3,0
2014-02-06,2014,2,28,19,49.5,-21.5,0
2014-02-07,2014,2,29,16,49.7,-20.7,0
2014-02-08,2014,2,42,26,50,-8,0
2014-02-09,2014,2,39,31,50.2,-11.2,0.01
2014-02-10,2014,2,35,22,50.4,-15.4,0
2014-02-11,2014,2,39,17,50.7,-11.7,0
2014-02-12,2014,2,38,23,51,-13,0.03
2014-02-13,2014,2,53,26,51.2,1.8,0
2014-02-14,2014,2,53,28,51.5,1.5,0.35
2014-02-15,2014,2,38,21,51.8,-13.8,0
2014-02-16,2014,2,56,29,52.1,3.9,0
2014-02-17,2014,2,64,31,52.3,11.7,0.13
2014-02-18,2014,2,65,28,52.6,12.4,0
2014-02-19,2014,2,69,53,52.9,16.1,0
2014-02-20,2014,2,78,51,53.2,24.8,0.82
2014-02-21,2014,2,58,35,53.5,4.5,0.01
2014-02-22,2014,2,68,31,53.8,14.2,0
2014-02-23,2014,2,69,35,54.1,14.9,0
2014-02-24,2014,2,49,27,54.5,-5.5,0
2014-02-25,2014,2,49,32,54.8,-5.8,0
2014-02-26,2014,2,34,21,55.1,-21.1,0
2014-02-27,2014,2,44,16,55.4,-11.4,0
2014-02-28,2014,2,55,21,55.7,-0.700000000000003,0
2014-03-01,2014,3,59,43,56.1,2.9,0
2014-03-02,2014,3,66,32,56.4,9.6,1.98
2014-03-03,2014,3,33,19,56.7,-23.7,0.43
2014-03-04,2014,3,38,19,57,-19,0
2014-03-05,2014,3,42,30,57.4,-15.4,0
2014-03-06,2014,3,52,28,57.7,-5.7,0
2014-03-07,2014,3,64,27,58,6,0
2014-03-08,2014,3,69,33,58.4,10.6,0
2014-03-09,2014,3,60,37,58.7,1.3,0
2014-03-10,2014,3,72,39,59,13,0
2014-03-11,2014,3,79,45,59.3,19.7,0
2014-03-12,2014,3,66,34,59.7,6.3,0.05
2014-03-13,2014,3,53,30,60,-7,0
2014-03-14,2014,3,67,36,60.3,6.7,0
2014-03-15,2014,3,68,45,60.7,7.3,0
2014-03-16,2014,3,55,34,61,-6,0.66
2014-03-17,2014,3,42,31,61.3,-19.3,0.02
2014-03-18,2014,3,56,37,61.7,-5.7,0
2014-03-19,2014,3,67,45,62,5,0
2014-03-20,2014,3,63,34,62.3,0.700000000000003,0
2014-03-21,2014,3,70,34,62.7,7.3,0
2014-03-22,2014,3,67,49,63,4,0
2014-03-23,2014,3,54,35,63.3,-9.3,0.18
2014-03-24,2014,3,54,29,63.7,-9.7,0
2014-03-25,2014,3,44,30,64,-20,0.01
2014-03-26,2014,3,49,25,64.3,-15.3,0
2014-03-27,2014,3,66,39,64.6,1.40000000000001,0.3
2014-03-28,2014,3,68,55,65,3,0.27
2014-03-29,2014,3,60,42,65.3,-5.3,0.46
2014-03-30,2014,3,63,39,65.6,-2.59999999999999,0
2014-03-31,2014,3,75,34,65.9,9.09999999999999,0
2014-04-01,2014,4,82,57,66.2,15.8,0
2014-04-02,2014,4,80,55,66.6,13.4,0.55
2014-04-03,2014,4,78,61,66.9,11.1,0.09
2014-04-04,2014,4,71,46,67.2,3.8,0.72
2014-04-05,2014,4,58,44,67.5,-9.5,0
2014-04-06,2014,4,66,39,67.8,-1.8,0.52
2014-04-07,2014,4,68,47,68.1,-0.0999999999999943,0.06
2014-04-08,2014,4,66,40,68.4,-2.40000000000001,0.05
2014-04-09,2014,4,69,44,68.7,0.299999999999997,0
2014-04-10,2014,4,77,41,69,8,0
2014-04-11,2014,4,78,57,69.3,8.7,0.22
2014-04-12,2014,4,80,51,69.6,10.4,0
2014-04-13,2014,4,82,62,69.9,12.1,0
2014-04-14,2014,4,74,44,70.2,3.8,0.34
2014-04-15,2014,4,48,36,70.5,-22.5,0.21
2014-04-16,2014,4,62,31,70.8,-8.8,0
2014-04-17,2014,4,69,43,71,-2,0
2014-04-18,2014,4,69,52,71.3,-2.3,0
2014-04-19,2014,4,78,48,71.6,6.40000000000001,0
2014-04-20,2014,4,82,45,71.8,10.2,0
2014-04-21,2014,4,81,50,72.1,8.90000000000001,0.01
2014-04-22,2014,4,80,55,72.4,7.59999999999999,0.01
2014-04-23,2014,4,71,47,72.6,-1.59999999999999,0
2014-04-24,2014,4,82,41,72.9,9.09999999999999,0.3
2014-04-25,2014,4,74,50,73.1,0.900000000000006,0.35
2014-04-26,2014,4,83,45,73.4,9.59999999999999,0
2014-04-27,2014,4,81,54,73.6,7.40000000000001,0.32
2014-04-28,2014,4,71,62,73.9,-2.90000000000001,3.19
2014-04-29,2014,4,81,56,74.1,6.90000000000001,0.35
2014-04-30,2014,4,72,52,74.3,-2.3,0
2014-05-01,2014,5,67,46,74.6,-7.59999999999999,0
2014-05-02,2014,5,68,43,74.8,-6.8,0
2014-05-03,2014,5,79,44,75,4,0
2014-05-04,2014,5,88,51,75.3,12.7,0
2014-05-05,2014,5,88,59,75.5,12.5,0
2014-05-06,2014,5,87,59,75.7,11.3,0
2014-05-07,2014,5,87,57,76,11,0
2014-05-08,2014,5,86,61,76.2,9.8,0
2014-05-09,2014,5,75,66,76.4,-1.40000000000001,0.06
2014-05-10,2014,5,84,63,76.7,7.3,0.05
2014-05-11,2014,5,86,63,76.9,9.09999999999999,0
2014-05-12,2014,5,89,68,77.1,11.9,0
2014-05-13,2014,5,89,68,77.4,11.6,0
2014-05-14,2014,5,77,54,77.6,-0.599999999999994,1.61
2014-05-15,2014,5,63,50,77.9,-14.9,0
2014-05-16,2014,5,64,48,78.1,-14.1,0.15
2014-05-17,2014,5,64,49,78.4,-14.4,0
2014-05-18,2014,5,73,50,78.6,-5.59999999999999,0
2014-05-19,2014,5,79,46,78.9,0.0999999999999943,0
2014-05-20,2014,5,85,61,79.1,5.90000000000001,0
2014-05-21,2014,5,87,63,79.4,7.59999999999999,0
2014-05-22,2014,5,89,66,79.6,9.40000000000001,0
2014-05-23,2014,5,88,67,79.9,8.09999999999999,0
2014-05-24,2014,5,83,65,80.2,2.8,0
2014-05-25,2014,5,84,63,80.4,3.59999999999999,0.11
2014-05-26,2014,5,90,63,80.7,9.3,0.28
2014-05-27,2014,5,88,67,81,7,0
2014-05-28,2014,5,86,66,81.3,4.7,0.21
2014-05-29,2014,5,85,64,81.6,3.40000000000001,0
2014-05-30,2014,5,89,67,81.8,7.2,0
2014-05-31,2014,5,91,67,82.1,8.90000000000001,0
2014-06-01,2014,6,88,71,82.4,5.59999999999999,0
2014-06-02,2014,6,83,70,82.7,0.299999999999997,0
2014-06-03,2014,6,89,71,83,6,0
2014-06-04,2014,6,89,71,83.2,5.8,0.08
2014-06-05,2014,6,75,67,83.5,-8.5,0.44
2014-06-06,2014,6,86,63,83.8,2.2,1.57
2014-06-07,2014,6,89,68,84.1,4.90000000000001,0.51
2014-06-08,2014,6,80,67,84.4,-4.40000000000001,0
2014-06-09,2014,6,78,65,84.6,-6.59999999999999,0.57
2014-06-10,2014,6,77,65,84.9,-7.90000000000001,0.48
2014-06-11,2014,6,81,68,85.2,-4.2,0.06
2014-06-12,2014,6,88,64,85.4,2.59999999999999,0
2014-06-13,2014,6,79,64,85.7,-6.7,0.34
2014-06-14,2014,6,84,55,85.9,-1.90000000000001,0
2014-06-15,2014,6,92,63,86.1,5.90000000000001,0
2014-06-16,2014,6,93,67,86.4,6.59999999999999,0
2014-06-17,2014,6,94,70,86.6,7.40000000000001,0
2014-06-18,2014,6,95,71,86.8,8.2,0
2014-06-19,2014,6,94,73,87,7,0
2014-06-20,2014,6,93,71,87.2,5.8,0.43
2014-06-21,2014,6,94,70,87.4,6.59999999999999,0
2014-06-22,2014,6,94,70,87.6,6.40000000000001,0
2014-06-23,2014,6,91,70,87.8,3.2,0
2014-06-24,2014,6,86,72,87.9,-1.90000000000001,0.07
2014-06-25,2014,6,91,71,88.1,2.90000000000001,0
2014-06-26,2014,6,88,68,88.2,-0.200000000000003,0
2014-06-27,2014,6,84,73,88.4,-4.40000000000001,0.71
2014-06-28,2014,6,89,71,88.5,0.5,0.31
2014-06-29,2014,6,85,70,88.6,-3.59999999999999,0.14
2014-06-30,2014,6,93,71,88.7,4.3,0.02
2014-07-01,2014,7,94,69,88.8,5.2,0.2
2014-07-02,2014,7,91,67,88.9,2.09999999999999,0
2014-07-03,2014,7,83,65,89,-6,0
2014-07-04,2014,7,84,62,89,-5,0
2014-07-05,2014,7,89,56,89.1,-0.0999999999999943,0
2014-07-06,2014,7,90,64,89.1,0.900000000000006,0
2014-07-07,2014,7,91,66,89.2,1.8,0
2014-07-08,2014,7,90,75,89.2,0.799999999999997,0.01
2014-07-09,2014,7,88,73,89.3,-1.3,0.05
2014-07-10,2014,7,91,66,89.3,1.7,0
2014-07-11,2014,7,93,66,89.3,3.7,0
2014-07-12,2014,7,95,67,89.3,5.7,0
2014-07-13,2014,7,95,72,89.4,5.59999999999999,0
2014-07-14,2014,7,92,71,89.4,2.59999999999999,0.39
2014-07-15,2014,7,83,64,89.4,-6.40000000000001,0
2014-07-16,2014,7,80,57,89.4,-9.40000000000001,0
2014-07-17,2014,7,83,57,89.4,-6.40000000000001,0
2014-07-18,2014,7,70,64,89.4,-19.4,0.12
2014-07-19,2014,7,78,65,89.4,-11.4,1.29
2014-07-20,2014,7,86,70,89.4,-3.40000000000001,0
2014-07-21,2014,7,92,66,89.4,2.59999999999999,0
2014-07-22,2014,7,92,72,89.4,2.59999999999999,0
2014-07-23,2014,7,92,72,89.4,2.59999999999999,0.08
2014-07-24,2014,7,86,68,89.4,-3.40000000000001,0
2014-07-25,2014,7,87,62,89.4,-2.40000000000001,0
2014-07-26,2014,7,91,65,89.4,1.59999999999999,0
2014-07-27,2014,7,94,75,89.4,4.59999999999999,0.24
2014-07-28,2014,7,85,67,89.4,-4.40000000000001,0
2014-07-29,2014,7,81,61,89.4,-8.40000000000001,0
2014-07-30,2014,7,84,58,89.5,-5.5,0
2014-07-31,2014,7,87,61,89.5,-2.5,0
2014-08-01,2014,8,88,62,89.5,-1.5,0
2014-08-02,2014,8,91,67,89.5,1.5,0
2014-08-03,2014,8,91,66,89.5,1.5,0
2014-08-04,2014,8,92,66,89.5,2.5,0
2014-08-05,2014,8,91,63,89.5,1.5,0
2014-08-06,2014,8,97,69,89.5,7.5,0
2014-08-07,2014,8,93,71,89.5,3.5,0.71
2014-08-08,2014,8,87,71,89.5,-2.5,0
2014-08-09,2014,8,92,70,89.5,2.5,1.48
2014-08-10,2014,8,92,72,89.5,2.5,0
2014-08-11,2014,8,90,74,89.5,0.5,0.07
2014-08-12,2014,8,87,67,89.5,-2.5,0
2014-08-13,2014,8,83,60,89.4,-6.40000000000001,0
2014-08-14,2014,8,86,59,89.4,-3.40000000000001,0
2014-08-15,2014,8,89,62,89.4,-0.400000000000006,0
2014-08-16,2014,8,88,67,89.3,-1.3,0
2014-08-17,2014,8,83,71,89.3,-6.3,0.68
2014-08-18,2014,8,84,72,89.2,-5.2,0.12
2014-08-19,2014,8,91,72,89.1,1.90000000000001,0.04
2014-08-20,2014,8,95,71,89.1,5.90000000000001,0.49
2014-08-21,2014,8,94,70,89,5,0
2014-08-22,2014,8,94,73,88.9,5.09999999999999,0
2014-08-23,2014,8,96,74,88.7,7.3,0.06
2014-08-24,2014,8,92,72,88.6,3.40000000000001,0
2014-08-25,2014,8,91,75,88.5,2.5,0
2014-08-26,2014,8,89,73,88.3,0.700000000000003,0.01
2014-08-27,2014,8,92,71,88.2,3.8,0
2014-08-28,2014,8,94,71,88,6,0
2014-08-29,2014,8,94,71,87.8,6.2,0
2014-08-30,2014,8,85,70,87.6,-2.59999999999999,1.68
2014-08-31,2014,8,84,71,87.4,-3.40000000000001,0.13
2014-09-01,2014,9,91,73,87.1,3.90000000000001,0
2014-09-02,2014,9,92,71,86.9,5.09999999999999,0.19
2014-09-03,2014,9,90,72,86.6,3.40000000000001,0
2014-09-04,2014,9,90,70,86.4,3.59999999999999,0
2014-09-05,2014,9,93,72,86.1,6.90000000000001,0
2014-09-06,2014,9,92,71,85.8,6.2,0
2014-09-07,2014,9,76,67,85.5,-9.5,0
2014-09-08,2014,9,82,66,85.2,-3.2,0
2014-09-09,2014,9,90,65,84.8,5.2,0
2014-09-10,2014,9,89,73,84.5,4.5,0
2014-09-11,2014,9,82,68,84.2,-2.2,0.02
2014-09-12,2014,9,76,64,83.8,-7.8,0
2014-09-13,2014,9,68,57,83.5,-15.5,0
2014-09-14,2014,9,80,53,83.1,-3.09999999999999,0
2014-09-15,2014,9,79,55,82.7,-3.7,0
2014-09-16,2014,9,75,60,82.4,-7.40000000000001,0
2014-09-17,2014,9,74,55,82,-8,0
2014-09-18,2014,9,78,59,81.6,-3.59999999999999,0
2014-09-19,2014,9,87,59,81.2,5.8,0
2014-09-20,2014,9,88,67,80.9,7.09999999999999,0
2014-09-21,2014,9,88,63,80.5,7.5,0
2014-09-22,2014,9,76,55,80.1,-4.09999999999999,0
2014-09-23,2014,9,78,49,79.7,-1.7,0
2014-09-24,2014,9,83,50,79.3,3.7,0
2014-09-25,2014,9,85,54,78.9,6.09999999999999,0
2014-09-26,2014,9,86,58,78.6,7.40000000000001,0
2014-09-27,2014,9,84,63,78.2,5.8,0
2014-09-28,2014,9,81,63,77.8,3.2,0
2014-09-29,2014,9,88,61,77.4,10.6,0
2014-09-30,2014,9,88,58,77.1,10.9,0
2014-10-01,2014,10,88,57,76.7,11.3,0
2014-10-02,2014,10,90,62,76.4,13.6,0
2014-10-03,2014,10,78,49,76,2,0.42
2014-10-04,2014,10,61,39,75.7,-14.7,0
2014-10-05,2014,10,74,37,75.3,-1.3,0
2014-10-06,2014,10,76,59,75,1,0.15
2014-10-07,2014,10,79,58,74.6,4.40000000000001,0.49
2014-10-08,2014,10,84,59,74.3,9.7,1.09
2014-10-09,2014,10,81,58,74,7,0.01
2014-10-10,2014,10,71,66,73.6,-2.59999999999999,2.62
2014-10-11,2014,10,67,58,73.3,-6.3,0.13
2014-10-12,2014,10,77,58,73,4,0.02
2014-10-13,2014,10,81,64,72.7,8.3,2.06
2014-10-14,2014,10,69,56,72.3,-3.3,0.45
2014-10-15,2014,10,57,54,72,-15,0.16
2014-10-16,2014,10,62,47,71.7,-9.7,0
2014-10-17,2014,10,80,47,71.4,8.59999999999999,0
2014-10-18,2014,10,66,48,71.1,-5.09999999999999,0
2014-10-19,2014,10,66,44,70.7,-4.7,0
2014-10-20,2014,10,69,42,70.4,-1.40000000000001,0
2014-10-21,2014,10,73,46,70.1,2.90000000000001,0
2014-10-22,2014,10,64,44,69.8,-5.8,0
2014-10-23,2014,10,67,40,69.4,-2.40000000000001,0
2014-10-24,2014,10,72,45,69.1,2.90000000000001,0
2014-10-25,2014,10,81,44,68.8,12.2,0
2014-10-26,2014,10,82,53,68.4,13.6,0
2014-10-27,2014,10,84,57,68.1,15.9,0
2014-10-28,2014,10,76,53,67.8,8.2,0.54
2014-10-29,2014,10,69,46,67.4,1.59999999999999,0.27
2014-10-30,2014,10,64,39,67,-3,0
2014-10-31,2014,10,52,40,66.7,-14.7,0.02
2014-11-01,2014,11,50,34,66.3,-16.3,0
2014-11-02,2014,11,55,27,65.9,-10.9,0
2014-11-03,2014,11,69,34,65.6,3.40000000000001,0
2014-11-04,2014,11,73,47,65.2,7.8,0
2014-11-05,2014,11,62,52,64.8,-2.8,1.24
2014-11-06,2014,11,62,44,64.4,-2.40000000000001,0.01
2014-11-07,2014,11,56,37,64,-8,0
2014-11-08,2014,11,58,36,63.6,-5.6,0
2014-11-09,2014,11,60,34,63.1,-3.1,0
2014-11-10,2014,11,69,32,62.7,6.3,0
2014-11-11,2014,11,71,38,62.3,8.7,0.05
2014-11-12,2014,11,38,34,61.9,-23.9,0
2014-11-13,2014,11,39,26,61.4,-22.4,0
2014-11-14,2014,11,37,22,61,-24,0
2014-11-15,2014,11,47,22,60.6,-13.6,0
2014-11-16,2014,11,44,38,60.1,-16.1,1.08
2014-11-17,2014,11,40,23,59.7,-19.7,0.38
2014-11-18,2014,11,33,19,59.2,-26.2,0
2014-11-19,2014,11,55,18,58.8,-3.8,0
2014-11-20,2014,11,49,29,58.4,-9.4,0
2014-11-21,2014,11,52,28,57.9,-5.9,0
2014-11-22,2014,11,66,43,57.5,8.5,0
2014-11-23,2014,11,62,52,57.1,4.9,0.52
2014-11-24,2014,11,63,38,56.6,6.4,0
2014-11-25,2014,11,52,33,56.2,-4.2,0
2014-11-26,2014,11,51,28,55.8,-4.8,0.06
2014-11-27,2014,11,41,27,55.4,-14.4,0
2014-11-28,2014,11,48,22,54.9,-6.9,0
2014-11-29,2014,11,59,39,54.5,4.5,0
2014-11-30,2014,11,70,58,54.1,15.9,0
2014-12-01,2014,12,63,40,53.8,9.2,0.15
2014-12-02,2014,12,49,41,53.4,-4.4,0.14
2014-12-03,2014,12,49,43,53,-4,0
2014-12-04,2014,12,50,42,52.6,-2.6,0.11
2014-12-05,2014,12,68,48,52.3,15.7,0.79
2014-12-06,2014,12,62,42,51.9,10.1,0.25
2014-12-07,2014,12,50,40,51.6,-1.6,0
2014-12-08,2014,12,55,39,51.3,3.7,0
2014-12-09,2014,12,47,39,51,-4,0
2014-12-10,2014,12,43,33,50.7,-7.7,0
2014-12-11,2014,12,43,28,50.4,-7.4,0
2014-12-12,2014,12,50,22,50.1,-0.100000000000001,0
2014-12-13,2014,12,46,28,49.8,-3.8,0
2014-12-14,2014,12,52,35,49.6,2.4,0
2014-12-15,2014,12,55,29,49.3,5.7,0.04
2014-12-16,2014,12,55,42,49.1,5.9,0
2014-12-17,2014,12,42,32,48.8,-6.8,0.01
2014-12-18,2014,12,39,33,48.6,-9.6,0.14
2014-12-19,2014,12,41,35,48.4,-7.4,0
2014-12-20,2014,12,46,29,48.2,-2.2,0
2014-12-21,2014,12,54,25,48,6,0
2014-12-22,2014,12,54,42,47.9,6.1,0.03
2014-12-23,2014,12,57,53,47.7,9.3,0.72
2014-12-24,2014,12,56,42,47.6,8.4,0.14
2014-12-25,2014,12,50,35,47.4,2.6,0
2014-12-26,2014,12,55,31,47.3,7.7,0
2014-12-27,2014,12,59,47,47.2,11.8,0.38
2014-12-28,2014,12,50,37,47.1,2.9,0.28
2014-12-29,2014,12,40,37,47,-7,0.03
2014-12-30,2014,12,43,29,46.9,-3.9,0
2014-12-31,2014,12,34,24,46.8,-12.8,0
2015-01-01,2015,1,41,22,46.7,-5.7,0
2015-01-02,2015,1,44,38,46.6,-2.6,0.08
2015-01-03,2015,1,63,44,46.6,16.4,0.58
2015-01-04,2015,1,63,28,46.5,16.5,0.04
2015-01-05,2015,1,33,20,46.5,-13.5,0
2015-01-06,2015,1,43,23,46.5,-3.5,0
2015-01-07,2015,1,27,7,46.4,-19.4,0
2015-01-08,2015,1,30,4,46.4,-16.4,0
2015-01-09,2015,1,35,17,46.4,-11.4,0
2015-01-10,2015,1,36,10,46.4,-10.4,0
2015-01-11,2015,1,44,27,46.4,-2.4,0.02
2015-01-12,2015,1,47,34,46.4,0.600000000000001,0.94
2015-01-13,2015,1,34,29,46.5,-12.5,0
2015-01-14,2015,1,38,27,46.5,-8.5,0
2015-01-15,2015,1,40,27,46.5,-6.5,0
2015-01-16,2015,1,55,23,46.6,8.4,0
2015-01-17,2015,1,59,28,46.6,12.4,0
2015-01-18,2015,1,60,36,46.7,13.3,0
2015-01-19,2015,1,67,33,46.8,20.2,0
2015-01-20,2015,1,64,41,46.8,17.2,0
2015-01-21,2015,1,59,32,46.9,12.1,0
2015-01-22,2015,1,45,33,47,-2,0
2015-01-23,2015,1,38,33,47.1,-9.1,0.44
2015-01-24,2015,1,50,28,47.3,2.7,0.04
2015-01-25,2015,1,57,31,47.4,9.6,0.07
2015-01-26,2015,1,44,33,47.5,-3.5,0.01
2015-01-27,2015,1,42,32,47.6,-5.6,0
2015-01-28,2015,1,51,30,47.8,3.2,0
2015-01-29,2015,1,67,40,48,19,0
2015-01-30,2015,1,47,31,48.1,-1.1,0
2015-01-31,2015,1,47,23,48.3,-1.3,0
2015-02-01,2015,2,56,42,48.5,7.5,0.73
2015-02-02,2015,2,46,24,48.7,-2.7,0.01
2015-02-03,2015,2,45,18,48.9,-3.9,0
2015-02-04,2015,2,54,27,49.1,4.9,0
2015-02-05,2015,2,37,21,49.3,-12.3,0
2015-02-06,2015,2,53,16,49.5,3.5,0
2015-02-07,2015,2,65,28,49.7,15.3,0
2015-02-08,2015,2,62,50,50,12,0
2015-02-09,2015,2,59,33,50.2,8.8,0
2015-02-10,2015,2,44,30,50.4,-6.4,0
2015-02-11,2015,2,54,23,50.7,3.3,0
2015-02-12,2015,2,39,21,51,-12,0
2015-02-13,2015,2,38,18,51.2,-13.2,0
2015-02-14,2015,2,52,16,51.5,0.5,0
2015-02-15,2015,2,27,13,51.8,-24.8,0
2015-02-16,2015,2,31,17,52.1,-21.1,1.12
2015-02-17,2015,2,28,14,52.3,-24.3,0
2015-02-18,2015,2,27,9,52.6,-25.6,0.03
2015-02-19,2015,2,20,5,52.9,-32.9,0
2015-02-20,2015,2,31,10,53.2,-22.2,0.32
2015-02-21,2015,2,46,31,53.5,-7.5,2.36
2015-02-22,2015,2,43,30,53.8,-10.8,0
2015-02-23,2015,2,31,21,54.1,-23.1,0
2015-02-24,2015,2,36,22,54.5,-18.5,0
2015-02-25,2015,2,38,19,54.8,-16.8,0.03
2015-02-26,2015,2,46,26,55.1,-9.1,0
2015-02-27,2015,2,33,19,55.4,-22.4,0
2015-02-28,2015,2,50,25,55.7,-5.7,0
2015-03-01,2015,3,52,38,56.1,-4.1,0.23
2015-03-02,2015,3,50,32,56.4,-6.4,0.01
2015-03-03,2015,3,65,43,56.7,8.3,0.51
2015-03-04,2015,3,65,27,57,8,1.5
2015-03-05,2015,3,27,15,57.4,-30.4,0.29
2015-03-06,2015,3,37,9,57.7,-20.7,0
2015-03-07,2015,3,61,22,58,3,0
2015-03-08,2015,3,65,31,58.4,6.6,0
2015-03-09,2015,3,60,44,58.7,1.3,0.09
2015-03-10,2015,3,68,51,59,9,0.45
2015-03-11,2015,3,59,45,59.3,-0.299999999999997,0.19
2015-03-12,2015,3,69,42,59.7,9.3,0
2015-03-13,2015,3,59,54,60,-1,0.55
2015-03-14,2015,3,61,52,60.3,0.700000000000003,0.14
2015-03-15,2015,3,72,43,60.7,11.3,0
2015-03-16,2015,3,80,38,61,19,0
2015-03-17,2015,3,74,47,61.3,12.7,0
2015-03-18,2015,3,53,42,61.7,-8.7,0
2015-03-19,2015,3,53,43,62,-9,0.08
2015-03-20,2015,3,57,49,62.3,-5.3,0.05
2015-03-21,2015,3,65,42,62.7,2.3,0
2015-03-22,2015,3,63,49,63,0,0
2015-03-23,2015,3,75,43,63.3,11.7,0
2015-03-24,2015,3,77,46,63.7,13.3,0
2015-03-25,2015,3,77,57,64,13,0
2015-03-26,2015,3,67,41,64.3,2.7,0.16
2015-03-27,2015,3,50,33,64.6,-14.6,0.01
2015-03-28,2015,3,48,27,65,-17,0
2015-03-29,2015,3,64,24,65.3,-1.3,0.03
2015-03-30,2015,3,70,45,65.6,4.40000000000001,0
2015-03-31,2015,3,82,39,65.9,16.1,0
2015-04-01,2015,4,76,49,66.2,9.8,0
2015-04-02,2015,4,78,62,66.6,11.4,0
2015-04-03,2015,4,79,50,66.9,12.1,0.91
2015-04-04,2015,4,61,40,67.2,-6.2,0
2015-04-05,2015,4,69,34,67.5,1.5,0
2015-04-06,2015,4,67,57,67.8,-0.799999999999997,0.54
2015-04-07,2015,4,76,62,68.1,7.90000000000001,0.06
2015-04-08,2015,4,85,63,68.4,16.6,0
2015-04-09,2015,4,81,69,68.7,12.3,0
2015-04-10,2015,4,76,48,69,7,0.63
2015-04-11,2015,4,73,43,69.3,3.7,0
2015-04-12,2015,4,83,47,69.6,13.4,0
2015-04-13,2015,4,71,63,69.9,1.09999999999999,0.91
2015-04-14,2015,4,70,57,70.2,-0.200000000000003,0.28
2015-04-15,2015,4,74,56,70.5,3.5,0.44
2015-04-16,2015,4,70,58,70.8,-0.799999999999997,0.75
2015-04-17,2015,4,72,58,71,1,0
2015-04-18,2015,4,81,55,71.3,9.7,0.34
2015-04-19,2015,4,76,60,71.6,4.40000000000001,0.87
2015-04-20,2015,4,64,50,71.8,-7.8,0.42
2015-04-21,2015,4,71,41,72.1,-1.09999999999999,0
2015-04-22,2015,4,70,50,72.4,-2.40000000000001,0
2015-04-23,2015,4,68,44,72.6,-4.59999999999999,0
2015-04-24,2015,4,67,40,72.9,-5.90000000000001,0.07
2015-04-25,2015,4,84,54,73.1,10.9,0.11
2015-04-26,2015,4,61,49,73.4,-12.4,0
2015-04-27,2015,4,68,43,73.6,-5.59999999999999,0
2015-04-28,2015,4,67,45,73.9,-6.90000000000001,0
2015-04-29,2015,4,73,47,74.1,-1.09999999999999,0
2015-04-30,2015,4,74,47,74.3,-0.299999999999997,0
2015-05-01,2015,5,71,44,74.6,-3.59999999999999,0
2015-05-02,2015,5,79,47,74.8,4.2,0
2015-05-03,2015,5,81,50,75,6,0
2015-05-04,2015,5,85,53,75.3,9.7,0
2015-05-05,2015,5,87,56,75.5,11.5,0
2015-05-06,2015,5,87,59,75.7,11.3,0
2015-05-07,2015,5,88,57,76,12,0
2015-05-08,2015,5,90,57,76.2,13.8,0
2015-05-09,2015,5,89,65,76.4,12.6,0
2015-05-10,2015,5,92,65,76.7,15.3,0
2015-05-11,2015,5,87,67,76.9,10.1,0
2015-05-12,2015,5,78,58,77.1,0.900000000000006,0
2015-05-13,2015,5,80,52,77.4,2.59999999999999,0
2015-05-14,2015,5,82,53,77.6,4.40000000000001,0
2015-05-15,2015,5,84,69,77.9,6.09999999999999,0.32
2015-05-16,2015,5,81,69,78.1,2.90000000000001,0.09
2015-05-17,2015,5,86,68,78.4,7.59999999999999,0.34
2015-05-18,2015,5,84,67,78.6,5.40000000000001,0
2015-05-19,2015,5,82,61,78.9,3.09999999999999,0
2015-05-20,2015,5,82,55,79.1,2.90000000000001,0.53
2015-05-21,2015,5,62,48,79.4,-17.4,0
2015-05-22,2015,5,76,44,79.6,-3.59999999999999,0
2015-05-23,2015,5,82,51,79.9,2.09999999999999,0
2015-05-24,2015,5,86,60,80.2,5.8,0.03
2015-05-25,2015,5,73,66,80.4,-7.40000000000001,0.52
2015-05-26,2015,5,80,65,80.7,-0.700000000000003,0.63
2015-05-27,2015,5,82,67,81,1,0.15
2015-05-28,2015,5,85,67,81.3,3.7,0.02
2015-05-29,2015,5,85,66,81.6,3.40000000000001,0.03
2015-05-30,2015,5,85,68,81.8,3.2,0.3
2015-05-31,2015,5,83,65,82.1,0.900000000000006,0.6
2015-06-01,2015,6,72,62,82.4,-10.4,0.74
2015-06-02,2015,6,69,61,82.7,-13.7,0
2015-06-03,2015,6,77,58,83,-6,0
2015-06-04,2015,6,86,58,83.2,2.8,0
2015-06-05,2015,6,88,63,83.5,4.5,0
2015-06-06,2015,6,91,64,83.8,7.2,0
2015-06-07,2015,6,91,67,84.1,6.90000000000001,0
2015-06-08,2015,6,86,68,84.4,1.59999999999999,1.14
2015-06-09,2015,6,90,65,84.6,5.40000000000001,0
2015-06-10,2015,6,90,60,84.9,5.09999999999999,0
2015-06-11,2015,6,91,67,85.2,5.8,0
2015-06-12,2015,6,86,70,85.4,0.599999999999994,0.03
2015-06-13,2015,6,90,70,85.7,4.3,0
2015-06-14,2015,6,91,70,85.9,5.09999999999999,0
2015-06-15,2015,6,93,71,86.1,6.90000000000001,0
2015-06-16,2015,6,94,74,86.4,7.59999999999999,0
2015-06-17,2015,6,95,73,86.6,8.40000000000001,0
2015-06-18,2015,6,92,73,86.8,5.2,0.03
2015-06-19,2015,6,90,73,87,3,0.49
2015-06-20,2015,6,87,73,87.2,-0.200000000000003,0.12
2015-06-21,2015,6,92,73,87.4,4.59999999999999,0
2015-06-22,2015,6,92,72,87.6,4.40000000000001,0
2015-06-23,2015,6,94,72,87.8,6.2,0.22
2015-06-24,2015,6,91,71,87.9,3.09999999999999,0
2015-06-25,2015,6,94,71,88.1,5.90000000000001,0
2015-06-26,2015,6,93,71,88.2,4.8,0.12
2015-06-27,2015,6,81,68,88.4,-7.40000000000001,0.09
2015-06-28,2015,6,84,60,88.5,-4.5,0
2015-06-29,2015,6,86,65,88.6,-2.59999999999999,0.4
2015-06-30,2015,6,86,69,88.7,-2.7,0
2015-07-01,2015,7,77,68,88.8,-11.8,1.34
2015-07-02,2015,7,84,69,88.9,-4.90000000000001,1.59
2015-07-03,2015,7,83,70,89,-6,0.04
2015-07-04,2015,7,82,68,89,-7,0.65
2015-07-05,2015,7,86,68,89.1,-3.09999999999999,0.18
2015-07-06,2015,7,87,69,89.1,-2.09999999999999,0
2015-07-07,2015,7,89,71,89.2,-0.200000000000003,0.95
2015-07-08,2015,7,90,71,89.2,0.799999999999997,0
2015-07-09,2015,7,92,74,89.3,2.7,0
2015-07-10,2015,7,93,71,89.3,3.7,0.14
2015-07-11,2015,7,94,73,89.3,4.7,0
2015-07-12,2015,7,93,74,89.3,3.7,0.02
2015-07-13,2015,7,93,74,89.4,3.59999999999999,0
2015-07-14,2015,7,92,73,89.4,2.59999999999999,0.06
2015-07-15,2015,7,90,71,89.4,0.599999999999994,0.01
2015-07-16,2015,7,89,70,89.4,-0.400000000000006,0
2015-07-17,2015,7,94,71,89.4,4.59999999999999,0
2015-07-18,2015,7,94,75,89.4,4.59999999999999,0
2015-07-19,2015,7,95,76,89.4,5.59999999999999,0
2015-07-20,2015,7,95,77,89.4,5.59999999999999,0
2015-07-21,2015,7,92,73,89.4,2.59999999999999,0
2015-07-22,2015,7,85,72,89.4,-4.40000000000001,0.3
2015-07-23,2015,7,85,73,89.4,-4.40000000000001,0.43
2015-07-24,2015,7,91,70,89.4,1.59999999999999,0
2015-07-25,2015,7,92,68,89.4,2.59999999999999,0
2015-07-26,2015,7,92,70,89.4,2.59999999999999,0
2015-07-27,2015,7,94,74,89.4,4.59999999999999,0
2015-07-28,2015,7,96,73,89.4,6.59999999999999,1.36
2015-07-29,2015,7,95,73,89.4,5.59999999999999,0
2015-07-30,2015,7,89,72,89.5,-0.5,0
2015-07-31,2015,7,91,65,89.5,1.5,0
2015-08-01,2015,8,93,66,89.5,3.5,0
2015-08-02,2015,8,91,63,89.5,1.5,0
2015-08-03,2015,8,96,65,89.5,6.5,0
2015-08-04,2015,8,97,72,89.5,7.5,0
2015-08-05,2015,8,92,72,89.5,2.5,0.12
2015-08-06,2015,8,81,70,89.5,-8.5,1.01
2015-08-07,2015,8,84,69,89.5,-5.5,0
2015-08-08,2015,8,88,66,89.5,-1.5,0
2015-08-09,2015,8,94,68,89.5,4.5,0
2015-08-10,2015,8,92,73,89.5,2.5,0
2015-08-11,2015,8,90,75,89.5,0.5,0
2015-08-12,2015,8,88,68,89.5,-1.5,0
2015-08-13,2015,8,87,61,89.4,-2.40000000000001,0
2015-08-14,2015,8,89,64,89.4,-0.400000000000006,0.26
2015-08-15,2015,8,86,70,89.4,-3.40000000000001,0
2015-08-16,2015,8,86,69,89.3,-3.3,0.33
2015-08-17,2015,8,77,72,89.3,-12.3,0.46
2015-08-18,2015,8,88,72,89.2,-1.2,0
2015-08-19,2015,8,90,72,89.1,0.900000000000006,0.66
2015-08-20,2015,8,84,65,89.1,-5.09999999999999,0.03
2015-08-21,2015,8,84,61,89,-5,0
2015-08-22,2015,8,89,65,88.9,0.0999999999999943,0.02
2015-08-23,2015,8,91,71,88.7,2.3,0
2015-08-24,2015,8,84,64,88.6,-4.59999999999999,0
2015-08-25,2015,8,83,57,88.5,-5.5,0
2015-08-26,2015,8,83,57,88.3,-5.3,0
2015-08-27,2015,8,84,58,88.2,-4.2,0
2015-08-28,2015,8,90,62,88,2,0
2015-08-29,2015,8,89,70,87.8,1.2,0.1
2015-08-30,2015,8,81,68,87.6,-6.59999999999999,0
2015-08-31,2015,8,88,65,87.4,0.599999999999994,0
2015-09-01,2015,9,90,67,87.1,2.90000000000001,0
2015-09-02,2015,9,93,70,86.9,6.09999999999999,0
2015-09-03,2015,9,95,73,86.6,8.40000000000001,0
2015-09-04,2015,9,95,71,86.4,8.59999999999999,0
2015-09-05,2015,9,95,70,86.1,8.90000000000001,0
2015-09-06,2015,9,92,70,85.8,6.2,0
2015-09-07,2015,9,91,69,85.5,5.5,0
2015-09-08,2015,9,92,68,85.2,6.8,0
2015-09-09,2015,9,92,72,84.8,7.2,0.32
2015-09-10,2015,9,87,67,84.5,2.5,0.1
2015-09-11,2015,9,87,64,84.2,2.8,1.02
2015-09-12,2015,9,75,56,83.8,-8.8,0
2015-09-13,2015,9,74,50,83.5,-9.5,0
2015-09-14,2015,9,80,49,83.1,-3.09999999999999,0
2015-09-15,2015,9,84,54,82.7,1.3,0
2015-09-16,2015,9,85,59,82.4,2.59999999999999,0
2015-09-17,2015,9,86,58,82,4,0
2015-09-18,2015,9,89,59,81.6,7.40000000000001,0
2015-09-19,2015,9,90,63,81.2,8.8,0
2015-09-20,2015,9,83,61,80.9,2.09999999999999,0
2015-09-21,2015,9,80,56,80.5,-0.5,0
2015-09-22,2015,9,84,52,80.1,3.90000000000001,0
2015-09-23,2015,9,87,53,79.7,7.3,0
2015-09-24,2015,9,89,59,79.3,9.7,0
2015-09-25,2015,9,77,65,78.9,-1.90000000000001,0.13
2015-09-26,2015,9,76,64,78.6,-2.59999999999999,0.5
2015-09-27,2015,9,81,67,78.2,2.8,0
2015-09-28,2015,9,80,68,77.8,2.2,0
2015-09-29,2015,9,78,69,77.4,0.599999999999994,0.18
2015-09-30,2015,9,71,62,77.1,-6.09999999999999,0.03
2015-10-01,2015,10,63,57,76.7,-13.7,0.1
2015-10-02,2015,10,59,54,76.4,-17.4,0.41
2015-10-03,2015,10,55,51,76,-21,0.05
2015-10-04,2015,10,77,53,75.7,1.3,0.01
2015-10-05,2015,10,85,57,75.3,9.7,0
2015-10-06,2015,10,87,61,75,12,0
2015-10-07,2015,10,86,59,74.6,11.4,0
2015-10-08,2015,10,87,59,74.3,12.7,0
2015-10-09,2015,10,85,62,74,11,0.5
2015-10-10,2015,10,71,50,73.6,-2.59999999999999,0.08
2015-10-11,2015,10,73,45,73.3,-0.299999999999997,0
2015-10-12,2015,10,83,50,73,10,0.37
2015-10-13,2015,10,75,51,72.7,2.3,0
2015-10-14,2015,10,79,46,72.3,6.7,0
2015-10-15,2015,10,81,47,72,9,0
2015-10-16,2015,10,71,44,71.7,-0.700000000000003,0
2015-10-17,2015,10,63,39,71.4,-8.40000000000001,0
2015-10-18,2015,10,63,38,71.1,-8.09999999999999,0
2015-10-19,2015,10,71,34,70.7,0.299999999999997,0
2015-10-20,2015,10,73,42,70.4,2.59999999999999,0
2015-10-21,2015,10,79,46,70.1,8.90000000000001,0
2015-10-22,2015,10,81,50,69.8,11.2,0
2015-10-23,2015,10,82,51,69.4,12.6,0
2015-10-24,2015,10,74,65,69.1,4.90000000000001,0.03
2015-10-25,2015,10,69,57,68.8,0.200000000000003,0.08
2015-10-26,2015,10,63,56,68.4,-5.40000000000001,0.63
2015-10-27,2015,10,61,58,68.1,-7.09999999999999,1.73
2015-10-28,2015,10,72,56,67.8,4.2,0.19
2015-10-29,2015,10,71,45,67.4,3.59999999999999,0
2015-10-30,2015,10,64,38,67,-3,0
2015-10-31,2015,10,64,51,66.7,-2.7,0.14
2015-11-01,2015,11,63,59,66.3,-3.3,0.02
2015-11-02,2015,11,72,57,65.9,6.09999999999999,0.01
2015-11-03,2015,11,72,56,65.6,6.40000000000001,0
2015-11-04,2015,11,76,59,65.2,10.8,0
2015-11-05,2015,11,80,66,64.8,15.2,0
2015-11-06,2015,11,75,60,64.4,10.6,0.42
2015-11-07,2015,11,60,50,64,-4,0
2015-11-08,2015,11,64,43,63.6,0.399999999999999,0
2015-11-09,2015,11,57,50,63.1,-6.1,0.13
2015-11-10,2015,11,67,45,62.7,4.3,0
2015-11-11,2015,11,74,41,62.3,11.7,0
2015-11-12,2015,11,66,49,61.9,4.1,0.06
2015-11-13,2015,11,62,37,61.4,0.600000000000001,0
2015-11-14,2015,11,62,31,61,1,0
2015-11-15,2015,11,64,34,60.6,3.4,0
2015-11-16,2015,11,58,42,60.1,-2.1,0.02
2015-11-17,2015,11,74,55,59.7,14.3,0
2015-11-18,2015,11,68,51,59.2,8.8,1.42
2015-11-19,2015,11,66,43,58.8,7.2,0
2015-11-20,2015,11,58,35,58.4,-0.399999999999999,0
2015-11-21,2015,11,66,34,57.9,8.1,0.01
2015-11-22,2015,11,43,26,57.5,-14.5,0
2015-11-23,2015,11,56,22,57.1,-1.1,0
2015-11-24,2015,11,61,29,56.6,4.4,0
2015-11-25,2015,11,66,39,56.2,9.8,0
2015-11-26,2015,11,72,52,55.8,16.2,0
2015-11-27,2015,11,70,55,55.4,14.6,0
2015-11-28,2015,11,65,60,54.9,10.1,0.28
2015-11-29,2015,11,62,51,54.5,7.5,1.84
2015-11-30,2015,11,63,50,54.1,8.9,0.63
2015-12-01,2015,12,64,51,53.8,10.2,0.66
2015-12-02,2015,12,54,39,53.4,0.600000000000001,0
2015-12-03,2015,12,48,33,53,-5,0
2015-12-04,2015,12,56,28,52.6,3.4,0
2015-12-05,2015,12,60,28,52.3,7.7,0
2015-12-06,2015,12,62,30,51.9,10.1,0
2015-12-07,2015,12,60,38,51.6,8.4,0
2015-12-08,2015,12,64,31,51.3,12.7,0
2015-12-09,2015,12,59,43,51,8,0
2015-12-10,2015,12,62,40,50.7,11.3,0
2015-12-11,2015,12,73,54,50.4,22.6,0
2015-12-12,2015,12,70,56,50.1,19.9,0
2015-12-13,2015,12,76,58,49.8,26.2,0
2015-12-14,2015,12,71,52,49.6,21.4,0.55
2015-12-15,2015,12,68,43,49.3,18.7,0
2015-12-16,2015,12,70,40,49.1,20.9,0.04
2015-12-17,2015,12,57,33,48.8,8.2,0
2015-12-18,2015,12,42,28,48.6,-6.6,0
2015-12-19,2015,12,52,29,48.4,3.6,0
2015-12-20,2015,12,57,28,48.2,8.8,0
2015-12-21,2015,12,61,48,48,13,0.43
2015-12-22,2015,12,70,56,47.9,22.1,0.81
2015-12-23,2015,12,70,64,47.7,22.3,0.03
2015-12-24,2015,12,74,54,47.6,26.4,0
2015-12-25,2015,12,69,56,47.4,21.6,1.17
2015-12-26,2015,12,75,57,47.3,27.7,0.55
2015-12-27,2015,12,76,59,47.2,28.8,0
2015-12-28,2015,12,74,52,47.1,26.9,0.68
2015-12-29,2015,12,53,44,47,6,0
2015-12-30,2015,12,50,44,46.9,3.1,0
2015-12-31,2015,12,44,35,46.8,-2.8,0
2016-01-01,2016,1,45,32,46.7,-1.7,0
2016-01-02,2016,1,51,24,46.6,4.4,0
2016-01-03,2016,1,55,29,46.6,8.4,0
2016-01-04,2016,1,39,27,46.5,-7.5,0
2016-01-05,2016,1,44,24,46.5,-2.5,0
2016-01-06,2016,1,48,25,46.5,1.5,0
2016-01-07,2016,1,56,28,46.4,9.6,0
2016-01-08,2016,1,59,47,46.4,12.6,0.02
2016-01-09,2016,1,57,46,46.4,10.6,0.2
2016-01-10,2016,1,48,17,46.4,1.6,0.08
2016-01-11,2016,1,40,13,46.4,-6.4,0
2016-01-12,2016,1,49,23,46.4,2.6,0
2016-01-13,2016,1,44,20,46.5,-2.5,0
2016-01-14,2016,1,62,36,46.5,15.5,0
2016-01-15,2016,1,52,42,46.5,5.5,0.37
2016-01-16,2016,1,43,34,46.6,-3.6,0
2016-01-17,2016,1,42,19,46.6,-4.6,0
2016-01-18,2016,1,25,12,46.7,-21.7,0
2016-01-19,2016,1,28,14,46.8,-18.8,0
2016-01-20,2016,1,33,28,46.8,-13.8,0.26
2016-01-21,2016,1,36,30,46.9,-10.9,0.2
2016-01-22,2016,1,35,26,47,-12,0.96
2016-01-23,2016,1,30,17,47.1,-17.1,0
2016-01-24,2016,1,39,12,47.3,-8.3,0
2016-01-25,2016,1,56,28,47.4,8.6,0
2016-01-26,2016,1,57,33,47.5,9.5,0.08
2016-01-27,2016,1,43,26,47.6,-4.6,0
2016-01-28,2016,1,55,20,47.8,7.2,0
2016-01-29,2016,1,52,32,48,4,0
2016-01-30,2016,1,69,32,48.1,20.9,0
2016-01-31,2016,1,72,54,48.3,23.7,0
2016-02-01,2016,2,64,46,48.5,15.5,0.18
2016-02-02,2016,2,75,46,48.7,26.3,0.96
2016-02-03,2016,2,60,41,48.9,11.1,0.1
2016-02-04,2016,2,44,29,49.1,-5.1,0
2016-02-05,2016,2,50,23,49.3,0.700000000000003,0
2016-02-06,2016,2,54,27,49.5,4.5,0
2016-02-07,2016,2,58,27,49.7,8.3,0
2016-02-08,2016,2,48,27,50,-2,0.03
2016-02-09,2016,2,27,21,50.2,-23.2,0.05
2016-02-10,2016,2,31,19,50.4,-19.4,0.02
2016-02-11,2016,2,44,26,50.7,-6.7,0
2016-02-12,2016,2,46,27,51,-5,0
2016-02-13,2016,2,33,20,51.2,-18.2,0
2016-02-14,2016,2,39,27,51.5,-12.5,0.18
2016-02-15,2016,2,44,33,51.8,-7.8,1.24
2016-02-16,2016,2,46,37,52.1,-6.1,0.53
2016-02-17,2016,2,43,31,52.3,-9.3,0
2016-02-18,2016,2,62,27,52.6,9.4,0
2016-02-19,2016,2,72,51,52.9,19.1,0
2016-02-20,2016,2,69,61,53.2,15.8,0
2016-02-21,2016,2,67,56,53.5,13.5,0.02
2016-02-22,2016,2,57,47,53.8,3.2,0.03
2016-02-23,2016,2,59,45,54.1,4.9,0.85
2016-02-24,2016,2,59,37,54.5,4.5,0.24
2016-02-25,2016,2,43,36,54.8,-11.8,0.03
2016-02-26,2016,2,50,32,55.1,-5.1,0
2016-02-27,2016,2,62,28,55.4,6.6,0
2016-02-28,2016,2,70,40,55.7,14.3,0
2016-02-29,2016,2,67,45,55.9,11.1,0
2016-03-01,2016,3,66,36,56.1,9.9,0.56
2016-03-02,2016,3,49,32,56.4,-7.4,0
2016-03-03,2016,3,42,36,56.7,-14.7,0.28
2016-03-04,2016,3,50,34,57,-7,0
2016-03-05,2016,3,65,30,57.4,7.6,0
2016-03-06,2016,3,66,33,57.7,8.3,0
2016-03-07,2016,3,72,50,58,14,0
2016-03-08,2016,3,76,51,58.4,17.6,0
2016-03-09,2016,3,77,60,58.7,18.3,0.01
2016-03-10,2016,3,76,62,59,17,0.93
2016-03-11,2016,3,62,56,59.3,2.7,0.07
2016-03-12,2016,3,76,59,59.7,16.3,0.52
2016-03-13,2016,3,73,57,60,13,0.35
2016-03-14,2016,3,72,54,60.3,11.7,0
2016-03-15,2016,3,87,48,60.7,26.3,0
2016-03-16,2016,3,76,53,61,15,0
2016-03-17,2016,3,70,41,61.3,8.7,0
2016-03-18,2016,3,71,39,61.7,9.3,0
2016-03-19,2016,3,59,43,62,-3,0.01
2016-03-20,2016,3,48,37,62.3,-14.3,0
2016-03-21,2016,3,59,35,62.7,-3.7,0
2016-03-22,2016,3,70,35,63,7,0
2016-03-23,2016,3,74,56,63.3,10.7,0
2016-03-24,2016,3,67,50,63.7,3.3,0.74
2016-03-25,2016,3,50,40,64,-14,0
2016-03-26,2016,3,75,35,64.3,10.7,0
2016-03-27,2016,3,71,53,64.6,6.40000000000001,0.18
2016-03-28,2016,3,63,45,65,-2,0
2016-03-29,2016,3,65,39,65.3,-0.299999999999997,0
2016-03-30,2016,3,77,43,65.6,11.4,0
2016-03-31,2016,3,76,57,65.9,10.1,0.68
2016-04-01,2016,4,69,53,66.2,2.8,0
2016-04-02,2016,4,64,44,66.6,-2.59999999999999,0
2016-04-03,2016,4,68,37,66.9,1.09999999999999,0
2016-04-04,2016,4,79,47,67.2,11.8,0
2016-04-05,2016,4,60,37,67.5,-7.5,0
2016-04-06,2016,4,66,41,67.8,-1.8,0.19
2016-04-07,2016,4,66,44,68.1,-2.09999999999999,0.04
2016-04-08,2016,4,58,40,68.4,-10.4,0
2016-04-09,2016,4,55,37,68.7,-13.7,0
2016-04-10,2016,4,71,37,69,2,0.04
2016-04-11,2016,4,71,52,69.3,1.7,0.01
2016-04-12,2016,4,65,45,69.6,-4.59999999999999,0.01
2016-04-13,2016,4,70,41,69.9,0.0999999999999943,0
2016-04-14,2016,4,74,55,70.2,3.8,0.01
2016-04-15,2016,4,79,56,70.5,8.5,0
2016-04-16,2016,4,79,49,70.8,8.2,0
2016-04-17,2016,4,82,53,71,11,0
2016-04-18,2016,4,85,49,71.3,13.7,0
2016-04-19,2016,4,83,52,71.6,11.4,0
2016-04-20,2016,4,85,57,71.8,13.2,0
2016-04-21,2016,4,76,60,72.1,3.90000000000001,0.22
2016-04-22,2016,4,76,59,72.4,3.59999999999999,0
2016-04-23,2016,4,75,52,72.6,2.40000000000001,0
2016-04-24,2016,4,83,48,72.9,10.1,0
2016-04-25,2016,4,85,59,73.1,11.9,0
2016-04-26,2016,4,87,61,73.4,13.6,0.29
2016-04-27,2016,4,85,64,73.6,11.4,0.14
2016-04-28,2016,4,84,60,73.9,10.1,0
2016-04-29,2016,4,81,55,74.1,6.90000000000001,0
2016-04-30,2016,4,77,63,74.3,2.7,0.17
2016-05-01,2016,5,83,63,74.6,8.40000000000001,0
2016-05-02,2016,5,68,57,74.8,-6.8,0.4
2016-05-03,2016,5,67,53,75,-8,0
2016-05-04,2016,5,70,46,75.3,-5.3,0.06
2016-05-05,2016,5,60,44,75.5,-15.5,0
2016-05-06,2016,5,73,47,75.7,-2.7,0
2016-05-07,2016,5,86,49,76,10,0
2016-05-08,2016,5,86,64,76.2,9.8,0
2016-05-09,2016,5,76,65,76.4,-0.400000000000006,0
2016-05-10,2016,5,84,66,76.7,7.3,0.06
2016-05-11,2016,5,90,67,76.9,13.1,0.02
2016-05-12,2016,5,84,63,77.1,6.90000000000001,0.12
2016-05-13,2016,5,77,54,77.4,-0.400000000000006,0
2016-05-14,2016,5,65,45,77.6,-12.6,0
2016-05-15,2016,5,69,40,77.9,-8.90000000000001,0
2016-05-16,2016,5,72,48,78.1,-6.09999999999999,0.09
2016-05-17,2016,5,76,54,78.4,-2.40000000000001,0.07
2016-05-18,2016,5,62,52,78.6,-16.6,0
2016-05-19,2016,5,77,51,78.9,-1.90000000000001,0
2016-05-20,2016,5,67,60,79.1,-12.1,1.26
2016-05-21,2016,5,73,56,79.4,-6.40000000000001,0
2016-05-22,2016,5,81,51,79.6,1.40000000000001,0
2016-05-23,2016,5,84,52,79.9,4.09999999999999,0
2016-05-24,2016,5,87,55,80.2,6.8,0
2016-05-25,2016,5,88,65,80.4,7.59999999999999,0.29
2016-05-26,2016,5,91,65,80.7,10.3,0
2016-05-27,2016,5,89,64,81,8,0
2016-05-28,2016,5,83,68,81.3,1.7,0
2016-05-29,2016,5,90,64,81.6,8.40000000000001,0
2016-05-30,2016,5,90,67,81.8,8.2,0
2016-05-31,2016,5,90,65,82.1,7.90000000000001,0
2016-06-01,2016,6,92,67,82.4,9.59999999999999,0.27
2016-06-02,2016,6,88,68,82.7,5.3,0.02
2016-06-03,2016,6,89,67,83,6,0.85
2016-06-04,2016,6,85,68,83.2,1.8,0.26
2016-06-05,2016,6,86,68,83.5,2.5,0.11
2016-06-06,2016,6,88,62,83.8,4.2,0
2016-06-07,2016,6,84,63,84.1,-0.0999999999999943,0
2016-06-08,2016,6,84,56,84.4,-0.400000000000006,0
2016-06-09,2016,6,85,56,84.6,0.400000000000006,0
2016-06-10,2016,6,92,60,84.9,7.09999999999999,0
2016-06-11,2016,6,95,65,85.2,9.8,0
2016-06-12,2016,6,95,70,85.4,9.59999999999999,0
2016-06-13,2016,6,97,74,85.7,11.3,0.04
2016-06-14,2016,6,91,72,85.9,5.09999999999999,0.11
2016-06-15,2016,6,92,69,86.1,5.90000000000001,0.24
2016-06-16,2016,6,98,67,86.4,11.6,0
2016-06-17,2016,6,87,73,86.6,0.400000000000006,0
2016-06-18,2016,6,90,70,86.8,3.2,0
2016-06-19,2016,6,90,71,87,3,0
2016-06-20,2016,6,91,71,87.2,3.8,0
2016-06-21,2016,6,93,73,87.4,5.59999999999999,0
2016-06-22,2016,6,97,76,87.6,9.40000000000001,0
2016-06-23,2016,6,97,71,87.8,9.2,0.01
2016-06-24,2016,6,93,69,87.9,5.09999999999999,1.99
2016-06-25,2016,6,94,73,88.1,5.90000000000001,0
2016-06-26,2016,6,95,73,88.2,6.8,0.01
2016-06-27,2016,6,90,73,88.4,1.59999999999999,0.07
2016-06-28,2016,6,94,69,88.5,5.5,0.47
2016-06-29,2016,6,85,63,88.6,-3.59999999999999,0
2016-06-30,2016,6,88,59,88.7,-0.700000000000003,0
2016-07-01,2016,7,91,65,88.8,2.2,0.01
2016-07-02,2016,7,89,69,88.9,0.0999999999999943,0
2016-07-03,2016,7,95,71,89,6,0
2016-07-04,2016,7,93,75,89,4,1.52
2016-07-05,2016,7,88,74,89.1,-1.09999999999999,0.84
2016-07-06,2016,7,93,71,89.1,3.90000000000001,0.42
2016-07-07,2016,7,93,70,89.2,3.8,1.68
2016-07-08,2016,7,95,70,89.2,5.8,0.24
2016-07-09,2016,7,91,70,89.3,1.7,0
2016-07-10,2016,7,89,72,89.3,-0.299999999999997,0
2016-07-11,2016,7,88,73,89.3,-1.3,0.07
2016-07-12,2016,7,93,71,89.3,3.7,0
2016-07-13,2016,7,95,72,89.4,5.59999999999999,0
2016-07-14,2016,7,91,72,89.4,1.59999999999999,0.19
2016-07-15,2016,7,90,70,89.4,0.599999999999994,0
2016-07-16,2016,7,90,74,89.4,0.599999999999994,0
2016-07-17,2016,7,94,70,89.4,4.59999999999999,0
2016-07-18,2016,7,97,73,89.4,7.59999999999999,0
2016-07-19,2016,7,95,76,89.4,5.59999999999999,0
2016-07-20,2016,7,95,73,89.4,5.59999999999999,0
2016-07-21,2016,7,97,73,89.4,7.59999999999999,0
2016-07-22,2016,7,94,75,89.4,4.59999999999999,0
2016-07-23,2016,7,94,75,89.4,4.59999999999999,0
2016-07-24,2016,7,96,73,89.4,6.59999999999999,0
2016-07-25,2016,7,95,76,89.4,5.59999999999999,0
2016-07-26,2016,7,97,74,89.4,7.59999999999999,0.18
2016-07-27,2016,7,93,73,89.4,3.59999999999999,0
2016-07-28,2016,7,87,75,89.4,-2.40000000000001,0.76
2016-07-29,2016,7,89,74,89.4,-0.400000000000006,0
2016-07-30,2016,7,89,73,89.5,-0.5,0
2016-07-31,2016,7,93,73,89.5,3.5,0.37
2016-08-01,2016,8,96,73,89.5,6.5,0.05
2016-08-02,2016,8,93,73,89.5,3.5,0.07
2016-08-03,2016,8,93,73,89.5,3.5,0.67
2016-08-04,2016,8,92,73,89.5,2.5,0
2016-08-05,2016,8,96,72,89.5,6.5,0.69
2016-08-06,2016,8,91,73,89.5,1.5,0.07
2016-08-07,2016,8,92,75,89.5,2.5,0
2016-08-08,2016,8,92,73,89.5,2.5,0
2016-08-09,2016,8,93,75,89.5,3.5,0.8
2016-08-10,2016,8,91,76,89.5,1.5,0
2016-08-11,2016,8,91,76,89.5,1.5,0
2016-08-12,2016,8,91,75,89.5,1.5,0
2016-08-13,2016,8,88,73,89.4,-1.40000000000001,0
2016-08-14,2016,8,91,71,89.4,1.59999999999999,0.07
2016-08-15,2016,8,93,72,89.4,3.59999999999999,0
2016-08-16,2016,8,88,73,89.3,-1.3,0.13
2016-08-17,2016,8,89,74,89.3,-0.299999999999997,0
2016-08-18,2016,8,84,75,89.2,-5.2,0.12
2016-08-19,2016,8,79,73,89.1,-10.1,0.5
2016-08-20,2016,8,85,72,89.1,-4.09999999999999,0.9
2016-08-21,2016,8,85,65,89,-4,0.22
2016-08-22,2016,8,82,62,88.9,-6.90000000000001,0
2016-08-23,2016,8,88,62,88.7,-0.700000000000003,0
2016-08-24,2016,8,92,71,88.6,3.40000000000001,0
2016-08-25,2016,8,94,73,88.5,5.5,0.55
2016-08-26,2016,8,95,74,88.3,6.7,0
2016-08-27,2016,8,96,72,88.2,7.8,1.6
2016-08-28,2016,8,96,71,88,8,0
2016-08-29,2016,8,92,71,87.8,4.2,0
2016-08-30,2016,8,95,73,87.6,7.40000000000001,0
2016-08-31,2016,8,95,73,87.4,7.59999999999999,0
2016-09-01,2016,9,88,70,87.1,0.900000000000006,0
2016-09-02,2016,9,85,64,86.9,-1.90000000000001,0
2016-09-03,2016,9,87,63,86.6,0.400000000000006,0
2016-09-04,2016,9,91,67,86.4,4.59999999999999,0
2016-09-05,2016,9,93,68,86.1,6.90000000000001,0
2016-09-06,2016,9,94,67,85.8,8.2,0
2016-09-07,2016,9,94,68,85.5,8.5,0
2016-09-08,2016,9,93,69,85.2,7.8,0
2016-09-09,2016,9,93,70,84.8,8.2,0
2016-09-10,2016,9,93,70,84.5,8.5,0.31
2016-09-11,2016,9,83,62,84.2,-1.2,0
2016-09-12,2016,9,89,56,83.8,5.2,0
2016-09-13,2016,9,92,64,83.5,8.5,0
2016-09-14,2016,9,93,69,83.1,9.90000000000001,0
2016-09-15,2016,9,94,69,82.7,11.3,0
2016-09-16,2016,9,93,69,82.4,10.6,0
2016-09-17,2016,9,80,71,82,-2,1.01
2016-09-18,2016,9,87,71,81.6,5.40000000000001,0.32
2016-09-19,2016,9,89,67,81.2,7.8,0
2016-09-20,2016,9,89,63,80.9,8.09999999999999,0
2016-09-21,2016,9,90,63,80.5,9.5,0
2016-09-22,2016,9,92,65,80.1,11.9,0
2016-09-23,2016,9,93,67,79.7,13.3,0
2016-09-24,2016,9,92,66,79.3,12.7,0
2016-09-25,2016,9,94,64,78.9,15.1,0
2016-09-26,2016,9,78,57,78.6,-0.599999999999994,0.08
2016-09-27,2016,9,79,54,78.2,0.799999999999997,0
2016-09-28,2016,9,84,50,77.8,6.2,0.04
2016-09-29,2016,9,67,49,77.4,-10.4,0
2016-09-30,2016,9,68,49,77.1,-9.09999999999999,0.11
2016-10-01,2016,10,75,54,76.7,-1.7,0
2016-10-02,2016,10,77,60,76.4,0.599999999999994,0
2016-10-03,2016,10,80,60,76,4,0
2016-10-04,2016,10,87,55,75.7,11.3,0
2016-10-05,2016,10,88,64,75.3,12.7,0
2016-10-06,2016,10,88,60,75,13,0
2016-10-07,2016,10,88,58,74.6,13.4,0
2016-10-08,2016,10,75,53,74.3,0.700000000000003,0
2016-10-09,2016,10,76,49,74,2,0
2016-10-10,2016,10,78,47,73.6,4.40000000000001,0
2016-10-11,2016,10,81,53,73.3,7.7,0
2016-10-12,2016,10,80,52,73,7,0
2016-10-13,2016,10,74,59,72.7,1.3,0
2016-10-14,2016,10,69,59,72.3,-3.3,0.07
2016-10-15,2016,10,84,61,72,12,0
2016-10-16,2016,10,84,63,71.7,12.3,0
2016-10-17,2016,10,86,62,71.4,14.6,0
2016-10-18,2016,10,87,65,71.1,15.9,0
2016-10-19,2016,10,91,61,70.7,20.3,0
2016-10-20,2016,10,82,56,70.4,11.6,0.35
2016-10-21,2016,10,64,48,70.1,-6.09999999999999,0.01
2016-10-22,2016,10,67,42,69.8,-2.8,0
2016-10-23,2016,10,77,40,69.4,7.59999999999999,0
2016-10-24,2016,10,80,52,69.1,10.9,0
2016-10-25,2016,10,76,49,68.8,7.2,0
2016-10-26,2016,10,83,46,68.4,14.6,0
2016-10-27,2016,10,81,55,68.1,12.9,0
2016-10-28,2016,10,82,50,67.8,14.2,0
2016-10-29,2016,10,86,52,67.4,18.6,0
2016-10-30,2016,10,85,56,67,18,0
2016-10-31,2016,10,85,60,66.7,18.3,0
2016-11-01,2016,11,88,59,66.3,21.7,0
2016-11-02,2016,11,85,61,65.9,19.1,0
2016-11-03,2016,11,83,63,65.6,17.4,0
2016-11-04,2016,11,73,49,65.2,7.8,0
2016-11-05,2016,11,73,42,64.8,8.2,0
2016-11-06,2016,11,74,45,64.4,9.59999999999999,0
2016-11-07,2016,11,78,45,64,14,0
2016-11-08,2016,11,69,54,63.6,5.4,0.01
2016-11-09,2016,11,62,47,63.1,-1.1,0
2016-11-10,2016,11,67,36,62.7,4.3,0
2016-11-11,2016,11,66,36,62.3,3.7,0
2016-11-12,2016,11,62,41,61.9,0.100000000000001,0
2016-11-13,2016,11,65,33,61.4,3.6,0
2016-11-14,2016,11,68,36,61,7,0
2016-11-15,2016,11,70,37,60.6,9.4,0
2016-11-16,2016,11,77,40,60.1,16.9,0
2016-11-17,2016,11,81,45,59.7,21.3,0
2016-11-18,2016,11,79,51,59.2,19.8,0.02
2016-11-19,2016,11,61,39,58.8,2.2,0.11
2016-11-20,2016,11,50,30,58.4,-8.4,0
2016-11-21,2016,11,52,26,57.9,-5.9,0
2016-11-22,2016,11,59,30,57.5,1.5,0
2016-11-23,2016,11,71,50,57.1,13.9,0.01
2016-11-24,2016,11,59,50,56.6,2.4,0
2016-11-25,2016,11,53,44,56.2,-3.2,0
2016-11-26,2016,11,51,31,55.8,-4.8,0
2016-11-27,2016,11,55,26,55.4,-0.399999999999999,0
2016-11-28,2016,11,62,53,54.9,7.1,1.12
2016-11-29,2016,11,72,46,54.5,17.5,0.4
2016-11-30,2016,11,63,44,54.1,8.9,0.2
2016-12-01,2016,12,53,35,53.8,-0.799999999999997,0
2016-12-02,2016,12,59,30,53.4,5.6,0
2016-12-03,2016,12,45,37,53,-8,0.16
2016-12-04,2016,12,48,40,52.6,-4.6,0.26
2016-12-05,2016,12,48,42,52.3,-4.3,0.02
2016-12-06,2016,12,57,41,51.9,5.1,0.6
2016-12-07,2016,12,50,36,51.6,-1.6,0
2016-12-08,2016,12,41,26,51.3,-10.3,0
2016-12-09,2016,12,38,24,51,-13,0
2016-12-10,2016,12,41,19,50.7,-9.7,0
2016-12-11,2016,12,57,24,50.4,6.6,0.12
2016-12-12,2016,12,52,38,50.1,1.9,0.85
2016-12-13,2016,12,45,38,49.8,-4.8,0.11
2016-12-14,2016,12,41,29,49.6,-8.6,0
2016-12-15,2016,12,30,21,49.3,-19.3,0
2016-12-16,2016,12,55,20,49.1,5.9,0
2016-12-17,2016,12,73,42,48.8,24.2,0.37
2016-12-18,2016,12,42,21,48.6,-6.6,1.06
2016-12-19,2016,12,31,20,48.4,-17.4,0
2016-12-20,2016,12,42,17,48.2,-6.2,0
2016-12-21,2016,12,57,24,48,9,0
2016-12-22,2016,12,53,36,47.9,5.1,0
2016-12-23,2016,12,62,34,47.7,14.3,0
2016-12-24,2016,12,62,53,47.6,14.4,2.08
2016-12-25,2016,12,76,54,47.4,28.6,0.09
2016-12-26,2016,12,74,63,47.3,26.7,0
2016-12-27,2016,12,68,35,47.2,20.8,0.83
2016-12-28,2016,12,63,31,47.1,15.9,0.13
2016-12-29,2016,12,54,41,47,7,0
2016-12-30,2016,12,51,32,46.9,4.1,0
2016-12-31,2016,12,48,35,46.8,1.2,0.26
2017-01-01,2017,1,55,46,46.7,8.3,0
2017-01-02,2017,1,65,54,46.6,18.4,0.66
2017-01-03,2017,1,66,43,46.6,19.4,0.22
2017-01-04,2017,1,43,26,46.5,-3.5,0
2017-01-05,2017,1,33,24,46.5,-13.5,0.01
2017-01-06,2017,1,25,16,46.5,-21.5,0.05
2017-01-07,2017,1,23,11,46.4,-23.4,0
2017-01-08,2017,1,31,8,46.4,-15.4,0
2017-01-09,2017,1,45,22,46.4,-1.4,0
2017-01-10,2017,1,58,45,46.4,11.6,0
2017-01-11,2017,1,69,55,46.4,22.6,0.29
2017-01-12,2017,1,71,50,46.4,24.6,0
2017-01-13,2017,1,49,44,46.5,2.5,0.02
2017-01-14,2017,1,70,46,46.5,23.5,0
2017-01-15,2017,1,58,45,46.5,11.5,0.03
2017-01-16,2017,1,72,48,46.6,25.4,0.06
2017-01-17,2017,1,66,51,46.6,19.4,0.63
2017-01-18,2017,1,51,45,46.7,4.3,0
2017-01-19,2017,1,60,47,46.8,13.2,1.26
2017-01-20,2017,1,69,54,46.8,22.2,0
2017-01-21,2017,1,70,53,46.9,23.1,0
2017-01-22,2017,1,67,53,47,20,0.06
2017-01-23,2017,1,56,42,47.1,8.9,0
2017-01-24,2017,1,56,41,47.3,8.7,0
2017-01-25,2017,1,60,40,47.4,12.6,0
2017-01-26,2017,1,52,37,47.5,4.5,0
2017-01-27,2017,1,46,34,47.6,-1.6,0
2017-01-28,2017,1,54,27,47.8,6.2,0
2017-01-29,2017,1,41,34,48,-7,0.05
2017-01-30,2017,1,54,30,48.1,5.9,0
2017-01-31,2017,1,70,41,48.3,21.7,0
2017-02-01,2017,2,61,34,48.5,12.5,0
2017-02-02,2017,2,49,36,48.7,0.299999999999997,0
2017-02-03,2017,2,44,25,48.9,-4.9,0
2017-02-04,2017,2,49,20,49.1,-0.100000000000001,0
2017-02-05,2017,2,60,41,49.3,10.7,0
2017-02-06,2017,2,62,38,49.5,12.5,0.28
2017-02-07,2017,2,64,56,49.7,14.3,0.39
2017-02-08,2017,2,69,37,50,19,0
2017-02-09,2017,2,40,28,50.2,-10.2,0
2017-02-10,2017,2,65,23,50.4,14.6,0
2017-02-11,2017,2,70,59,50.7,19.3,0
2017-02-12,2017,2,72,44,51,21,0
2017-02-13,2017,2,57,33,51.2,5.8,0
2017-02-14,2017,2,46,34,51.5,-5.5,0.32
2017-02-15,2017,2,51,33,51.8,-0.799999999999997,0.32
2017-02-16,2017,2,60,27,52.1,7.9,0
2017-02-17,2017,2,71,38,52.3,18.7,0
2017-02-18,2017,2,57,49,52.6,4.4,0.06
2017-02-19,2017,2,70,45,52.9,17.1,0
2017-02-20,2017,2,77,46,53.2,23.8,0
2017-02-21,2017,2,71,56,53.5,17.5,0.03
2017-02-22,2017,2,71,55,53.8,17.2,0.02
2017-02-23,2017,2,75,52,54.1,20.9,0
2017-02-24,2017,2,81,62,54.5,26.5,0
2017-02-25,2017,2,62,34,54.8,7.2,0
2017-02-26,2017,2,57,27,55.1,1.9,0
2017-02-27,2017,2,63,45,55.4,7.6,0.01
2017-02-28,2017,2,69,51,55.7,13.3,0.13
2017-03-01,2017,3,72,44,56.1,15.9,0.8
2017-03-02,2017,3,55,37,56.4,-1.4,0
2017-03-03,2017,3,51,32,56.7,-5.7,0
2017-03-04,2017,3,69,28,57,12,0
2017-03-05,2017,3,69,42,57.4,11.6,0
2017-03-06,2017,3,70,56,57.7,12.3,0
2017-03-07,2017,3,67,48,58,9,0.78
2017-03-08,2017,3,70,36,58.4,11.6,0
2017-03-09,2017,3,77,37,58.7,18.3,0.84
2017-03-10,2017,3,57,39,59,-2,0.02
2017-03-11,2017,3,40,30,59.3,-19.3,0.16
2017-03-12,2017,3,52,31,59.7,-7.7,0
2017-03-13,2017,3,48,27,60,-12,0.07
2017-03-14,2017,3,40,28,60.3,-20.3,0.01
2017-03-15,2017,3,41,23,60.7,-19.7,0
2017-03-16,2017,3,51,21,61,-10,0
2017-03-17,2017,3,64,43,61.3,2.7,0.34
2017-03-18,2017,3,67,39,61.7,5.3,0.15
2017-03-19,2017,3,61,34,62,-1,0
2017-03-20,2017,3,84,44,62.3,21.7,0.18
2017-03-21,2017,3,79,55,62.7,16.3,0.18
2017-03-22,2017,3,59,43,63,-4,0
2017-03-23,2017,3,72,38,63.3,8.7,0
2017-03-24,2017,3,75,59,63.7,11.3,0
2017-03-25,2017,3,76,58,64,12,0.15
2017-03-26,2017,3,75,57,64.3,10.7,0.04
2017-03-27,2017,3,78,57,64.6,13.4,0.15
2017-03-28,2017,3,74,55,65,9,0
2017-03-29,2017,3,82,50,65.3,16.7,0
2017-03-30,2017,3,80,55,65.6,14.4,0.14
2017-03-31,2017,3,64,52,65.9,-1.90000000000001,0.01
2017-04-01,2017,4,60,47,66.2,-6.2,0
2017-04-02,2017,4,82,43,66.6,15.4,0
2017-04-03,2017,4,74,60,66.9,7.09999999999999,0.23
2017-04-04,2017,4,81,56,67.2,13.8,0
2017-04-05,2017,4,84,49,67.5,16.5,0
2017-04-06,2017,4,60,43,67.8,-7.8,0.01
2017-04-07,2017,4,64,43,68.1,-4.09999999999999,0
2017-04-08,2017,4,72,37,68.4,3.59999999999999,0
2017-04-09,2017,4,81,45,68.7,12.3,0
2017-04-10,2017,4,81,58,69,12,0
2017-04-11,2017,4,81,57,69.3,11.7,0.2
2017-04-12,2017,4,79,54,69.6,9.40000000000001,0
2017-04-13,2017,4,86,48,69.9,16.1,0
2017-04-14,2017,4,89,54,70.2,18.8,0
2017-04-15,2017,4,86,60,70.5,15.5,0
2017-04-16,2017,4,85,66,70.8,14.2,0.14
2017-04-17,2017,4,79,63,71,8,0.38
2017-04-18,2017,4,78,63,71.3,6.7,1.4
2017-04-19,2017,4,83,61,71.6,11.4,0
2017-04-20,2017,4,85,61,71.8,13.2,0.08
2017-04-21,2017,4,74,59,72.1,1.90000000000001,0.76
2017-04-22,2017,4,60,52,72.4,-12.4,2.67
2017-04-23,2017,4,53,50,72.6,-19.6,1.04
2017-04-24,2017,4,70,53,72.9,-2.90000000000001,0
2017-04-25,2017,4,77,50,73.1,3.90000000000001,0
2017-04-26,2017,4,83,55,73.4,9.59999999999999,0
2017-04-27,2017,4,74,54,73.6,0.400000000000006,0.27
2017-04-28,2017,4,84,52,73.9,10.1,0.01
2017-04-29,2017,4,91,73,74.1,16.9,0
2017-04-30,2017,4,84,67,74.3,9.7,0.21
2017-05-01,2017,5,69,55,74.6,-5.59999999999999,0.13
2017-05-02,2017,5,79,48,74.8,4.2,0
2017-05-03,2017,5,79,54,75,4,0
2017-05-04,2017,5,65,54,75.3,-10.3,0.7
2017-05-05,2017,5,54,47,75.5,-21.5,0.11
2017-05-06,2017,5,71,43,75.7,-4.7,0
2017-05-07,2017,5,73,42,76,-3,0
2017-05-08,2017,5,82,49,76.2,5.8,0
2017-05-09,2017,5,85,63,76.4,8.59999999999999,0
2017-05-10,2017,5,85,62,76.7,8.3,0
2017-05-11,2017,5,84,65,76.9,7.09999999999999,0.47
2017-05-12,2017,5,73,61,77.1,-4.09999999999999,0.41
2017-05-13,2017,5,76,56,77.4,-1.40000000000001,0
2017-05-14,2017,5,85,52,77.6,7.40000000000001,0
2017-05-15,2017,5,87,57,77.9,9.09999999999999,0
2017-05-16,2017,5,89,60,78.1,10.9,0
2017-05-17,2017,5,89,68,78.4,10.6,0
2017-05-18,2017,5,89,71,78.6,10.4,0
2017-05-19,2017,5,91,70,78.9,12.1,0
2017-05-20,2017,5,91,68,79.1,11.9,1.04
2017-05-21,2017,5,84,67,79.4,4.59999999999999,0.02
2017-05-22,2017,5,76,60,79.6,-3.59999999999999,0
2017-05-23,2017,5,80,63,79.9,0.0999999999999943,0
2017-05-24,2017,5,67,56,80.2,-13.2,0.43
2017-05-25,2017,5,75,54,80.4,-5.40000000000001,0
2017-05-26,2017,5,88,54,80.7,7.3,0
2017-05-27,2017,5,83,65,81,2,0.32
2017-05-28,2017,5,81,64,81.3,-0.299999999999997,0.18
2017-05-29,2017,5,83,65,81.6,1.40000000000001,0
2017-05-30,2017,5,85,64,81.8,3.2,0.13
2017-05-31,2017,5,87,60,82.1,4.90000000000001,0
2017-06-01,2017,6,88,63,82.4,5.59999999999999,0
2017-06-02,2017,6,88,64,82.7,5.3,0
2017-06-03,2017,6,89,67,83,6,0
2017-06-04,2017,6,84,68,83.2,0.799999999999997,0.36
2017-06-05,2017,6,76,69,83.5,-7.5,0.28
2017-06-06,2017,6,83,63,83.8,-0.799999999999997,0.01
2017-06-07,2017,6,80,58,84.1,-4.09999999999999,0
2017-06-08,2017,6,77,56,84.4,-7.40000000000001,0
2017-06-09,2017,6,82,53,84.6,-2.59999999999999,0
2017-06-10,2017,6,87,59,84.9,2.09999999999999,0
2017-06-11,2017,6,91,64,85.2,5.8,0
2017-06-12,2017,6,92,72,85.4,6.59999999999999,0
2017-06-13,2017,6,93,71,85.7,7.3,0.01
2017-06-14,2017,6,94,71,85.9,8.09999999999999,0
2017-06-15,2017,6,88,68,86.1,1.90000000000001,0.93
2017-06-16,2017,6,88,69,86.4,1.59999999999999,0
2017-06-17,2017,6,91,68,86.6,4.40000000000001,0
2017-06-18,2017,6,90,70,86.8,3.2,1.3
2017-06-19,2017,6,87,65,87,0,0
2017-06-20,2017,6,90,63,87.2,2.8,0
2017-06-21,2017,6,88,64,87.4,0.599999999999994,0
2017-06-22,2017,6,83,72,87.6,-4.59999999999999,0.8
2017-06-23,2017,6,87,76,87.8,-0.799999999999997,0.28
2017-06-24,2017,6,86,69,87.9,-1.90000000000001,0
2017-06-25,2017,6,85,62,88.1,-3.09999999999999,0
2017-06-26,2017,6,83,61,88.2,-5.2,0
2017-06-27,2017,6,85,64,88.4,-3.40000000000001,0
2017-06-28,2017,6,88,59,88.5,-0.5,0
2017-06-29,2017,6,89,70,88.6,0.400000000000006,0
2017-06-30,2017,6,90,72,88.7,1.3,0.06
2017-07-01,2017,7,92,71,88.8,3.2,0.28
2017-07-02,2017,7,86,70,88.9,-2.90000000000001,0.06
2017-07-03,2017,7,88,70,89,-1,0.48
2017-07-04,2017,7,87,70,89,-2,0.01
2017-07-05,2017,7,82,71,89.1,-7.09999999999999,1.13
2017-07-06,2017,7,91,70,89.1,1.90000000000001,0.53
2017-07-07,2017,7,90,72,89.2,0.799999999999997,0
2017-07-08,2017,7,91,69,89.2,1.8,0
2017-07-09,2017,7,91,65,89.3,1.7,0
2017-07-10,2017,7,93,68,89.3,3.7,0
2017-07-11,2017,7,95,68,89.3,5.7,0
2017-07-12,2017,7,94,72,89.3,4.7,0
2017-07-13,2017,7,93,75,89.4,3.59999999999999,0
2017-07-14,2017,7,91,76,89.4,1.59999999999999,0.06
2017-07-15,2017,7,86,71,89.4,-3.40000000000001,1.55
2017-07-16,2017,7,91,71,89.4,1.59999999999999,0
2017-07-17,2017,7,92,67,89.4,2.59999999999999,0
2017-07-18,2017,7,94,69,89.4,4.59999999999999,0
2017-07-19,2017,7,96,74,89.4,6.59999999999999,0.02
2017-07-20,2017,7,97,73,89.4,7.59999999999999,0
2017-07-21,2017,7,98,74,89.4,8.59999999999999,0
2017-07-22,2017,7,98,76,89.4,8.59999999999999,0
2017-07-23,2017,7,96,73,89.4,6.59999999999999,0
2017-07-24,2017,7,94,70,89.4,4.59999999999999,0
2017-07-25,2017,7,96,76,89.4,6.59999999999999,0
2017-07-26,2017,7,96,75,89.4,6.59999999999999,0
2017-07-27,2017,7,92,77,89.4,2.59999999999999,0
2017-07-28,2017,7,88,75,89.4,-1.40000000000001,0.11
2017-07-29,2017,7,84,69,89.4,-5.40000000000001,0
2017-07-30,2017,7,88,63,89.5,-1.5,0
2017-07-31,2017,7,91,64,89.5,1.5,0
2017-08-01,2017,8,87,68,89.5,-2.5,0
2017-08-02,2017,8,88,70,89.5,-1.5,0.62
2017-08-03,2017,8,90,69,89.5,0.5,0
2017-08-04,2017,8,85,65,89.5,-4.5,0.68
2017-08-05,2017,8,83,58,89.5,-6.5,0
2017-08-06,2017,8,91,65,89.5,1.5,0.98
2017-08-07,2017,8,81,73,89.5,-8.5,0.73
2017-08-08,2017,8,85,69,89.5,-4.5,0
2017-08-09,2017,8,88,65,89.5,-1.5,0
2017-08-10,2017,8,90,72,89.5,0.5,0
2017-08-11,2017,8,90,72,89.5,0.5,0
2017-08-12,2017,8,88,71,89.5,-1.5,0
2017-08-13,2017,8,88,66,89.4,-1.40000000000001,0
2017-08-14,2017,8,81,72,89.4,-8.40000000000001,0.31
2017-08-15,2017,8,90,74,89.4,0.599999999999994,0
2017-08-16,2017,8,92,73,89.3,2.7,0.8
2017-08-17,2017,8,91,75,89.3,1.7,0.01
2017-08-18,2017,8,89,70,89.2,-0.200000000000003,0
2017-08-19,2017,8,93,67,89.1,3.90000000000001,0
2017-08-20,2017,8,96,72,89.1,6.90000000000001,0
2017-08-21,2017,8,95,70,89,6,0
2017-08-22,2017,8,92,72,88.9,3.09999999999999,0.76
2017-08-23,2017,8,84,68,88.7,-4.7,0
2017-08-24,2017,8,84,61,88.6,-4.59999999999999,0
2017-08-25,2017,8,84,61,88.5,-4.5,0
2017-08-26,2017,8,85,63,88.3,-3.3,0
2017-08-27,2017,8,91,60,88.2,2.8,0
2017-08-28,2017,8,76,67,88,-12,0.12
2017-08-29,2017,8,87,63,87.8,-0.799999999999997,0
2017-08-30,2017,8,85,67,87.6,-2.59999999999999,0.4
2017-08-31,2017,8,81,70,87.4,-6.40000000000001,2.91
2017-09-01,2017,9,73,58,87.1,-14.1,1.58
2017-09-02,2017,9,80,58,86.9,-6.90000000000001,0.03
2017-09-03,2017,9,86,54,86.6,-0.599999999999994,0
2017-09-04,2017,9,88,64,86.4,1.59999999999999,0
2017-09-05,2017,9,77,59,86.1,-9.09999999999999,0.35
2017-09-06,2017,9,74,53,85.8,-11.8,0
2017-09-07,2017,9,74,50,85.5,-11.5,0
2017-09-08,2017,9,79,50,85.2,-6.2,0
2017-09-09,2017,9,81,55,84.8,-3.8,0
2017-09-10,2017,9,80,55,84.5,-4.5,0
2017-09-11,2017,9,67,58,84.2,-17.2,0.49
2017-09-12,2017,9,65,58,83.8,-18.8,0.32
2017-09-13,2017,9,64,60,83.5,-19.5,0.09
2017-09-14,2017,9,83,63,83.1,-0.0999999999999943,0.04
2017-09-15,2017,9,86,61,82.7,3.3,0
2017-09-16,2017,9,88,63,82.4,5.59999999999999,0
2017-09-17,2017,9,90,64,82,8,0
2017-09-18,2017,9,89,66,81.6,7.40000000000001,0
2017-09-19,2017,9,85,67,81.2,3.8,0.6
2017-09-20,2017,9,92,67,80.9,11.1,0
2017-09-21,2017,9,92,69,80.5,11.5,0.08
2017-09-22,2017,9,92,67,80.1,11.9,0
2017-09-23,2017,9,92,68,79.7,12.3,0
2017-09-24,2017,9,91,68,79.3,11.7,0
2017-09-25,2017,9,91,66,78.9,12.1,0
2017-09-26,2017,9,91,66,78.6,12.4,0
2017-09-27,2017,9,92,64,78.2,13.8,0
2017-09-28,2017,9,82,63,77.8,4.2,0
2017-09-29,2017,9,81,56,77.4,3.59999999999999,0
2017-09-30,2017,9,77,53,77.1,-0.0999999999999943,0
2017-10-01,2017,10,83,51,76.7,6.3,0
2017-10-02,2017,10,81,56,76.4,4.59999999999999,0
2017-10-03,2017,10,86,63,76,10,0
2017-10-04,2017,10,84,58,75.7,8.3,0
2017-10-05,2017,10,84,57,75.3,8.7,0
2017-10-06,2017,10,85,57,75,10,0
2017-10-07,2017,10,85,62,74.6,10.4,0.01
2017-10-08,2017,10,77,72,74.3,2.7,0.31
2017-10-09,2017,10,84,70,74,10,0
2017-10-10,2017,10,84,74,73.6,10.4,0.31
2017-10-11,2017,10,75,58,73.3,1.7,0
2017-10-12,2017,10,65,51,73,-8,0
2017-10-13,2017,10,79,46,72.7,6.3,0
2017-10-14,2017,10,86,56,72.3,13.7,0
2017-10-15,2017,10,83,53,72,11,0.04
2017-10-16,2017,10,67,46,71.7,-4.7,0
2017-10-17,2017,10,70,42,71.4,-1.40000000000001,0
2017-10-18,2017,10,74,42,71.1,2.90000000000001,0
2017-10-19,2017,10,77,44,70.7,6.3,0
2017-10-20,2017,10,79,44,70.4,8.59999999999999,0
2017-10-21,2017,10,79,49,70.1,8.90000000000001,0
2017-10-22,2017,10,81,62,69.8,11.2,0.01
2017-10-23,2017,10,72,50,69.4,2.59999999999999,1.33
2017-10-24,2017,10,64,43,69.1,-5.09999999999999,0.01
2017-10-25,2017,10,59,42,68.8,-9.8,0
2017-10-26,2017,10,74,37,68.4,5.59999999999999,0
2017-10-27,2017,10,72,41,68.1,3.90000000000001,1.3
2017-10-28,2017,10,50,39,67.8,-17.8,0.16
2017-10-29,2017,10,48,31,67.4,-19.4,0
2017-10-30,2017,10,71,30,67,4,0
2017-10-31,2017,10,59,37,66.7,-7.7,0
2017-11-01,2017,11,66,49,66.3,-0.299999999999997,0.02
2017-11-02,2017,11,72,61,65.9,6.09999999999999,0
2017-11-03,2017,11,73,64,65.6,7.40000000000001,0.22
2017-11-04,2017,11,80,63,65.2,14.8,0
2017-11-05,2017,11,82,68,64.8,17.2,0
2017-11-06,2017,11,72,58,64.4,7.59999999999999,1.72
2017-11-07,2017,11,60,49,64,-4,1.76
2017-11-08,2017,11,57,47,63.6,-6.6,0
2017-11-09,2017,11,63,41,63.1,-0.100000000000001,0
2017-11-10,2017,11,52,36,62.7,-10.7,0
2017-11-11,2017,11,62,31,62.3,-0.299999999999997,0
2017-11-12,2017,11,57,48,61.9,-4.9,0
2017-11-13,2017,11,52,39,61.4,-9.4,0
2017-11-14,2017,11,60,37,61,-1,0
2017-11-15,2017,11,59,39,60.6,-1.6,0.12
2017-11-16,2017,11,60,39,60.1,-0.100000000000001,0
2017-11-17,2017,11,66,34,59.7,6.3,0
2017-11-18,2017,11,68,44,59.2,8.8,0.38
2017-11-19,2017,11,48,29,58.8,-10.8,0
2017-11-20,2017,11,55,25,58.4,-3.4,0
2017-11-21,2017,11,61,34,57.9,3.1,0
2017-11-22,2017,11,49,30,57.5,-8.5,0
2017-11-23,2017,11,55,24,57.1,-2.1,0
2017-11-24,2017,11,64,29,56.6,7.4,0
2017-11-25,2017,11,67,43,56.2,10.8,0
2017-11-26,2017,11,62,33,55.8,6.2,0
2017-11-27,2017,11,65,30,55.4,9.6,0
2017-11-28,2017,11,68,35,54.9,13.1,0
2017-11-29,2017,11,69,34,54.5,14.5,0
2017-11-30,2017,11,65,46,54.1,10.9,0.24
2017-12-01,2017,12,61,39,53.8,7.2,0
2017-12-02,2017,12,66,41,53.4,12.6,0
2017-12-03,2017,12,66,36,53,13,0
2017-12-04,2017,12,70,45,52.6,17.4,0
2017-12-05,2017,12,64,35,52.3,11.7,0.48
2017-12-06,2017,12,48,33,51.9,-3.9,0
2017-12-07,2017,12,46,29,51.6,-5.6,0
2017-12-08,2017,12,35,27,51.3,-16.3,0
2017-12-09,2017,12,39,20,51,-12,0
2017-12-10,2017,12,49,21,50.7,-1.7,0
2017-12-11,2017,12,60,29,50.4,9.6,0
2017-12-12,2017,12,49,26,50.1,-1.1,0
2017-12-13,2017,12,51,20,49.8,1.2,0
2017-12-14,2017,12,48,33,49.6,-1.6,0
2017-12-15,2017,12,42,28,49.3,-7.3,0
2017-12-16,2017,12,53,27,49.1,3.9,0
2017-12-17,2017,12,48,40,48.8,-0.799999999999997,0.14
2017-12-18,2017,12,55,40,48.6,6.4,0
2017-12-19,2017,12,58,40,48.4,9.6,0.51
2017-12-20,2017,12,54,48,48.2,5.8,0.91
2017-12-21,2017,12,57,47,48,9,0
2017-12-22,2017,12,60,54,47.9,12.1,1.06
2017-12-23,2017,12,69,40,47.7,21.3,1.45
2017-12-24,2017,12,43,29,47.6,-4.6,0.01
2017-12-25,2017,12,33,24,47.4,-14.4,0
2017-12-26,2017,12,42,29,47.3,-5.3,0
2017-12-27,2017,12,29,17,47.2,-18.2,0
2017-12-28,2017,12,36,14,47.1,-11.1,0
2017-12-29,2017,12,40,19,47,-7,0
2017-12-30,2017,12,38,19,46.9,-8.9,0
2017-12-31,2017,12,26,13,46.8,-20.8,0
2018-01-01,2018,1,23,6,46.7,-23.7,0
2018-01-02,2018,1,27,5,46.6,-19.6,0
2018-01-03,2018,1,37,16,46.6,-9.6,0
2018-01-04,2018,1,24,11,46.5,-22.5,0
2018-01-05,2018,1,31,15,46.5,-15.5,0
2018-01-06,2018,1,30,12,46.5,-16.5,0
2018-01-07,2018,1,46,17,46.4,-0.399999999999999,0
2018-01-08,2018,1,43,37,46.4,-3.4,0.34
2018-01-09,2018,1,49,40,46.4,2.6,0.01
2018-01-10,2018,1,66,41,46.4,19.6,0
2018-01-11,2018,1,69,56,46.4,22.6,0.1
2018-01-12,2018,1,62,23,46.4,15.6,0.32
2018-01-13,2018,1,26,16,46.5,-20.5,0
2018-01-14,2018,1,29,13,46.5,-17.5,0
2018-01-15,2018,1,48,23,46.5,1.5,0
2018-01-16,2018,1,26,5,46.6,-20.6,0.1
2018-01-17,2018,1,22,7,46.6,-24.6,0
2018-01-18,2018,1,37,8,46.7,-9.7,0
2018-01-19,2018,1,49,18,46.8,2.2,0
2018-01-20,2018,1,65,40,46.8,18.2,0
2018-01-21,2018,1,69,49,46.9,22.1,0
2018-01-22,2018,1,63,51,47,16,0.17
2018-01-23,2018,1,51,38,47.1,3.9,0
2018-01-24,2018,1,51,30,47.3,3.7,0
2018-01-25,2018,1,59,25,47.4,11.6,0
2018-01-26,2018,1,62,34,47.5,14.5,0
2018-01-27,2018,1,61,50,47.6,13.4,0.52
2018-01-28,2018,1,59,40,47.8,11.2,0.07
2018-01-29,2018,1,51,29,48,3,0
2018-01-30,2018,1,40,24,48.1,-8.1,0
2018-01-31,2018,1,59,27,48.3,10.7,0
2018-02-01,2018,2,54,27,48.5,5.5,0.22
2018-02-02,2018,2,32,19,48.7,-16.7,0
2018-02-03,2018,2,51,22,48.9,2.1,0.01
2018-02-04,2018,2,52,28,49.1,2.9,0.63
2018-02-05,2018,2,39,24,49.3,-10.3,0
2018-02-06,2018,2,43,36,49.5,-6.5,0.64
2018-02-07,2018,2,44,29,49.7,-5.7,0.99
2018-02-08,2018,2,47,22,50,-3,0
2018-02-09,2018,2,66,28,50.2,15.8,0.01
2018-02-10,2018,2,58,50,50.4,7.6,2.69
2018-02-11,2018,2,63,32,50.7,12.3,0.62
2018-02-12,2018,2,39,31,51,-12,0
2018-02-13,2018,2,60,38,51.2,8.8,0.01
2018-02-14,2018,2,64,55,51.5,12.5,0.37
2018-02-15,2018,2,77,63,51.8,25.2,0.01
2018-02-16,2018,2,70,42,52.1,17.9,0.12
2018-02-17,2018,2,48,41,52.3,-4.3,1.27
2018-02-18,2018,2,61,34,52.6,8.4,0
2018-02-19,2018,2,76,58,52.9,23.1,0
2018-02-20,2018,2,80,63,53.2,26.8,0
2018-02-21,2018,2,74,49,53.5,20.5,0.68
2018-02-22,2018,2,63,51,53.8,9.2,0.37
2018-02-23,2018,2,82,56,54.1,27.9,0
2018-02-24,2018,2,79,57,54.5,24.5,0.79
2018-02-25,2018,2,57,50,54.8,2.2,0.37
2018-02-26,2018,2,65,42,55.1,9.9,0.06
2018-02-27,2018,2,69,37,55.4,13.6,0
2018-02-28,2018,2,59,52,55.7,3.3,1.05
2018-03-01,2018,3,63,47,56.1,6.9,0.39
2018-03-02,2018,3,57,38,56.4,0.600000000000001,0
2018-03-03,2018,3,58,35,56.7,1.3,0
2018-03-04,2018,3,65,35,57,8,0
2018-03-05,2018,3,57,44,57.4,-0.399999999999999,0.12
2018-03-06,2018,3,66,43,57.7,8.3,0.02
2018-03-07,2018,3,43,33,58,-15,0
2018-03-08,2018,3,43,29,58.4,-15.4,0.02
2018-03-09,2018,3,62,26,58.7,3.3,0
2018-03-10,2018,3,67,46,59,8,0.03
2018-03-11,2018,3,54,36,59.3,-5.3,0.75
2018-03-12,2018,3,49,33,59.7,-10.7,0.11
2018-03-13,2018,3,52,32,60,-8,0
2018-03-14,2018,3,50,30,60.3,-10.3,0
2018-03-15,2018,3,72,41,60.7,11.3,0
2018-03-16,2018,3,73,41,61,12,0
2018-03-17,2018,3,80,49,61.3,18.7,0.13
2018-03-18,2018,3,62,46,61.7,0.299999999999997,0.01
2018-03-19,2018,3,69,50,62,7,0.03
2018-03-20,2018,3,56,34,62.3,-6.3,0.1
2018-03-21,2018,3,51,34,62.7,-11.7,0
2018-03-22,2018,3,57,30,63,-6,0
2018-03-23,2018,3,60,43,63.3,-3.3,0.07
2018-03-24,2018,3,64,45,63.7,0.299999999999997,0.91
2018-03-25,2018,3,51,45,64,-13,0
2018-03-26,2018,3,60,46,64.3,-4.3,0
2018-03-27,2018,3,72,51,64.6,7.40000000000001,0
2018-03-28,2018,3,72,61,65,7,1.55
2018-03-29,2018,3,63,53,65.3,-2.3,0.59
2018-03-30,2018,3,59,42,65.6,-6.59999999999999,0
2018-03-31,2018,3,70,35,65.9,4.09999999999999,0
2018-04-01,2018,4,68,51,66.2,1.8,0.08
2018-04-02,2018,4,62,45,66.6,-4.59999999999999,0
2018-04-03,2018,4,83,50,66.9,16.1,1.05
2018-04-04,2018,4,53,36,67.2,-14.2,0
2018-04-05,2018,4,58,33,67.5,-9.5,0
2018-04-06,2018,4,59,39,67.8,-8.8,0.15
2018-04-07,2018,4,45,31,68.1,-23.1,0
2018-04-08,2018,4,50,30,68.4,-18.4,0
2018-04-09,2018,4,62,43,68.7,-6.7,0
2018-04-10,2018,4,63,40,69,-6,0
2018-04-11,2018,4,68,33,69.3,-1.3,0
2018-04-12,2018,4,82,52,69.6,12.4,0
2018-04-13,2018,4,82,62,69.9,12.1,0
2018-04-14,2018,4,72,58,70.2,1.8,1.07
2018-04-15,2018,4,63,40,70.5,-7.5,0.56
2018-04-16,2018,4,44,34,70.8,-26.8,0.01
2018-04-17,2018,4,80,30,71,9,0
2018-04-18,2018,4,75,52,71.3,3.7,0.1
2018-04-19,2018,4,54,41,71.6,-17.6,0
2018-04-20,2018,4,68,34,71.8,-3.8,0
2018-04-21,2018,4,76,40,72.1,3.90000000000001,0
2018-04-22,2018,4,61,56,72.4,-11.4,2.09
2018-04-23,2018,4,70,57,72.6,-2.59999999999999,0.29
2018-04-24,2018,4,67,57,72.9,-5.90000000000001,0.03
2018-04-25,2018,4,71,56,73.1,-2.09999999999999,0
2018-04-26,2018,4,61,53,73.4,-12.4,0.13
2018-04-27,2018,4,75,45,73.6,1.40000000000001,0
2018-04-28,2018,4,73,47,73.9,-0.900000000000006,0
2018-04-29,2018,4,68,42,74.1,-6.09999999999999,0
2018-04-30,2018,4,80,37,74.3,5.7,0
2018-05-01,2018,5,84,48,74.6,9.40000000000001,0
2018-05-02,2018,5,86,60,74.8,11.2,0
2018-05-03,2018,5,87,65,75,12,0
2018-05-04,2018,5,78,69,75.3,2.7,0.04
2018-05-05,2018,5,71,57,75.5,-4.5,1.15
2018-05-06,2018,5,83,54,75.7,7.3,0.05
2018-05-07,2018,5,83,56,76,7,0
2018-05-08,2018,5,83,53,76.2,6.8,0
2018-05-09,2018,5,88,56,76.4,11.6,0
2018-05-10,2018,5,89,67,76.7,12.3,0.14
2018-05-11,2018,5,89,68,76.9,12.1,0
2018-05-12,2018,5,90,65,77.1,12.9,0
2018-05-13,2018,5,91,62,77.4,13.6,0
2018-05-14,2018,5,92,66,77.6,14.4,0
2018-05-15,2018,5,93,69,77.9,15.1,0
2018-05-16,2018,5,87,66,78.1,8.90000000000001,1.83
2018-05-17,2018,5,83,67,78.4,4.59999999999999,0.5
2018-05-18,2018,5,84,68,78.6,5.40000000000001,0.38
2018-05-19,2018,5,88,67,78.9,9.09999999999999,0.03
2018-05-20,2018,5,92,64,79.1,12.9,0.14
2018-05-21,2018,5,87,67,79.4,7.59999999999999,0
2018-05-22,2018,5,87,66,79.6,7.40000000000001,0.39
2018-05-23,2018,5,89,66,79.9,9.09999999999999,0
2018-05-24,2018,5,90,67,80.2,9.8,0
2018-05-25,2018,5,91,66,80.4,10.6,0
2018-05-26,2018,5,84,67,80.7,3.3,0.22
2018-05-27,2018,5,90,68,81,9,0
2018-05-28,2018,5,85,71,81.3,3.7,0.12
2018-05-29,2018,5,81,71,81.6,-0.599999999999994,0.35
2018-05-30,2018,5,88,71,81.8,6.2,0.09
2018-05-31,2018,5,90,72,82.1,7.90000000000001,0
2018-06-01,2018,6,86,69,82.4,3.59999999999999,0.73
2018-06-02,2018,6,92,69,82.7,9.3,0
2018-06-03,2018,6,87,64,83,4,0
2018-06-04,2018,6,84,60,83.2,0.799999999999997,0
2018-06-05,2018,6,85,62,83.5,1.5,0
2018-06-06,2018,6,90,60,83.8,6.2,0
2018-06-07,2018,6,91,67,84.1,6.90000000000001,0
2018-06-08,2018,6,93,67,84.4,8.59999999999999,0
2018-06-09,2018,6,94,69,84.6,9.40000000000001,0
2018-06-10,2018,6,88,68,84.9,3.09999999999999,1.51
2018-06-11,2018,6,92,69,85.2,6.8,0
2018-06-12,2018,6,91,71,85.4,5.59999999999999,0
2018-06-13,2018,6,85,72,85.7,-0.700000000000003,0
2018-06-14,2018,6,93,70,85.9,7.09999999999999,0
2018-06-15,2018,6,94,72,86.1,7.90000000000001,0
2018-06-16,2018,6,96,70,86.4,9.59999999999999,0
2018-06-17,2018,6,96,73,86.6,9.40000000000001,0.35
2018-06-18,2018,6,93,71,86.8,6.2,0.22
2018-06-19,2018,6,92,73,87,5,0
2018-06-20,2018,6,87,74,87.2,-0.200000000000003,0
2018-06-21,2018,6,86,71,87.4,-1.40000000000001,0.19
2018-06-22,2018,6,85,68,87.6,-2.59999999999999,0.04
2018-06-23,2018,6,85,68,87.8,-2.8,0
2018-06-24,2018,6,92,73,87.9,4.09999999999999,0.09
2018-06-25,2018,6,93,73,88.1,4.90000000000001,0
2018-06-26,2018,6,94,70,88.2,5.8,0.12
2018-06-27,2018,6,93,71,88.4,4.59999999999999,0.36
2018-06-28,2018,6,84,72,88.5,-4.5,0.21
2018-06-29,2018,6,91,70,88.6,2.40000000000001,0
2018-06-30,2018,6,94,72,88.7,5.3,0
2018-07-01,2018,7,94,75,88.8,5.2,0
2018-07-02,2018,7,93,75,88.9,4.09999999999999,0.06
2018-07-03,2018,7,95,76,89,6,0
2018-07-04,2018,7,99,75,89,10,0
2018-07-05,2018,7,98,77,89.1,8.90000000000001,0.02
2018-07-06,2018,7,91,73,89.1,1.90000000000001,0.42
2018-07-07,2018,7,87,72,89.2,-2.2,0
2018-07-08,2018,7,88,72,89.2,-1.2,0
2018-07-09,2018,7,92,72,89.3,2.7,0
2018-07-10,2018,7,91,73,89.3,1.7,0.19
2018-07-11,2018,7,96,73,89.3,6.7,0
2018-07-12,2018,7,94,74,89.3,4.7,0
2018-07-13,2018,7,94,70,89.4,4.59999999999999,0
2018-07-14,2018,7,96,71,89.4,6.59999999999999,0
2018-07-15,2018,7,83,73,89.4,-6.40000000000001,0.94
2018-07-16,2018,7,93,73,89.4,3.59999999999999,0.48
2018-07-17,2018,7,94,76,89.4,4.59999999999999,0.01
2018-07-18,2018,7,92,74,89.4,2.59999999999999,0
2018-07-19,2018,7,94,69,89.4,4.59999999999999,0
2018-07-20,2018,7,94,75,89.4,4.59999999999999,0
2018-07-21,2018,7,91,68,89.4,1.59999999999999,0
2018-07-22,2018,7,81,71,89.4,-8.40000000000001,0.01
2018-07-23,2018,7,87,69,89.4,-2.40000000000001,0
2018-07-24,2018,7,87,66,89.4,-2.40000000000001,0
2018-07-25,2018,7,92,69,89.4,2.59999999999999,0
2018-07-26,2018,7,93,67,89.4,3.59999999999999,0
2018-07-27,2018,7,92,68,89.4,2.59999999999999,0
2018-07-28,2018,7,89,66,89.4,-0.400000000000006,0
2018-07-29,2018,7,92,64,89.4,2.59999999999999,0
2018-07-30,2018,7,94,70,89.5,4.5,0
2018-07-31,2018,7,88,73,89.5,-1.5,0
2018-08-01,2018,8,85,69,89.5,-4.5,0.6
2018-08-02,2018,8,88,70,89.5,-1.5,0
2018-08-03,2018,8,92,68,89.5,2.5,0
2018-08-04,2018,8,95,66,89.5,5.5,0
2018-08-05,2018,8,92,73,89.5,2.5,0.69
2018-08-06,2018,8,96,73,89.5,6.5,0
2018-08-07,2018,8,95,72,89.5,5.5,0
2018-08-08,2018,8,90,71,89.5,0.5,0.32
2018-08-09,2018,8,88,71,89.5,-1.5,0.46
2018-08-10,2018,8,84,70,89.5,-5.5,0.08
2018-08-11,2018,8,93,66,89.5,3.5,0
2018-08-12,2018,8,91,70,89.5,1.5,0
2018-08-13,2018,8,91,66,89.4,1.59999999999999,0
2018-08-14,2018,8,92,65,89.4,2.59999999999999,0
2018-08-15,2018,8,95,73,89.4,5.59999999999999,0
2018-08-16,2018,8,87,74,89.3,-2.3,0.06
2018-08-17,2018,8,89,73,89.3,-0.299999999999997,1.11
2018-08-18,2018,8,88,72,89.2,-1.2,0.88
2018-08-19,2018,8,89,72,89.1,-0.0999999999999943,0
2018-08-20,2018,8,86,74,89.1,-3.09999999999999,0.38
2018-08-21,2018,8,82,72,89,-7,0
2018-08-22,2018,8,85,66,88.9,-3.90000000000001,0
2018-08-23,2018,8,83,61,88.7,-5.7,0
2018-08-24,2018,8,86,60,88.6,-2.59999999999999,0
2018-08-25,2018,8,91,71,88.5,2.5,0
2018-08-26,2018,8,93,74,88.3,4.7,0
2018-08-27,2018,8,94,72,88.2,5.8,0
2018-08-28,2018,8,95,72,88,7,0
2018-08-29,2018,8,94,74,87.8,6.2,0.23
2018-08-30,2018,8,92,72,87.6,4.40000000000001,0
2018-08-31,2018,8,91,73,87.4,3.59999999999999,0.09
2018-09-01,2018,9,90,72,87.1,2.90000000000001,0.02
2018-09-02,2018,9,95,72,86.9,8.09999999999999,0
2018-09-03,2018,9,94,73,86.6,7.40000000000001,0
2018-09-04,2018,9,95,72,86.4,8.59999999999999,0
2018-09-05,2018,9,87,75,86.1,0.900000000000006,0
2018-09-06,2018,9,91,72,85.8,5.2,0.38
2018-09-07,2018,9,93,70,85.5,7.5,0.23
2018-09-08,2018,9,92,73,85.2,6.8,0.05
2018-09-09,2018,9,81,66,84.8,-3.8,0.99
2018-09-10,2018,9,69,63,84.5,-15.5,0
2018-09-11,2018,9,72,61,84.2,-12.2,0
2018-09-12,2018,9,87,64,83.8,3.2,0
2018-09-13,2018,9,93,69,83.5,9.5,0
2018-09-14,2018,9,94,73,83.1,10.9,0
2018-09-15,2018,9,94,73,82.7,11.3,0
2018-09-16,2018,9,86,73,82.4,3.59999999999999,0
2018-09-17,2018,9,88,73,82,6,0
2018-09-18,2018,9,95,69,81.6,13.4,0
2018-09-19,2018,9,96,69,81.2,14.8,0
2018-09-20,2018,9,97,71,80.9,16.1,0
2018-09-21,2018,9,91,73,80.5,10.5,0.19
2018-09-22,2018,9,83,68,80.1,2.90000000000001,0.78
2018-09-23,2018,9,75,69,79.7,-4.7,1.87
2018-09-24,2018,9,76,70,79.3,-3.3,0.86
2018-09-25,2018,9,84,72,78.9,5.09999999999999,0.09
2018-09-26,2018,9,76,66,78.6,-2.59999999999999,0.53
2018-09-27,2018,9,68,57,78.2,-10.2,0.91
2018-09-28,2018,9,78,55,77.8,0.200000000000003,0
2018-09-29,2018,9,81,58,77.4,3.59999999999999,0
2018-09-30,2018,9,88,59,77.1,10.9,0
2018-10-01,2018,10,83,67,76.7,6.3,0
2018-10-02,2018,10,83,69,76.4,6.59999999999999,0.39
2018-10-03,2018,10,89,66,76,13,0
2018-10-04,2018,10,91,68,75.7,15.3,0
2018-10-05,2018,10,92,69,75.3,16.7,0
2018-10-06,2018,10,90,69,75,15,0
2018-10-07,2018,10,89,68,74.6,14.4,0.14
2018-10-08,2018,10,88,67,74.3,13.7,0.07
2018-10-09,2018,10,85,70,74,11,0
2018-10-10,2018,10,85,72,73.6,11.4,0.36
2018-10-11,2018,10,74,51,73.3,0.700000000000003,0
2018-10-12,2018,10,67,46,73,-6,0
2018-10-13,2018,10,61,50,72.7,-11.7,0
2018-10-14,2018,10,69,53,72.3,-3.3,0.23
2018-10-15,2018,10,69,49,72,-3,1.03
2018-10-16,2018,10,55,47,71.7,-16.7,0.05
2018-10-17,2018,10,70,45,71.4,-1.40000000000001,0
2018-10-18,2018,10,65,46,71.1,-6.09999999999999,0
2018-10-19,2018,10,76,40,70.7,5.3,0.03
2018-10-20,2018,10,68,42,70.4,-2.40000000000001,0.16
2018-10-21,2018,10,58,35,70.1,-12.1,0
2018-10-22,2018,10,65,34,69.8,-4.8,0
2018-10-23,2018,10,72,41,69.4,2.59999999999999,0
2018-10-24,2018,10,66,40,69.1,-3.09999999999999,0
2018-10-25,2018,10,59,48,68.8,-9.8,0.26
2018-10-26,2018,10,57,51,68.4,-11.4,0.16
2018-10-27,2018,10,53,43,68.1,-15.1,0.01
2018-10-28,2018,10,77,42,67.8,9.2,0
2018-10-29,2018,10,67,39,67.4,-0.400000000000006,0
2018-10-30,2018,10,77,42,67,10,0
2018-10-31,2018,10,77,60,66.7,10.3,0
2018-11-01,2018,11,71,50,66.3,4.7,0.3
2018-11-02,2018,11,56,44,65.9,-9.90000000000001,0
2018-11-03,2018,11,64,38,65.6,-1.59999999999999,0
2018-11-04,2018,11,64,46,65.2,-1.2,0.18
2018-11-05,2018,11,72,52,64.8,7.2,1.33
2018-11-06,2018,11,71,50,64.4,6.59999999999999,0.13
2018-11-07,2018,11,57,45,64,-7,0.01
2018-11-08,2018,11,58,43,63.6,-5.6,0
2018-11-09,2018,11,52,37,63.1,-11.1,0.51
2018-11-10,2018,11,41,29,62.7,-21.7,0
2018-11-11,2018,11,53,25,62.3,-9.3,0
2018-11-12,2018,11,49,40,61.9,-12.9,0.52
2018-11-13,2018,11,44,34,61.4,-17.4,0.06
2018-11-14,2018,11,37,32,61,-24,0.97
2018-11-15,2018,11,37,29,60.6,-23.6,0
2018-11-16,2018,11,58,27,60.1,-2.1,0
2018-11-17,2018,11,65,30,59.7,5.3,0
2018-11-18,2018,11,65,39,59.2,5.8,0
2018-11-19,2018,11,60,45,58.8,1.2,0
2018-11-20,2018,11,47,35,58.4,-11.4,0
2018-11-21,2018,11,54,28,57.9,-3.9,0
2018-11-22,2018,11,61,30,57.5,3.5,0
2018-11-23,2018,11,54,36,57.1,-3.1,0.2
2018-11-24,2018,11,65,45,56.6,8.4,0.01
2018-11-25,2018,11,63,41,56.2,6.8,0.01
2018-11-26,2018,11,48,33,55.8,-7.8,0
2018-11-27,2018,11,38,22,55.4,-17.4,0
2018-11-28,2018,11,40,20,54.9,-14.9,0
2018-11-29,2018,11,61,30,54.5,6.5,0.06
2018-11-30,2018,11,66,60,54.1,11.9,0.24
2018-12-01,2018,12,63,56,53.8,9.2,0.44
2018-12-02,2018,12,71,48,53.4,17.6,0
2018-12-03,2018,12,48,38,53,-5,0
2018-12-04,2018,12,42,37,52.6,-10.6,0
2018-12-05,2018,12,42,25,52.3,-10.3,0.03
2018-12-06,2018,12,47,24,51.9,-4.9,0
2018-12-07,2018,12,44,39,51.6,-7.6,0
2018-12-08,2018,12,40,34,51.3,-11.3,0.41
2018-12-09,2018,12,39,34,51,-12,0.58
2018-12-10,2018,12,45,26,50.7,-5.7,0
2018-12-11,2018,12,50,20,50.4,-0.399999999999999,0
2018-12-12,2018,12,55,35,50.1,4.9,0
2018-12-13,2018,12,63,45,49.8,13.2,0.02
2018-12-14,2018,12,56,51,49.6,6.4,0.17
2018-12-15,2018,12,56,43,49.3,6.7,0
2018-12-16,2018,12,59,45,49.1,9.9,0.02
2018-12-17,2018,12,61,32,48.8,12.2,0
2018-12-18,2018,12,54,30,48.6,5.4,0
2018-12-19,2018,12,60,30,48.4,11.6,0
2018-12-20,2018,12,49,47,48.2,0.799999999999997,0.64
2018-12-21,2018,12,47,38,48,-1,0.1
2018-12-22,2018,12,52,29,47.9,4.1,0
2018-12-23,2018,12,45,31,47.7,-2.7,0.13
2018-12-24,2018,12,49,27,47.6,1.4,0
2018-12-25,2018,12,53,33,47.4,5.6,0
2018-12-26,2018,12,56,37,47.3,8.7,0
2018-12-27,2018,12,62,48,47.2,14.8,0.59
2018-12-28,2018,12,63,39,47.1,15.9,0.1
2018-12-29,2018,12,46,33,47,-1,0
2018-12-30,2018,12,60,37,46.9,13.1,0.21
2018-12-31,2018,12,68,51,46.8,21.2,1.97
2019-01-01,2019,1,57,46,46.7,10.3,0
2019-01-02,2019,1,48,44,46.6,1.4,0.41
2019-01-03,2019,1,45,41,46.6,-1.6,0.06
2019-01-04,2019,1,59,41,46.5,12.5,0.33
2019-01-05,2019,1,60,36,46.5,13.5,0
2019-01-06,2019,1,65,36,46.5,18.5,0
2019-01-07,2019,1,65,44,46.4,18.6,0
2019-01-08,2019,1,71,45,46.4,24.6,0
2019-01-09,2019,1,48,30,46.4,1.6,0
2019-01-10,2019,1,37,24,46.4,-9.4,0
2019-01-11,2019,1,44,24,46.4,-2.4,0.08
2019-01-12,2019,1,50,37,46.4,3.6,0.3
2019-01-13,2019,1,47,37,46.5,0.5,0.03
2019-01-14,2019,1,38,35,46.5,-8.5,0
2019-01-15,2019,1,38,30,46.5,-8.5,0
2019-01-16,2019,1,47,27,46.6,0.399999999999999,0
2019-01-17,2019,1,49,39,46.6,2.4,0.42
2019-01-18,2019,1,49,43,46.7,2.3,0
2019-01-19,2019,1,61,30,46.8,14.2,1.88
2019-01-20,2019,1,30,22,46.8,-16.8,0
2019-01-21,2019,1,32,18,46.9,-14.9,0
2019-01-22,2019,1,56,25,47,9,0
2019-01-23,2019,1,56,33,47.1,8.9,1
2019-01-24,2019,1,42,29,47.3,-5.3,0
2019-01-25,2019,1,38,24,47.4,-9.4,0
2019-01-26,2019,1,49,28,47.5,1.5,0
2019-01-27,2019,1,55,33,47.6,7.4,0
2019-01-28,2019,1,58,29,47.8,10.2,0.03
2019-01-29,2019,1,34,21,48,-14,0
2019-01-30,2019,1,28,17,48.1,-20.1,0
2019-01-31,2019,1,43,16,48.3,-5.3,0
2019-02-01,2019,2,59,40,48.5,10.5,0
2019-02-02,2019,2,67,43,48.7,18.3,0
2019-02-03,2019,2,70,39,48.9,21.1,0
2019-02-04,2019,2,68,49,49.1,18.9,0
2019-02-05,2019,2,73,56,49.3,23.7,0
2019-02-06,2019,2,70,59,49.5,20.5,4
2019-02-07,2019,2,78,43,49.7,28.3,0.37
2019-02-08,2019,2,43,26,50,-7,0
2019-02-09,2019,2,43,22,50.2,-7.2,0
2019-02-10,2019,2,47,37,50.4,-3.4,0.84
2019-02-11,2019,2,60,47,50.7,9.3,0.11
2019-02-12,2019,2,62,40,51,11,0.86
2019-02-13,2019,2,54,34,51.2,2.8,0
2019-02-14,2019,2,60,36,51.5,8.5,0
2019-02-15,2019,2,57,36,51.8,5.2,0.59
2019-02-16,2019,2,44,33,52.1,-8.1,0.06
2019-02-17,2019,2,49,40,52.3,-3.3,1.49
2019-02-18,2019,2,43,32,52.6,-9.6,0
2019-02-19,2019,2,43,31,52.9,-9.9,0.78
2019-02-20,2019,2,56,43,53.2,2.8,1.24
2019-02-21,2019,2,54,41,53.5,0.5,0.31
2019-02-22,2019,2,52,45,53.8,-1.8,0.85
2019-02-23,2019,2,68,51,54.1,13.9,1.97
2019-02-24,2019,2,67,39,54.5,12.5,0
2019-02-25,2019,2,53,33,54.8,-1.8,0
2019-02-26,2019,2,66,31,55.1,10.9,0
2019-02-27,2019,2,74,36,55.4,18.6,0
2019-02-28,2019,2,53,41,55.7,-2.7,0
2019-03-01,2019,3,44,40,56.1,-12.1,0.01
2019-03-02,2019,3,43,40,56.4,-13.4,0
2019-03-03,2019,3,43,30,56.7,-13.7,0.53
2019-03-04,2019,3,33,21,57,-24,0
2019-03-05,2019,3,39,19,57.4,-18.4,0
2019-03-06,2019,3,42,18,57.7,-15.7,0
2019-03-07,2019,3,47,27,58,-11,0
2019-03-08,2019,3,52,41,58.4,-6.4,0.45
2019-03-09,2019,3,67,50,58.7,8.3,1.91
2019-03-10,2019,3,68,52,59,9,0
2019-03-11,2019,3,63,46,59.3,3.7,0.01
2019-03-12,2019,3,63,40,59.7,3.3,0
2019-03-13,2019,3,77,51,60,17,0
2019-03-14,2019,3,75,60,60.3,14.7,0.03
2019-03-15,2019,3,60,39,60.7,-0.700000000000003,0
2019-03-16,2019,3,58,29,61,-3,0
2019-03-17,2019,3,64,29,61.3,2.7,0
2019-03-18,2019,3,55,37,61.7,-6.7,0
2019-03-19,2019,3,59,30,62,-3,0
2019-03-20,2019,3,67,31,62.3,4.7,0
2019-03-21,2019,3,62,43,62.7,-0.700000000000003,0
2019-03-22,2019,3,69,33,63,6,0
2019-03-23,2019,3,65,39,63.3,1.7,0
2019-03-24,2019,3,72,42,63.7,8.3,0
2019-03-25,2019,3,69,48,64,5,0.2
2019-03-26,2019,3,58,39,64.3,-6.3,0
2019-03-27,2019,3,68,31,64.6,3.40000000000001,0
2019-03-28,2019,3,74,46,65,9,0
2019-03-29,2019,3,72,52,65.3,6.7,0.01
2019-03-30,2019,3,74,41,65.6,8.40000000000001,0.44
2019-03-31,2019,3,52,35,65.9,-13.9,0
2019-04-01,2019,4,55,30,66.2,-11.2,0
2019-04-02,2019,4,64,41,66.6,-2.59999999999999,0
2019-04-03,2019,4,73,37,66.9,6.09999999999999,0
2019-04-04,2019,4,70,48,67.2,2.8,0.03
2019-04-05,2019,4,64,56,67.5,-3.5,0.37
2019-04-06,2019,4,79,51,67.8,11.2,0
2019-04-07,2019,4,75,62,68.1,6.90000000000001,0.92
2019-04-08,2019,4,67,62,68.4,-1.40000000000001,1.43
2019-04-09,2019,4,81,58,68.7,12.3,0
2019-04-10,2019,4,84,49,69,15,0
2019-04-11,2019,4,85,65,69.3,15.7,0
2019-04-12,2019,4,75,57,69.6,5.40000000000001,0.08
2019-04-13,2019,4,64,56,69.9,-5.90000000000001,0.86
2019-04-14,2019,4,76,43,70.2,5.8,0.72
2019-04-15,2019,4,67,38,70.5,-3.5,0
2019-04-16,2019,4,79,45,70.8,8.2,0
2019-04-17,2019,4,81,57,71,10,0
2019-04-18,2019,4,78,59,71.3,6.7,0.69
2019-04-19,2019,4,60,41,71.6,-11.6,0.74
2019-04-20,2019,4,50,39,71.8,-21.8,0.23
2019-04-21,2019,4,75,35,72.1,2.90000000000001,0
2019-04-22,2019,4,83,46,72.4,10.6,0
2019-04-23,2019,4,82,56,72.6,9.40000000000001,0
2019-04-24,2019,4,83,55,72.9,10.1,0
2019-04-25,2019,4,77,62,73.1,3.90000000000001,0.21
2019-04-26,2019,4,73,46,73.4,-0.400000000000006,0
2019-04-27,2019,4,77,43,73.6,3.40000000000001,0
2019-04-28,2019,4,70,54,73.9,-3.90000000000001,0
2019-04-29,2019,4,86,52,74.1,11.9,0
2019-04-30,2019,4,87,61,74.3,12.7,0
2019-05-01,2019,5,86,64,74.6,11.4,0.02
2019-05-02,2019,5,85,63,74.8,10.2,0.07
2019-05-03,2019,5,77,64,75,2,0.22
2019-05-04,2019,5,74,64,75.3,-1.3,0.29
2019-05-05,2019,5,69,54,75.5,-6.5,0.09
2019-05-06,2019,5,80,50,75.7,4.3,0
2019-05-07,2019,5,85,54,76,9,0
2019-05-08,2019,5,89,60,76.2,12.8,0
2019-05-09,2019,5,78,63,76.4,1.59999999999999,0.4
2019-05-10,2019,5,75,58,76.7,-1.7,0.02
2019-05-11,2019,5,70,58,76.9,-6.90000000000001,0.26
2019-05-12,2019,5,67,54,77.1,-10.1,0
2019-05-13,2019,5,67,48,77.4,-10.4,0
2019-05-14,2019,5,73,45,77.6,-4.59999999999999,0
2019-05-15,2019,5,69,49,77.9,-8.90000000000001,0.14
2019-05-16,2019,5,88,54,78.1,9.90000000000001,0
2019-05-17,2019,5,89,67,78.4,10.6,0
2019-05-18,2019,5,90,65,78.6,11.4,0
2019-05-19,2019,5,83,68,78.9,4.09999999999999,0.06
2019-05-20,2019,5,87,66,79.1,7.90000000000001,0
2019-05-21,2019,5,91,60,79.4,11.6,0
2019-05-22,2019,5,92,72,79.6,12.4,0
2019-05-23,2019,5,91,68,79.9,11.1,0
2019-05-24,2019,5,93,67,80.2,12.8,0.01
2019-05-25,2019,5,93,70,80.4,12.6,0
2019-05-26,2019,5,93,68,80.7,12.3,0
2019-05-27,2019,5,93,68,81,12,0
2019-05-28,2019,5,93,72,81.3,11.7,0
2019-05-29,2019,5,94,75,81.6,12.4,0
2019-05-30,2019,5,86,69,81.8,4.2,0.01
2019-05-31,2019,5,87,66,82.1,4.90000000000001,0
2019-06-01,2019,6,88,63,82.4,5.59999999999999,0
2019-06-02,2019,6,91,67,82.7,8.3,0
2019-06-03,2019,6,85,65,83,2,0
2019-06-04,2019,6,87,60,83.2,3.8,0
2019-06-05,2019,6,94,73,83.5,10.5,0
2019-06-06,2019,6,79,72,83.8,-4.8,0.21
2019-06-07,2019,6,80,70,84.1,-4.09999999999999,1.92
2019-06-08,2019,6,84,71,84.4,-0.400000000000006,0.05
2019-06-09,2019,6,87,72,84.6,2.40000000000001,0.95
2019-06-10,2019,6,84,61,84.9,-0.900000000000006,0
2019-06-11,2019,6,77,56,85.2,-8.2,0
2019-06-12,2019,6,81,59,85.4,-4.40000000000001,0
2019-06-13,2019,6,78,57,85.7,-7.7,0
2019-06-14,2019,6,82,52,85.9,-3.90000000000001,0
2019-06-15,2019,6,89,68,86.1,2.90000000000001,0
2019-06-16,2019,6,92,72,86.4,5.59999999999999,0.43
2019-06-17,2019,6,90,71,86.6,3.40000000000001,0.28
2019-06-18,2019,6,86,70,86.8,-0.799999999999997,1.01
2019-06-19,2019,6,89,70,87,2,0.88
2019-06-20,2019,6,85,68,87.2,-2.2,0.03
2019-06-21,2019,6,91,66,87.4,3.59999999999999,0.06
2019-06-22,2019,6,91,67,87.6,3.40000000000001,0.15
2019-06-23,2019,6,93,67,87.8,5.2,0.14
2019-06-24,2019,6,85,70,87.9,-2.90000000000001,0.49
2019-06-25,2019,6,90,69,88.1,1.90000000000001,0
2019-06-26,2019,6,91,70,88.2,2.8,1.28
2019-06-27,2019,6,89,67,88.4,0.599999999999994,0.46
2019-06-28,2019,6,91,67,88.5,2.5,0
2019-06-29,2019,6,92,72,88.6,3.40000000000001,0
2019-06-30,2019,6,94,73,88.7,5.3,0
2019-07-01,2019,7,93,72,88.8,4.2,0
2019-07-02,2019,7,93,73,88.9,4.09999999999999,0
2019-07-03,2019,7,92,73,89,3,0.23
2019-07-04,2019,7,91,71,89,2,0.26
2019-07-05,2019,7,91,72,89.1,1.90000000000001,0
2019-07-06,2019,7,93,71,89.1,3.90000000000001,0.09
2019-07-07,2019,7,93,75,89.2,3.8,0.38
2019-07-08,2019,7,94,74,89.2,4.8,0
2019-07-09,2019,7,96,74,89.3,6.7,0
2019-07-10,2019,7,93,74,89.3,3.7,0.01
2019-07-11,2019,7,95,75,89.3,5.7,0
2019-07-12,2019,7,93,75,89.3,3.7,0
2019-07-13,2019,7,95,76,89.4,5.59999999999999,0
2019-07-14,2019,7,87,73,89.4,-2.40000000000001,0
2019-07-15,2019,7,86,73,89.4,-3.40000000000001,0.03
2019-07-16,2019,7,92,74,89.4,2.59999999999999,0.01
2019-07-17,2019,7,90,76,89.4,0.599999999999994,0.01
2019-07-18,2019,7,91,74,89.4,1.59999999999999,0.04
2019-07-19,2019,7,96,73,89.4,6.59999999999999,0
2019-07-20,2019,7,97,77,89.4,7.59999999999999,0.39
2019-07-21,2019,7,90,72,89.4,0.599999999999994,0.06
2019-07-22,2019,7,90,70,89.4,0.599999999999994,2.63
2019-07-23,2019,7,83,68,89.4,-6.40000000000001,0.01
2019-07-24,2019,7,85,61,89.4,-4.40000000000001,0
2019-07-25,2019,7,86,60,89.4,-3.40000000000001,0
2019-07-26,2019,7,90,64,89.4,0.599999999999994,0
2019-07-27,2019,7,91,66,89.4,1.59999999999999,0
2019-07-28,2019,7,93,66,89.4,3.59999999999999,0
2019-07-29,2019,7,92,69,89.4,2.59999999999999,0
2019-07-30,2019,7,91,72,89.5,1.5,0.66
2019-07-31,2019,7,91,70,89.5,1.5,0
2019-08-01,2019,8,92,71,89.5,2.5,0
2019-08-02,2019,8,92,70,89.5,2.5,0.86
2019-08-03,2019,8,92,70,89.5,2.5,0.07
2019-08-04,2019,8,87,69,89.5,-2.5,0.56
2019-08-05,2019,8,91,68,89.5,1.5,0
2019-08-06,2019,8,92,68,89.5,2.5,0.6
2019-08-07,2019,8,91,67,89.5,1.5,0
2019-08-08,2019,8,90,73,89.5,0.5,0
2019-08-09,2019,8,92,77,89.5,2.5,0
2019-08-10,2019,8,93,74,89.5,3.5,0
2019-08-11,2019,8,94,69,89.5,4.5,0
2019-08-12,2019,8,95,69,89.5,5.5,0
2019-08-13,2019,8,97,74,89.4,7.59999999999999,1.47
2019-08-14,2019,8,92,72,89.4,2.59999999999999,0
2019-08-15,2019,8,91,68,89.4,1.59999999999999,0
2019-08-16,2019,8,91,64,89.3,1.7,0
2019-08-17,2019,8,93,70,89.3,3.7,0
2019-08-18,2019,8,96,70,89.2,6.8,0
2019-08-19,2019,8,96,74,89.1,6.90000000000001,0
2019-08-20,2019,8,96,73,89.1,6.90000000000001,0.02
2019-08-21,2019,8,96,72,89,7,0
2019-08-22,2019,8,90,73,88.9,1.09999999999999,0.16
2019-08-23,2019,8,90,72,88.7,1.3,0
2019-08-24,2019,8,86,70,88.6,-2.59999999999999,0
2019-08-25,2019,8,85,71,88.5,-3.5,0.76
2019-08-26,2019,8,77,70,88.3,-11.3,0.28
2019-08-27,2019,8,88,72,88.2,-0.200000000000003,0
2019-08-28,2019,8,88,64,88,0,0
2019-08-29,2019,8,86,58,87.8,-1.8,0
2019-08-30,2019,8,92,62,87.6,4.40000000000001,0
2019-08-31,2019,8,92,64,87.4,4.59999999999999,0
2019-09-01,2019,9,91,67,87.1,3.90000000000001,0
2019-09-02,2019,9,93,71,86.9,6.09999999999999,0
2019-09-03,2019,9,94,68,86.6,7.40000000000001,0
2019-09-04,2019,9,97,68,86.4,10.6,0
2019-09-05,2019,9,87,66,86.1,0.900000000000006,0
2019-09-06,2019,9,93,63,85.8,7.2,0
2019-09-07,2019,9,88,66,85.5,2.5,0
2019-09-08,2019,9,89,63,85.2,3.8,0
2019-09-09,2019,9,95,67,84.8,10.2,0
2019-09-10,2019,9,99,70,84.5,14.5,0.01
2019-09-11,2019,9,98,70,84.2,13.8,0
2019-09-12,2019,9,97,71,83.8,13.2,0
2019-09-13,2019,9,99,73,83.5,15.5,0
2019-09-14,2019,9,94,71,83.1,10.9,0
2019-09-15,2019,9,97,65,82.7,14.3,0
2019-09-16,2019,9,99,71,82.4,16.6,0
2019-09-17,2019,9,96,72,82,14,0
2019-09-18,2019,9,95,68,81.6,13.4,0
2019-09-19,2019,9,91,70,81.2,9.8,0
2019-09-20,2019,9,89,68,80.9,8.09999999999999,0
2019-09-21,2019,9,92,66,80.5,11.5,0
2019-09-22,2019,9,92,64,80.1,11.9,0
2019-09-23,2019,9,89,69,79.7,9.3,0.01
2019-09-24,2019,9,85,60,79.3,5.7,0
2019-09-25,2019,9,92,57,78.9,13.1,0
2019-09-26,2019,9,82,68,78.6,3.40000000000001,0
2019-09-27,2019,9,95,68,78.2,16.8,0
2019-09-28,2019,9,94,71,77.8,16.2,0
2019-09-29,2019,9,97,68,77.4,19.6,0
2019-09-30,2019,9,98,70,77.1,20.9,0
2019-10-01,2019,10,98,70,76.7,21.3,0
2019-10-02,2019,10,99,68,76.4,22.6,0
2019-10-03,2019,10,99,65,76,23,0
2019-10-04,2019,10,85,65,75.7,9.3,0
2019-10-05,2019,10,95,58,75.3,19.7,0
2019-10-06,2019,10,82,66,75,7,0.95
2019-10-07,2019,10,68,55,74.6,-6.59999999999999,1.24
2019-10-08,2019,10,77,55,74.3,2.7,0
2019-10-09,2019,10,83,53,74,9,0
2019-10-10,2019,10,83,62,73.6,9.40000000000001,0
2019-10-11,2019,10,86,48,73.3,12.7,0.3
2019-10-12,2019,10,64,42,73,-9,0
2019-10-13,2019,10,72,38,72.7,-0.700000000000003,0
2019-10-14,2019,10,76,44,72.3,3.7,0
2019-10-15,2019,10,79,52,72,7,0
2019-10-16,2019,10,68,45,71.7,-3.7,0.35
2019-10-17,2019,10,63,41,71.4,-8.40000000000001,0
2019-10-18,2019,10,72,40,71.1,0.900000000000006,0
2019-10-19,2019,10,68,45,70.7,-2.7,0.01
2019-10-20,2019,10,78,60,70.4,7.59999999999999,0
2019-10-21,2019,10,74,60,70.1,3.90000000000001,0.33
2019-10-22,2019,10,67,48,69.8,-2.8,0
2019-10-23,2019,10,70,40,69.4,0.599999999999994,0
2019-10-24,2019,10,73,42,69.1,3.90000000000001,0
2019-10-25,2019,10,61,48,68.8,-7.8,1
2019-10-26,2019,10,76,58,68.4,7.59999999999999,0.65
2019-10-27,2019,10,63,49,68.1,-5.09999999999999,0.02
2019-10-28,2019,10,65,46,67.8,-2.8,0
2019-10-29,2019,10,62,50,67.4,-5.40000000000001,0
2019-10-30,2019,10,72,57,67,5,0.66
2019-10-31,2019,10,69,33,66.7,2.3,0.95
2019-11-01,2019,11,53,30,66.3,-13.3,0
2019-11-02,2019,11,58,28,65.9,-7.90000000000001,0
2019-11-03,2019,11,60,31,65.6,-5.59999999999999,0
2019-11-04,2019,11,65,33,65.2,-0.200000000000003,0
2019-11-05,2019,11,64,41,64.8,-0.799999999999997,0
2019-11-06,2019,11,74,37,64.4,9.59999999999999,0
2019-11-07,2019,11,59,39,64,-5,0.73
2019-11-08,2019,11,44,28,63.6,-19.6,0
2019-11-09,2019,11,57,24,63.1,-6.1,0
2019-11-10,2019,11,69,38,62.7,6.3,0
2019-11-11,2019,11,64,29,62.3,1.7,0.34
2019-11-12,2019,11,29,18,61.9,-32.9,0.02
2019-11-13,2019,11,44,17,61.4,-17.4,0
2019-11-14,2019,11,55,28,61,-6,0
2019-11-15,2019,11,50,32,60.6,-10.6,0
2019-11-16,2019,11,57,28,60.1,-3.1,0
2019-11-17,2019,11,57,28,59.7,-2.7,0
2019-11-18,2019,11,53,37,59.2,-6.2,0
2019-11-19,2019,11,65,40,58.8,6.2,0
2019-11-20,2019,11,60,33,58.4,1.6,0
2019-11-21,2019,11,64,43,57.9,6.1,0
2019-11-22,2019,11,61,48,57.5,3.5,1.12
2019-11-23,2019,11,51,41,57.1,-6.1,0.37
2019-11-24,2019,11,55,34,56.6,-1.6,0
2019-11-25,2019,11,65,33,56.2,8.8,0
2019-11-26,2019,11,64,42,55.8,8.2,0.89
2019-11-27,2019,11,67,41,55.4,11.6,0.45
2019-11-28,2019,11,50,35,54.9,-4.9,0
2019-11-29,2019,11,54,44,54.5,-0.5,0
2019-11-30,2019,11,65,50,54.1,10.9,1.47
2019-12-01,2019,12,65,42,53.8,11.2,0
2019-12-02,2019,12,42,35,53.4,-11.4,0.02
2019-12-03,2019,12,47,34,53,-6,0
2019-12-04,2019,12,61,38,52.6,8.4,0
2019-12-05,2019,12,64,33,52.3,11.7,0
2019-12-06,2019,12,58,49,51.9,6.1,0.03
2019-12-07,2019,12,58,39,51.6,6.4,0
2019-12-08,2019,12,63,36,51.3,11.7,0
2019-12-09,2019,12,68,57,51,17,0.5
2019-12-10,2019,12,63,31,50.7,12.3,0.3
2019-12-11,2019,12,49,24,50.4,-1.4,0
2019-12-12,2019,12,56,25,50.1,5.9,0
2019-12-13,2019,12,50,45,49.8,0.200000000000003,0.04
2019-12-14,2019,12,53,44,49.6,3.4,0.01
2019-12-15,2019,12,61,40,49.3,11.7,0
2019-12-16,2019,12,64,45,49.1,14.9,1.41
2019-12-17,2019,12,45,31,48.8,-3.8,0.02
2019-12-18,2019,12,37,25,48.6,-11.6,0
2019-12-19,2019,12,49,23,48.4,0.600000000000001,0
2019-12-20,2019,12,53,26,48.2,4.8,0
2019-12-21,2019,12,55,38,48,7,0
2019-12-22,2019,12,51,42,47.9,3.1,0.09
2019-12-23,2019,12,69,46,47.7,21.3,0
2019-12-24,2019,12,70,39,47.6,22.4,0
2019-12-25,2019,12,69,38,47.4,21.6,0
2019-12-26,2019,12,64,47,47.3,16.7,0
2019-12-27,2019,12,65,49,47.2,17.8,0.01
2019-12-28,2019,12,73,49,47.1,25.9,0.04
2019-12-29,2019,12,67,54,47,20,2.53
2019-12-30,2019,12,54,43,46.9,7.1,0
2019-12-31,2019,12,51,38,46.8,4.2,0
2020-01-01,2020,1,52,33,46.7,5.3,0
2020-01-02,2020,1,54,46,46.6,7.4,1.23
2020-01-03,2020,1,59,52,46.6,12.4,0.39
2020-01-04,2020,1,55,35,46.5,8.5,0.03
2020-01-05,2020,1,56,29,46.5,9.5,0
2020-01-06,2020,1,55,32,46.5,8.5,0.08
2020-01-07,2020,1,54,36,46.4,7.6,0
2020-01-08,2020,1,60,34,46.4,13.6,0
2020-01-09,2020,1,62,37,46.4,15.6,0
2020-01-10,2020,1,68,59,46.4,21.6,0.07
2020-01-11,2020,1,71,46,46.4,24.6,1.51
2020-01-12,2020,1,53,38,46.4,6.6,0
2020-01-13,2020,1,57,37,46.5,10.5,0
2020-01-14,2020,1,63,52,46.5,16.5,0.63
2020-01-15,2020,1,70,55,46.5,23.5,0.03
2020-01-16,2020,1,55,35,46.6,8.4,0
2020-01-17,2020,1,53,34,46.6,6.4,0
2020-01-18,2020,1,57,39,46.7,10.3,0.22
2020-01-19,2020,1,40,23,46.8,-6.8,0
2020-01-20,2020,1,25,20,46.8,-21.8,0
2020-01-21,2020,1,37,24,46.9,-9.9,0
2020-01-22,2020,1,47,20,47,0,0
2020-01-23,2020,1,49,37,47.1,1.9,0.71
2020-01-24,2020,1,53,40,47.3,5.7,0.09
2020-01-25,2020,1,40,31,47.4,-7.4,0
2020-01-26,2020,1,50,30,47.5,2.5,0.02
2020-01-27,2020,1,59,37,47.6,11.4,0.05
2020-01-28,2020,1,47,33,47.8,-0.799999999999997,0
2020-01-29,2020,1,48,38,48,0,0
2020-01-30,2020,1,50,40,48.1,1.9,0
2020-01-31,2020,1,50,42,48.3,1.7,0.02
2020-02-01,2020,2,49,36,48.5,0.5,0.11
2020-02-02,2020,2,71,34,48.7,22.3,0
2020-02-03,2020,2,72,50,48.9,23.1,0
2020-02-04,2020,2,65,57,49.1,15.9,0.81
2020-02-05,2020,2,59,46,49.3,9.7,0.84
2020-02-06,2020,2,47,33,49.5,-2.5,0.2
2020-02-07,2020,2,36,29,49.7,-13.7,0.04
2020-02-08,2020,2,52,30,50,2,0
2020-02-09,2020,2,65,30,50.2,14.8,0.06
2020-02-10,2020,2,57,49,50.4,6.6,1.14
2020-02-11,2020,2,49,41,50.7,-1.7,0.54
2020-02-12,2020,2,59,40,51,8,1.41
2020-02-13,2020,2,51,26,51.2,-0.200000000000003,0.27
2020-02-14,2020,2,34,20,51.5,-17.5,0
2020-02-15,2020,2,54,17,51.8,2.2,0
2020-02-16,2020,2,61,43,52.1,8.9,0
2020-02-17,2020,2,69,40,52.3,16.7,0
2020-02-18,2020,2,60,42,52.6,7.4,0.33
2020-02-19,2020,2,54,37,52.9,1.1,0
2020-02-20,2020,2,43,30,53.2,-10.2,0.16
2020-02-21,2020,2,44,23,53.5,-9.5,0
2020-02-22,2020,2,54,21,53.8,0.200000000000003,0
2020-02-23,2020,2,58,34,54.1,3.9,0.01
2020-02-24,2020,2,54,44,54.5,-0.5,0.61
2020-02-25,2020,2,56,47,54.8,1.2,0.02
2020-02-26,2020,2,47,34,55.1,-8.1,0.02
2020-02-27,2020,2,48,32,55.4,-7.4,0
2020-02-28,2020,2,51,37,55.7,-4.7,0.12
2020-02-29,2020,2,51,31,55.9,-4.9,0
2020-03-01,2020,3,70,31,56.1,13.9,0.02
2020-03-02,2020,3,62,50,56.4,5.6,0.43
2020-03-03,2020,3,68,47,56.7,11.3,0.58
2020-03-04,2020,3,65,43,57,8,0
2020-03-05,2020,3,68,45,57.4,10.6,0
2020-03-06,2020,3,56,34,57.7,-1.7,0
2020-03-07,2020,3,56,30,58,-2,0
2020-03-08,2020,3,69,32,58.4,10.6,0
2020-03-09,2020,3,67,50,58.7,8.3,0
2020-03-10,2020,3,71,50,59,12,0.2
2020-03-11,2020,3,59,45,59.3,-0.299999999999997,0.03
2020-03-12,2020,3,74,50,59.7,14.3,0
2020-03-13,2020,3,67,51,60,7,0.07
2020-03-14,2020,3,54,44,60.3,-6.3,0.25
2020-03-15,2020,3,46,41,60.7,-14.7,0.01
2020-03-16,2020,3,54,42,61,-7,0.01
2020-03-17,2020,3,57,50,61.3,-4.3,1
2020-03-18,2020,3,70,49,61.7,8.3,0.62
2020-03-19,2020,3,79,63,62,17,0.01
2020-03-20,2020,3,73,48,62.3,10.7,0.79
2020-03-21,2020,3,52,40,62.7,-10.7,0
2020-03-22,2020,3,61,39,63,-2,0.14
2020-03-23,2020,3,61,48,63.3,-2.3,0.39
2020-03-24,2020,3,63,46,63.7,-0.700000000000003,0.97
2020-03-25,2020,3,61,47,64,-3,0
2020-03-26,2020,3,83,43,64.3,18.7,0
2020-03-27,2020,3,84,64,64.6,19.4,0
2020-03-28,2020,3,83,69,65,18,0.16
2020-03-29,2020,3,75,54,65.3,9.7,0.2
2020-03-30,2020,3,66,46,65.6,0.400000000000006,0
2020-03-31,2020,3,57,46,65.9,-8.90000000000001,0.64
2020-04-01,2020,4,60,39,66.2,-6.2,0
2020-04-02,2020,4,68,38,66.6,1.40000000000001,0
2020-04-03,2020,4,74,43,66.9,7.09999999999999,0
2020-04-04,2020,4,77,56,67.2,9.8,0
2020-04-05,2020,4,80,51,67.5,12.5,0
2020-04-06,2020,4,83,52,67.8,15.2,0
2020-04-07,2020,4,81,63,68.1,12.9,0
2020-04-08,2020,4,85,62,68.4,16.6,0.24
2020-04-09,2020,4,68,53,68.7,-0.700000000000003,0.03
2020-04-10,2020,4,58,38,69,-11,0
2020-04-11,2020,4,71,35,69.3,1.7,0
2020-04-12,2020,4,66,53,69.6,-3.59999999999999,2.23
2020-04-13,2020,4,66,43,69.9,-3.90000000000001,0.41
2020-04-14,2020,4,52,35,70.2,-18.2,0
2020-04-15,2020,4,62,30,70.5,-8.5,0
2020-04-16,2020,4,65,39,70.8,-5.8,0
2020-04-17,2020,4,77,43,71,6,0.2
2020-04-18,2020,4,58,41,71.3,-13.3,0.06
2020-04-19,2020,4,66,42,71.6,-5.59999999999999,0.27
2020-04-20,2020,4,73,48,71.8,1.2,0.04
2020-04-21,2020,4,74,48,72.1,1.90000000000001,0.1
2020-04-22,2020,4,71,41,72.4,-1.40000000000001,0.11
2020-04-23,2020,4,72,53,72.6,-0.599999999999994,0.61
2020-04-24,2020,4,72,56,72.9,-0.900000000000006,0
2020-04-25,2020,4,66,54,73.1,-7.09999999999999,0.39
2020-04-26,2020,4,55,42,73.4,-18.4,0
2020-04-27,2020,4,73,37,73.6,-0.599999999999994,0
2020-04-28,2020,4,80,51,73.9,6.09999999999999,0.03
2020-04-29,2020,4,71,56,74.1,-3.09999999999999,0.1
2020-04-30,2020,4,69,50,74.3,-5.3,0
2020-05-01,2020,5,79,43,74.6,4.40000000000001,0
2020-05-02,2020,5,85,54,74.8,10.2,0
2020-05-03,2020,5,85,61,75,10,0.41
2020-05-04,2020,5,80,61,75.3,4.7,0.37
2020-05-05,2020,5,73,51,75.5,-2.5,0.01
2020-05-06,2020,5,62,48,75.7,-13.7,0.02
2020-05-07,2020,5,72,44,76,-4,0
2020-05-08,2020,5,59,44,76.2,-17.2,0.3
2020-05-09,2020,5,64,35,76.4,-12.4,0
2020-05-10,2020,5,73,38,76.7,-3.7,0
2020-05-11,2020,5,66,40,76.9,-10.9,0
2020-05-12,2020,5,63,48,77.1,-14.1,0.06
2020-05-13,2020,5,70,53,77.4,-7.40000000000001,0.07
2020-05-14,2020,5,86,55,77.6,8.40000000000001,0
2020-05-15,2020,5,84,66,77.9,6.09999999999999,0
2020-05-16,2020,5,87,66,78.1,8.90000000000001,0
2020-05-17,2020,5,82,66,78.4,3.59999999999999,0.01
2020-05-18,2020,5,76,59,78.6,-2.59999999999999,0.02
2020-05-19,2020,5,73,56,78.9,-5.90000000000001,0.16
2020-05-20,2020,5,72,54,79.1,-7.09999999999999,0.03
2020-05-21,2020,5,76,58,79.4,-3.40000000000001,0.01
2020-05-22,2020,5,79,62,79.6,-0.599999999999994,0.27
2020-05-23,2020,5,87,62,79.9,7.09999999999999,0
2020-05-24,2020,5,88,68,80.2,7.8,0
2020-05-25,2020,5,91,66,80.4,10.6,0.14
2020-05-26,2020,5,84,67,80.7,3.3,0.09
2020-05-27,2020,5,77,66,81,-4,0.6
2020-05-28,2020,5,84,62,81.3,2.7,0.13
2020-05-29,2020,5,83,63,81.6,1.40000000000001,0
2020-05-30,2020,5,83,61,81.8,1.2,0
2020-05-31,2020,5,81,58,82.1,-1.09999999999999,0
2020-06-01,2020,6,85,53,82.4,2.59999999999999,0
2020-06-02,2020,6,91,64,82.7,8.3,0
2020-06-03,2020,6,91,68,83,8,0
2020-06-04,2020,6,87,70,83.2,3.8,0.62
2020-06-05,2020,6,91,71,83.5,7.5,0
2020-06-06,2020,6,94,71,83.8,10.2,0
2020-06-07,2020,6,95,70,84.1,10.9,0
2020-06-08,2020,6,90,71,84.4,5.59999999999999,0
2020-06-09,2020,6,90,76,84.6,5.40000000000001,0.06
2020-06-10,2020,6,94,68,84.9,9.09999999999999,0
2020-06-11,2020,6,86,63,85.2,0.799999999999997,0
2020-06-12,2020,6,89,59,85.4,3.59999999999999,0
2020-06-13,2020,6,91,60,85.7,5.3,0
2020-06-14,2020,6,83,61,85.9,-2.90000000000001,0
2020-06-15,2020,6,83,61,86.1,-3.09999999999999,0
2020-06-16,2020,6,83,60,86.4,-3.40000000000001,0
2020-06-17,2020,6,82,61,86.6,-4.59999999999999,0
2020-06-18,2020,6,87,63,86.8,0.200000000000003,0
2020-06-19,2020,6,92,65,87,5,0
2020-06-20,2020,6,95,67,87.2,7.8,0
2020-06-21,2020,6,80,69,87.4,-7.40000000000001,0.64
2020-06-22,2020,6,88,67,87.6,0.400000000000006,0.05
2020-06-23,2020,6,88,69,87.8,0.200000000000003,0.52
2020-06-24,2020,6,88,66,87.9,0.0999999999999943,0.01
2020-06-25,2020,6,88,67,88.1,-0.0999999999999943,0
2020-06-26,2020,6,88,66,88.2,-0.200000000000003,0
2020-06-27,2020,6,88,72,88.4,-0.400000000000006,0
2020-06-28,2020,6,94,73,88.5,5.5,0
2020-06-29,2020,6,94,72,88.6,5.40000000000001,0.01
2020-06-30,2020,6,83,71,88.7,-5.7,1.42
2020-07-01,2020,7,84,70,88.8,-4.8,0.07
2020-07-02,2020,7,93,69,88.9,4.09999999999999,0
2020-07-03,2020,7,94,73,89,5,0
2020-07-04,2020,7,96,70,89,7,0.41
2020-07-05,2020,7,93,73,89.1,3.90000000000001,0
2020-07-06,2020,7,92,73,89.1,2.90000000000001,0
2020-07-07,2020,7,94,74,89.2,4.8,0
2020-07-08,2020,7,95,73,89.2,5.8,0
2020-07-09,2020,7,94,72,89.3,4.7,0
2020-07-10,2020,7,95,74,89.3,5.7,0
2020-07-11,2020,7,93,69,89.3,3.7,0
2020-07-12,2020,7,89,67,89.3,-0.299999999999997,0.7
2020-07-13,2020,7,91,70,89.4,1.59999999999999,0
2020-07-14,2020,7,92,69,89.4,2.59999999999999,0
2020-07-15,2020,7,95,70,89.4,5.59999999999999,0
2020-07-16,2020,7,95,75,89.4,5.59999999999999,0
2020-07-17,2020,7,95,75,89.4,5.59999999999999,0
2020-07-18,2020,7,98,76,89.4,8.59999999999999,0
2020-07-19,2020,7,98,76,89.4,8.59999999999999,0
2020-07-20,2020,7,98,75,89.4,8.59999999999999,0
2020-07-21,2020,7,97,72,89.4,7.59999999999999,0.03
2020-07-22,2020,7,91,72,89.4,1.59999999999999,0.12
2020-07-23,2020,7,94,74,89.4,4.59999999999999,0.01
2020-07-24,2020,7,92,74,89.4,2.59999999999999,0
2020-07-25,2020,7,94,74,89.4,4.59999999999999,0.16
2020-07-26,2020,7,93,72,89.4,3.59999999999999,0.21
2020-07-27,2020,7,95,74,89.4,5.59999999999999,0.05
2020-07-28,2020,7,96,73,89.4,6.59999999999999,1.45
2020-07-29,2020,7,91,74,89.4,1.59999999999999,0
2020-07-30,2020,7,91,76,89.5,1.5,0.67
2020-07-31,2020,7,90,73,89.5,0.5,0.54
2020-08-01,2020,8,82,70,89.5,-7.5,0.33
2020-08-02,2020,8,86,66,89.5,-3.5,0
2020-08-03,2020,8,89,67,89.5,-0.5,0
2020-08-04,2020,8,84,70,89.5,-5.5,0
2020-08-05,2020,8,87,67,89.5,-2.5,0
2020-08-06,2020,8,89,68,89.5,-0.5,0
2020-08-07,2020,8,90,68,89.5,0.5,0
2020-08-08,2020,8,94,67,89.5,4.5,0
2020-08-09,2020,8,95,71,89.5,5.5,0.04
2020-08-10,2020,8,97,74,89.5,7.5,0
2020-08-11,2020,8,92,72,89.5,2.5,0
2020-08-12,2020,8,90,75,89.5,0.5,0.09
2020-08-13,2020,8,94,72,89.4,4.59999999999999,0.51
2020-08-14,2020,8,88,74,89.4,-1.40000000000001,0.03
2020-08-15,2020,8,90,72,89.4,0.599999999999994,0
2020-08-16,2020,8,91,70,89.3,1.7,0
2020-08-17,2020,8,91,66,89.3,1.7,0
2020-08-18,2020,8,91,68,89.2,1.8,0
2020-08-19,2020,8,85,68,89.1,-4.09999999999999,0
2020-08-20,2020,8,89,68,89.1,-0.0999999999999943,0
2020-08-21,2020,8,79,68,89,-10,1.54
2020-08-22,2020,8,85,69,88.9,-3.90000000000001,0.25
2020-08-23,2020,8,88,67,88.7,-0.700000000000003,0.03
2020-08-24,2020,8,92,69,88.6,3.40000000000001,0.41
2020-08-25,2020,8,93,73,88.5,4.5,0
2020-08-26,2020,8,89,73,88.3,0.700000000000003,0
2020-08-27,2020,8,90,73,88.2,1.8,0.65
2020-08-28,2020,8,84,73,88,-4,0.71
2020-08-29,2020,8,92,74,87.8,4.2,0.01
2020-08-30,2020,8,88,73,87.6,0.400000000000006,0.86
2020-08-31,2020,8,86,72,87.4,-1.40000000000001,0.41
2020-09-01,2020,9,88,71,87.1,0.900000000000006,0.1
2020-09-02,2020,9,90,75,86.9,3.09999999999999,0.01
2020-09-03,2020,9,89,76,86.6,2.40000000000001,0.07
2020-09-04,2020,9,87,63,86.4,0.599999999999994,0
2020-09-05,2020,9,87,59,86.1,0.900000000000006,0
2020-09-06,2020,9,88,60,85.8,2.2,0
2020-09-07,2020,9,90,62,85.5,4.5,0
2020-09-08,2020,9,90,64,85.2,4.8,0
2020-09-09,2020,9,91,66,84.8,6.2,0
2020-09-10,2020,9,92,68,84.5,7.5,0
2020-09-11,2020,9,92,71,84.2,7.8,0
2020-09-12,2020,9,91,73,83.8,7.2,0.2
2020-09-13,2020,9,76,71,83.5,-7.5,3.27
2020-09-14,2020,9,84,68,83.1,0.900000000000006,0
2020-09-15,2020,9,85,65,82.7,2.3,0
2020-09-16,2020,9,86,67,82.4,3.59999999999999,0
2020-09-17,2020,9,86,67,82,4,0
2020-09-18,2020,9,77,58,81.6,-4.59999999999999,0
2020-09-19,2020,9,77,54,81.2,-4.2,0
2020-09-20,2020,9,80,57,80.9,-0.900000000000006,0
2020-09-21,2020,9,77,55,80.5,-3.5,0
2020-09-22,2020,9,75,52,80.1,-5.09999999999999,0
2020-09-23,2020,9,69,61,79.7,-10.7,0.02
2020-09-24,2020,9,67,61,79.3,-12.3,0.03
2020-09-25,2020,9,76,64,78.9,-2.90000000000001,0
2020-09-26,2020,9,80,61,78.6,1.40000000000001,0
2020-09-27,2020,9,83,60,78.2,4.8,0
2020-09-28,2020,9,73,53,77.8,-4.8,0.1
2020-09-29,2020,9,70,50,77.4,-7.40000000000001,0
2020-09-30,2020,9,79,48,77.1,1.90000000000001,0
2020-10-01,2020,10,75,51,76.7,-1.7,0
2020-10-02,2020,10,68,44,76.4,-8.40000000000001,0
2020-10-03,2020,10,71,42,76,-5,0
2020-10-04,2020,10,75,50,75.7,-0.700000000000003,0
2020-10-05,2020,10,70,45,75.3,-5.3,0
2020-10-06,2020,10,80,44,75,5,0
2020-10-07,2020,10,84,50,74.6,9.40000000000001,0
2020-10-08,2020,10,80,53,74.3,5.7,0
2020-10-09,2020,10,73,63,74,-1,0.11
2020-10-10,2020,10,71,64,73.6,-2.59999999999999,1.15
2020-10-11,2020,10,76,67,73.3,2.7,0.44
2020-10-12,2020,10,83,59,73,10,0.17
2020-10-13,2020,10,74,50,72.7,1.3,0
2020-10-14,2020,10,83,46,72.3,10.7,0
2020-10-15,2020,10,76,52,72,4,0.09
2020-10-16,2020,10,63,41,71.7,-8.7,0
2020-10-17,2020,10,67,38,71.4,-4.40000000000001,0
2020-10-18,2020,10,67,50,71.1,-4.09999999999999,0.01
2020-10-19,2020,10,79,63,70.7,8.3,0
2020-10-20,2020,10,81,61,70.4,10.6,0
2020-10-21,2020,10,85,59,70.1,14.9,0
2020-10-22,2020,10,86,61,69.8,16.2,0
2020-10-23,2020,10,85,54,69.4,15.6,0.64
2020-10-24,2020,10,54,49,69.1,-15.1,0.02
2020-10-25,2020,10,64,52,68.8,-4.8,0
2020-10-26,2020,10,59,55,68.4,-9.40000000000001,0.01
2020-10-27,2020,10,67,55,68.1,-1.09999999999999,0
2020-10-28,2020,10,66,58,67.8,-1.8,0.76
2020-10-29,2020,10,75,49,67.4,7.59999999999999,0.11
2020-10-30,2020,10,57,42,67,-10,0
2020-10-31,2020,10,68,39,66.7,1.3,0
2020-11-01,2020,11,63,40,66.3,-3.3,0
2020-11-02,2020,11,56,34,65.9,-9.90000000000001,0
2020-11-03,2020,11,69,35,65.6,3.40000000000001,0
2020-11-04,2020,11,73,40,65.2,7.8,0
2020-11-05,2020,11,71,43,64.8,6.2,0
2020-11-06,2020,11,74,42,64.4,9.59999999999999,0
2020-11-07,2020,11,80,46,64,16,0
2020-11-08,2020,11,81,55,63.6,17.4,0
2020-11-09,2020,11,83,58,63.1,19.9,0
2020-11-10,2020,11,79,59,62.7,16.3,0
2020-11-11,2020,11,70,50,62.3,7.7,0.09
2020-11-12,2020,11,66,42,61.9,4.1,0
2020-11-13,2020,11,66,42,61.4,4.6,0
2020-11-14,2020,11,73,39,61,12,0
2020-11-15,2020,11,69,44,60.6,8.4,0.15
2020-11-16,2020,11,63,34,60.1,2.9,0
2020-11-17,2020,11,56,38,59.7,-3.7,0
2020-11-18,2020,11,59,32,59.2,-0.200000000000003,0
2020-11-19,2020,11,68,41,58.8,9.2,0
2020-11-20,2020,11,71,45,58.4,12.6,0
2020-11-21,2020,11,74,45,57.9,16.1,0
2020-11-22,2020,11,67,41,57.5,9.5,0.07
2020-11-23,2020,11,54,33,57.1,-3.1,0
2020-11-24,2020,11,64,34,56.6,7.4,0
2020-11-25,2020,11,67,54,56.2,10.8,0.04
2020-11-26,2020,11,59,40,55.8,3.2,0
2020-11-27,2020,11,62,38,55.4,6.6,0
2020-11-28,2020,11,57,37,54.9,2.1,0
2020-11-29,2020,11,52,34,54.5,-2.5,0.37
2020-11-30,2020,11,43,32,54.1,-11.1,0.48
2020-12-01,2020,12,42,26,53.8,-11.8,0
2020-12-02,2020,12,49,20,53.4,-4.4,0
2020-12-03,2020,12,58,26,53,5,0.17
2020-12-04,2020,12,47,36,52.6,-5.6,0.61
2020-12-05,2020,12,56,32,52.3,3.7,0
2020-12-06,2020,12,58,30,51.9,6.1,0
2020-12-07,2020,12,42,31,51.6,-9.6,0
2020-12-08,2020,12,45,30,51.3,-6.3,0
2020-12-09,2020,12,66,29,51,15,0
2020-12-10,2020,12,71,36,50.7,20.3,0
2020-12-11,2020,12,66,39,50.4,15.6,0.01
2020-12-12,2020,12,68,44,50.1,17.9,0.1
2020-12-13,2020,12,53,33,49.8,3.2,0.49
2020-12-14,2020,12,41,32,49.6,-8.6,0.7
2020-12-15,2020,12,46,30,49.3,-3.3,0
2020-12-16,2020,12,44,34,49.1,-5.1,0.16
2020-12-17,2020,12,41,27,48.8,-7.8,0
2020-12-18,2020,12,45,24,48.6,-3.6,0
2020-12-19,2020,12,52,30,48.4,3.6,0.32
2020-12-20,2020,12,51,33,48.2,2.8,0.06
2020-12-21,2020,12,60,32,48,12,0
2020-12-22,2020,12,56,36,47.9,8.1,0
2020-12-23,2020,12,61,36,47.7,13.3,0.46
2020-12-24,2020,12,51,24,47.6,3.4,0.32
2020-12-25,2020,12,27,17,47.4,-20.4,0
2020-12-26,2020,12,51,17,47.3,3.7,0
2020-12-27,2020,12,62,31,47.2,14.8,0
2020-12-28,2020,12,57,33,47.1,9.9,0
2020-12-29,2020,12,52,28,47,5,0
2020-12-30,2020,12,68,38,46.9,21.1,NA
2020-12-31,2020,12,45,41,46.8,-1.8,NA
2021-01-01,2021,1,75,45,46.7,28.3,0.54
2021-01-02,2021,1,53,42,46.6,6.4,0.02
2021-01-03,2021,1,50,32,46.6,3.4,0.03
2021-01-04,2021,1,58,29,46.5,11.5,0
2021-01-05,2021,1,52,32,46.5,5.5,0
2021-01-06,2021,1,48,30,46.5,1.5,0
2021-01-07,2021,1,41,36,46.4,-5.4,0
2021-01-08,2021,1,39,34,46.4,-7.4,0
2021-01-09,2021,1,35,31,46.4,-11.4,0
2021-01-10,2021,1,40,29,46.4,-6.4,0
2021-01-11,2021,1,35,30,46.4,-11.4,0.01
2021-01-12,2021,1,43,26,46.4,-3.4,0
2021-01-13,2021,1,50,21,46.5,3.5,0
2021-01-14,2021,1,58,30,46.5,11.5,0.03
2021-01-15,2021,1,51,32,46.5,4.5,0.01
2021-01-16,2021,1,43,35,46.6,-3.6,0
2021-01-17,2021,1,51,38,46.6,4.4,0
2021-01-18,2021,1,54,34,46.7,7.3,0
2021-01-19,2021,1,61,45,46.8,14.2,0
2021-01-20,2021,1,50,34,46.8,3.2,0.08
2021-01-21,2021,1,49,39,46.9,2.1,0.16
2021-01-22,2021,1,52,31,47,5,0
2021-01-23,2021,1,48,26,47.1,0.899999999999999,0
2021-01-24,2021,1,54,37,47.3,6.7,0.03
2021-01-25,2021,1,68,48,47.4,20.6,1.35
2021-01-26,2021,1,67,40,47.5,19.5,0
2021-01-27,2021,1,44,34,47.6,-3.6,0.02
2021-01-28,2021,1,40,26,47.8,-7.8,0
2021-01-29,2021,1,46,25,48,-2,0
2021-01-30,2021,1,52,32,48.1,3.9,0.2
2021-01-31,2021,1,58,37,48.3,9.7,0.08
2021-02-01,2021,2,41,32,48.5,-7.5,0.02
2021-02-02,2021,2,42,29,48.7,-6.7,0
2021-02-03,2021,2,46,27,48.9,-2.9,0
2021-02-04,2021,2,55,27,49.1,5.9,0.16
2021-02-05,2021,2,50,30,49.3,0.700000000000003,0
2021-02-06,2021,2,50,33,49.5,0.5,0.02
2021-02-07,2021,2,41,26,49.7,-8.7,0.15
2021-02-08,2021,2,49,26,50,-1,0
2021-02-09,2021,2,57,34,50.2,6.8,0
2021-02-10,2021,2,63,37,50.4,12.6,0.05
2021-02-11,2021,2,37,30,50.7,-13.7,0.31
2021-02-12,2021,2,31,28,51,-20,0
2021-02-13,2021,2,30,23,51.2,-21.2,0
2021-02-14,2021,2,26,23,51.5,-25.5,0.17
2021-02-15,2021,2,26,16,51.8,-25.8,0.76
2021-02-16,2021,2,18,11,52.1,-34.1,0
2021-02-17,2021,2,28,15,52.3,-24.3,0.28
2021-02-18,2021,2,31,23,52.6,-21.6,0.03
2021-02-19,2021,2,36,15,52.9,-16.9,0
2021-02-20,2021,2,42,13,53.2,-11.2,0
2021-02-21,2021,2,56,24,53.5,2.5,0
2021-02-22,2021,2,57,37,53.8,3.2,0.14
2021-02-23,2021,2,70,38,54.1,15.9,0
2021-02-24,2021,2,75,43,54.5,20.5,0
2021-02-25,2021,2,62,41,54.8,7.2,0
2021-02-26,2021,2,60,46,55.1,4.9,0.44
2021-02-27,2021,2,61,55,55.4,5.6,1.37
2021-02-28,2021,2,75,56,55.7,19.3,0.91
2021-03-01,2021,3,58,38,56.1,1.9,0.26
2021-03-02,2021,3,55,35,56.4,-1.4,0
2021-03-03,2021,3,64,32,56.7,7.3,0
2021-03-04,2021,3,69,35,57,12,0
2021-03-05,2021,3,50,37,57.4,-7.4,0
2021-03-06,2021,3,56,34,57.7,-1.7,0
2021-03-07,2021,3,63,28,58,5,0
2021-03-08,2021,3,70,31,58.4,11.6,0
2021-03-09,2021,3,73,36,58.7,14.3,0
2021-03-10,2021,3,74,48,59,15,0
2021-03-11,2021,3,76,60,59.3,16.7,0
2021-03-12,2021,3,71,57,59.7,11.3,0.19
2021-03-13,2021,3,57,53,60,-3,0.24
2021-03-14,2021,3,67,53,60.3,6.7,0.01
2021-03-15,2021,3,68,54,60.7,7.3,0.2
2021-03-16,2021,3,79,56,61,18,0
2021-03-17,2021,3,66,57,61.3,4.7,1.2
2021-03-18,2021,3,65,45,61.7,3.3,0.04
2021-03-19,2021,3,54,41,62,-8,0
2021-03-20,2021,3,67,40,62.3,4.7,0
2021-03-21,2021,3,69,33,62.7,6.3,0
2021-03-22,2021,3,71,47,63,8,0
2021-03-23,2021,3,67,57,63.3,3.7,0
2021-03-24,2021,3,77,55,63.7,13.3,0
2021-03-25,2021,3,73,54,64,9,1.76
2021-03-26,2021,3,74,51,64.3,9.7,0
2021-03-27,2021,3,66,53,64.6,1.40000000000001,5.75
2021-03-28,2021,3,64,41,65,-1,1.26
2021-03-29,2021,3,65,36,65.3,-0.299999999999997,0
2021-03-30,2021,3,77,45,65.6,11.4,0.71
2021-03-31,2021,3,64,44,65.9,-1.90000000000001,0.66
2021-04-01,2021,4,49,35,66.2,-17.2,0
2021-04-02,2021,4,53,30,66.6,-13.6,0
2021-04-03,2021,4,66,31,66.9,-0.900000000000006,0
2021-04-04,2021,4,75,39,67.2,7.8,0
2021-04-05,2021,4,79,47,67.5,11.5,0
2021-04-06,2021,4,82,55,67.8,14.2,0
2021-04-07,2021,4,82,58,68.1,13.9,0.03
2021-04-08,2021,4,77,58,68.4,8.59999999999999,0.42
2021-04-09,2021,4,84,52,68.7,15.3,0
2021-04-10,2021,4,72,56,69,3,0.2
2021-04-11,2021,4,73,50,69.3,3.7,0
2021-04-12,2021,4,79,50,69.6,9.40000000000001,0
2021-04-13,2021,4,74,53,69.9,4.09999999999999,0
2021-04-14,2021,4,61,53,70.2,-9.2,0
2021-04-15,2021,4,64,49,70.5,-6.5,0
2021-04-16,2021,4,66,40,70.8,-4.8,0
2021-04-17,2021,4,65,48,71,-6,0
2021-04-18,2021,4,66,42,71.3,-5.3,0.01
2021-04-19,2021,4,72,44,71.6,0.400000000000006,0
2021-04-20,2021,4,75,40,71.8,3.2,0.02
2021-04-21,2021,4,54,35,72.1,-18.1,0.06
2021-04-22,2021,4,63,35,72.4,-9.40000000000001,0
2021-04-23,2021,4,63,44,72.6,-9.59999999999999,0.07
2021-04-24,2021,4,67,51,72.9,-5.90000000000001,0.34
2021-04-25,2021,4,72,48,73.1,-1.09999999999999,0
2021-04-26,2021,4,80,45,73.4,6.59999999999999,0
2021-04-27,2021,4,84,61,73.6,10.4,0
2021-04-28,2021,4,74,64,73.9,0.0999999999999943,0.72
2021-04-29,2021,4,71,59,74.1,-3.09999999999999,0.48
2021-04-30,2021,4,78,51,74.3,3.7,0
2021-05-01,2021,5,80,48,74.6,5.40000000000001,0
2021-05-02,2021,5,74,56,74.8,-0.799999999999997,0.17
2021-05-03,2021,5,82,65,75,7,1.86
2021-05-04,2021,5,80,63,75.3,4.7,0.84
2021-05-05,2021,5,68,48,75.5,-7.5,0.2
2021-05-06,2021,5,72,45,75.7,-3.7,0.28
2021-05-07,2021,5,71,47,76,-5,0
2021-05-08,2021,5,68,55,76.2,-8.2,0
2021-05-09,2021,5,73,54,76.4,-3.40000000000001,0.43
2021-05-10,2021,5,60,48,76.7,-16.7,0
2021-05-11,2021,5,72,45,76.9,-4.90000000000001,0
2021-05-12,2021,5,69,51,77.1,-8.09999999999999,0.01
2021-05-13,2021,5,72,44,77.4,-5.40000000000001,0
2021-05-14,2021,5,75,42,77.6,-2.59999999999999,0
2021-05-15,2021,5,79,46,77.9,1.09999999999999,0
2021-05-16,2021,5,80,59,78.1,1.90000000000001,0.02
2021-05-17,2021,5,80,57,78.4,1.59999999999999,0
2021-05-18,2021,5,76,64,78.6,-2.59999999999999,0
2021-05-19,2021,5,84,67,78.9,5.09999999999999,0
2021-05-20,2021,5,86,63,79.1,6.90000000000001,0
2021-05-21,2021,5,86,60,79.4,6.59999999999999,0
2021-05-22,2021,5,87,61,79.6,7.40000000000001,0
2021-05-23,2021,5,91,61,79.9,11.1,0
2021-05-24,2021,5,91,62,80.2,10.8,0
2021-05-25,2021,5,93,63,80.4,12.6,0
2021-05-26,2021,5,83,66,80.7,2.3,0.26
2021-05-27,2021,5,87,64,81,6,0
2021-05-28,2021,5,81,57,81.3,-0.299999999999997,0.97
2021-05-29,2021,5,62,53,81.6,-19.6,0.01
2021-05-30,2021,5,74,52,81.8,-7.8,0
2021-05-31,2021,5,81,50,82.1,-1.09999999999999,0
2021-06-01,2021,6,79,62,82.4,-3.40000000000001,0.03
2021-06-02,2021,6,74,65,82.7,-8.7,1.16
2021-06-03,2021,6,83,64,83,0,0.07
2021-06-04,2021,6,85,60,83.2,1.8,0
2021-06-05,2021,6,90,64,83.5,6.5,0.02
2021-06-06,2021,6,81,71,83.8,-2.8,0
2021-06-07,2021,6,85,70,84.1,0.900000000000006,0
2021-06-08,2021,6,85,71,84.4,0.599999999999994,0.02
2021-06-09,2021,6,81,71,84.6,-3.59999999999999,0.33
2021-06-10,2021,6,86,71,84.9,1.09999999999999,0.22
2021-06-11,2021,6,88,73,85.2,2.8,0.2
2021-06-12,2021,6,95,71,85.4,9.59999999999999,0
2021-06-13,2021,6,96,72,85.7,10.3,0
2021-06-14,2021,6,95,76,85.9,9.09999999999999,0
2021-06-15,2021,6,86,65,86.1,-0.0999999999999943,0
2021-06-16,2021,6,89,61,86.4,2.59999999999999,0
2021-06-17,2021,6,92,64,86.6,5.40000000000001,0
2021-06-18,2021,6,92,70,86.8,5.2,0
2021-06-19,2021,6,87,69,87,0,0
2021-06-20,2021,6,93,67,87.2,5.8,0
2021-06-21,2021,6,89,69,87.4,1.59999999999999,0.07
2021-06-22,2021,6,81,63,87.6,-6.59999999999999,0
2021-06-23,2021,6,84,56,87.8,-3.8,0
2021-06-24,2021,6,92,62,87.9,4.09999999999999,0
2021-06-25,2021,6,87,74,88.1,-1.09999999999999,0
2021-06-26,2021,6,91,71,88.2,2.8,0
2021-06-27,2021,6,94,70,88.4,5.59999999999999,0
2021-06-28,2021,6,93,73,88.5,4.5,0.09
2021-06-29,2021,6,96,73,88.6,7.40000000000001,0
2021-06-30,2021,6,93,70,88.7,4.3,0
2021-07-01,2021,7,85,72,88.8,-3.8,0.35
2021-07-02,2021,7,86,68,88.9,-2.90000000000001,0
2021-07-03,2021,7,86,61,89,-3,0
2021-07-04,2021,7,90,61,89,1,0
2021-07-05,2021,7,94,68,89.1,4.90000000000001,0
2021-07-06,2021,7,95,71,89.1,5.90000000000001,0
2021-07-07,2021,7,85,73,89.2,-4.2,0.6
2021-07-08,2021,7,91,72,89.2,1.8,0
2021-07-09,2021,7,93,73,89.3,3.7,0
2021-07-10,2021,7,91,73,89.3,1.7,0
2021-07-11,2021,7,83,72,89.3,-6.3,0.56
2021-07-12,2021,7,87,73,89.3,-2.3,0
2021-07-13,2021,7,84,73,89.4,-5.40000000000001,0.02
2021-07-14,2021,7,92,70,89.4,2.59999999999999,0
2021-07-15,2021,7,94,71,89.4,4.59999999999999,0
2021-07-16,2021,7,93,73,89.4,3.59999999999999,0.01
2021-07-17,2021,7,89,75,89.4,-0.400000000000006,0
2021-07-18,2021,7,88,70,89.4,-1.40000000000001,2.5
2021-07-19,2021,7,86,72,89.4,-3.40000000000001,0
2021-07-20,2021,7,90,72,89.4,0.599999999999994,0
2021-07-21,2021,7,91,71,89.4,1.59999999999999,0
2021-07-22,2021,7,91,69,89.4,1.59999999999999,0
2021-07-23,2021,7,91,70,89.4,1.59999999999999,0
2021-07-24,2021,7,94,69,89.4,4.59999999999999,0
2021-07-25,2021,7,97,75,89.4,7.59999999999999,1.41
2021-07-26,2021,7,93,75,89.4,3.59999999999999,0.16
2021-07-27,2021,7,95,75,89.4,5.59999999999999,0
2021-07-28,2021,7,96,74,89.4,6.59999999999999,0
2021-07-29,2021,7,95,73,89.4,5.59999999999999,0
2021-07-30,2021,7,95,78,89.5,5.5,0
2021-07-31,2021,7,93,74,89.5,3.5,3.13
2021-08-01,2021,8,84,69,89.5,-5.5,0.27
2021-08-02,2021,8,86,67,89.5,-3.5,0
2021-08-03,2021,8,87,63,89.5,-2.5,0
2021-08-04,2021,8,87,62,89.5,-2.5,0
2021-08-05,2021,8,89,62,89.5,-0.5,0
2021-08-06,2021,8,85,68,89.5,-4.5,0
2021-08-07,2021,8,89,72,89.5,-0.5,0.01
2021-08-08,2021,8,91,70,89.5,1.5,0
2021-08-09,2021,8,95,71,89.5,5.5,0.12
2021-08-10,2021,8,96,76,89.5,6.5,0
2021-08-11,2021,8,97,76,89.5,7.5,0
2021-08-12,2021,8,95,73,89.5,5.5,0
2021-08-13,2021,8,92,73,89.4,2.59999999999999,0.22
2021-08-14,2021,8,91,73,89.4,1.59999999999999,0
2021-08-15,2021,8,84,72,89.4,-5.40000000000001,0.37
2021-08-16,2021,8,84,71,89.3,-5.3,0.01
2021-08-17,2021,8,89,72,89.3,-0.299999999999997,0
2021-08-18,2021,8,90,70,89.2,0.799999999999997,0.63
2021-08-19,2021,8,86,72,89.1,-3.09999999999999,0.03
2021-08-20,2021,8,87,74,89.1,-2.09999999999999,0.03
2021-08-21,2021,8,85,75,89,-4,2.36
2021-08-22,2021,8,91,75,88.9,2.09999999999999,0
2021-08-23,2021,8,95,72,88.7,6.3,0
2021-08-24,2021,8,96,72,88.6,7.40000000000001,0
2021-08-25,2021,8,98,73,88.5,9.5,0
2021-08-26,2021,8,96,73,88.3,7.7,0
2021-08-27,2021,8,94,74,88.2,5.8,0
2021-08-28,2021,8,94,75,88,6,0.19
2021-08-29,2021,8,93,73,87.8,5.2,0.08
2021-08-30,2021,8,85,71,87.6,-2.59999999999999,0.41
2021-08-31,2021,8,76,71,87.4,-11.4,2.32
2021-09-01,2021,9,86,69,87.1,-1.09999999999999,0
2021-09-02,2021,9,84,64,86.9,-2.90000000000001,0
2021-09-03,2021,9,86,59,86.6,-0.599999999999994,0
2021-09-04,2021,9,88,64,86.4,1.59999999999999,0
2021-09-05,2021,9,78,67,86.1,-8.09999999999999,0.04
2021-09-06,2021,9,85,62,85.8,-0.799999999999997,0
2021-09-07,2021,9,87,58,85.5,1.5,0
2021-09-08,2021,9,87,63,85.2,1.8,0.01
2021-09-09,2021,9,83,59,84.8,-1.8,0
2021-09-10,2021,9,83,56,84.5,-1.5,0
2021-09-11,2021,9,86,57,84.2,1.8,0
2021-09-12,2021,9,88,64,83.8,4.2,0
2021-09-13,2021,9,91,68,83.5,7.5,0
2021-09-14,2021,9,91,69,83.1,7.90000000000001,0.03
2021-09-15,2021,9,82,71,82.7,-0.700000000000003,0.28
2021-09-16,2021,9,86,68,82.4,3.59999999999999,0
2021-09-17,2021,9,79,70,82,-3,0.36
2021-09-18,2021,9,76,71,81.6,-5.59999999999999,0.64
2021-09-19,2021,9,74,71,81.2,-7.2,0.8
2021-09-20,2021,9,74,68,80.9,-6.90000000000001,1.57
2021-09-21,2021,9,83,67,80.5,2.5,0.55
2021-09-22,2021,9,71,52,80.1,-9.09999999999999,0.19
2021-09-23,2021,9,73,50,79.7,-6.7,0
2021-09-24,2021,9,76,49,79.3,-3.3,0
2021-09-25,2021,9,78,53,78.9,-0.900000000000006,0
2021-09-26,2021,9,82,57,78.6,3.40000000000001,0
2021-09-27,2021,9,84,56,78.2,5.8,0
2021-09-28,2021,9,87,60,77.8,9.2,0
2021-09-29,2021,9,87,64,77.4,9.59999999999999,0
2021-09-30,2021,9,86,66,77.1,8.90000000000001,0
2021-10-01,2021,10,88,70,76.7,11.3,0
2021-10-02,2021,10,84,64,76.4,7.59999999999999,0.35
2021-10-03,2021,10,79,68,76,3,1.05
2021-10-04,2021,10,82,64,75.7,6.3,0
2021-10-05,2021,10,75,63,75.3,-0.299999999999997,0.59
2021-10-06,2021,10,79,65,75,4,0.66
2021-10-07,2021,10,82,63,74.6,7.40000000000001,0
2021-10-08,2021,10,83,60,74.3,8.7,0
2021-10-09,2021,10,86,63,74,12,0
2021-10-10,2021,10,87,64,73.6,13.4,0
2021-10-11,2021,10,84,65,73.3,10.7,0
2021-10-12,2021,10,83,62,73,10,0.02
2021-10-13,2021,10,85,63,72.7,12.3,0
2021-10-14,2021,10,85,66,72.3,12.7,0
2021-10-15,2021,10,81,68,72,9,0.22
2021-10-16,2021,10,68,48,71.7,-3.7,0.02
2021-10-17,2021,10,70,43,71.4,-1.40000000000001,0
2021-10-18,2021,10,74,43,71.1,2.90000000000001,0
2021-10-19,2021,10,75,44,70.7,4.3,0
2021-10-20,2021,10,79,48,70.4,8.59999999999999,0
2021-10-21,2021,10,78,54,70.1,7.90000000000001,0.06
2021-10-22,2021,10,64,47,69.8,-5.8,0
2021-10-23,2021,10,71,46,69.4,1.59999999999999,0
2021-10-24,2021,10,81,57,69.1,11.9,0
2021-10-25,2021,10,74,54,68.8,5.2,1.12
2021-10-26,2021,10,62,46,68.4,-6.40000000000001,0
2021-10-27,2021,10,68,44,68.1,-0.0999999999999943,0
2021-10-28,2021,10,65,54,67.8,-2.8,0.21
2021-10-29,2021,10,60,53,67.4,-7.40000000000001,0.29
2021-10-30,2021,10,57,53,67,-10,0.11
2021-10-31,2021,10,68,51,66.7,1.3,0
2021-11-01,2021,11,64,45,66.3,-2.3,0
2021-11-02,2021,11,54,41,65.9,-11.9,0
2021-11-03,2021,11,49,37,65.6,-16.6,0
2021-11-04,2021,11,56,31,65.2,-9.2,0
2021-11-05,2021,11,60,31,64.8,-4.8,0
2021-11-06,2021,11,63,34,64.4,-1.40000000000001,0
2021-11-07,2021,11,67,34,64,3,0
2021-11-08,2021,11,74,36,63.6,10.4,0
2021-11-09,2021,11,75,40,63.1,11.9,0
2021-11-10,2021,11,73,43,62.7,10.3,0
2021-11-11,2021,11,68,48,62.3,5.7,0.51
2021-11-12,2021,11,66,40,61.9,4.1,0
2021-11-13,2021,11,50,32,61.4,-11.4,0
2021-11-14,2021,11,59,32,61,-2,0
2021-11-15,2021,11,58,31,60.6,-2.6,0
2021-11-16,2021,11,70,41,60.1,9.9,0
2021-11-17,2021,11,72,57,59.7,12.3,0
2021-11-18,2021,11,67,32,59.2,7.8,0.23
2021-11-19,2021,11,50,30,58.8,-8.8,0
2021-11-20,2021,11,61,31,58.4,2.6,0
2021-11-21,2021,11,62,48,57.9,4.1,0.3
2021-11-22,2021,11,51,30,57.5,-6.5,0
2021-11-23,2021,11,49,25,57.1,-8.1,0
2021-11-24,2021,11,62,31,56.6,5.4,0
2021-11-25,2021,11,53,36,56.2,-3.2,0.43
2021-11-26,2021,11,45,27,55.8,-10.8,0
2021-11-27,2021,11,58,26,55.4,2.6,0
2021-11-28,2021,11,56,34,54.9,1.1,0
2021-11-29,2021,11,50,27,54.5,-4.5,0
2021-11-30,2021,11,66,37,54.1,11.9,0
2021-12-01,2021,12,67,38,53.8,13.2,0.04
2021-12-02,2021,12,74,46,53.4,20.6,0
2021-12-03,2021,12,75,43,53,22,0
2021-12-04,2021,12,62,51,52.6,9.4,0
2021-12-05,2021,12,70,49,52.3,17.7,0.01
2021-12-06,2021,12,68,33,51.9,16.1,1.33
2021-12-07,2021,12,45,29,51.6,-6.6,0
2021-12-08,2021,12,54,34,51.3,2.7,0
2021-12-09,2021,12,63,32,51,12,0
2021-12-10,2021,12,73,57,50.7,22.3,0.16
2021-12-11,2021,12,73,36,50.4,22.6,0.29
2021-12-12,2021,12,51,28,50.1,0.899999999999999,0
2021-12-13,2021,12,61,28,49.8,11.2,0
2021-12-14,2021,12,66,32,49.6,16.4,0
2021-12-15,2021,12,69,50,49.3,19.7,0
2021-12-16,2021,12,70,55,49.1,20.9,0.4
2021-12-17,2021,12,65,52,48.8,16.2,0.61
2021-12-18,2021,12,73,42,48.6,24.4,0.32
2021-12-19,2021,12,47,32,48.4,-1.4,0
2021-12-20,2021,12,47,28,48.2,-1.2,0
2021-12-21,2021,12,52,35,48,4,0
2021-12-22,2021,12,47,30,47.9,-0.899999999999999,0
2021-12-23,2021,12,63,26,47.7,15.3,0
2021-12-24,2021,12,69,50,47.6,21.4,0
2021-12-25,2021,12,76,62,47.4,28.6,0
2021-12-26,2021,12,68,53,47.3,20.7,0
2021-12-27,2021,12,69,61,47.2,21.8,0
2021-12-28,2021,12,72,57,47.1,24.9,0.02
2021-12-29,2021,12,69,51,47,22,0.44
2021-12-30,2021,12,60,49,46.9,13.1,0
2021-12-31,2021,12,72,50,46.8,25.2,0.01
2022-01-01,2022,1,78,57,46.7,31.3,1.78
2022-01-02,2022,1,58,33,46.6,11.4,0.32
2022-01-03,2022,1,37,28,46.6,-9.6,0.03
2022-01-04,2022,1,46,25,46.5,-0.5,0
2022-01-05,2022,1,57,37,46.5,10.5,0
2022-01-06,2022,1,37,19,46.5,-9.5,0.57
2022-01-07,2022,1,27,13,46.4,-19.4,0
2022-01-08,2022,1,50,17,46.4,3.6,0
2022-01-09,2022,1,54,31,46.4,7.6,1.39
2022-01-10,2022,1,43,24,46.4,-3.4,0
2022-01-11,2022,1,46,26,46.4,-0.399999999999999,0
2022-01-12,2022,1,57,28,46.4,10.6,0
2022-01-13,2022,1,55,38,46.5,8.5,0
2022-01-14,2022,1,53,30,46.5,6.5,0
2022-01-15,2022,1,45,37,46.5,-1.5,0.18
2022-01-16,2022,1,39,31,46.6,-7.6,1.14
2022-01-17,2022,1,36,30,46.6,-10.6,0
2022-01-18,2022,1,49,25,46.7,2.3,0
2022-01-19,2022,1,58,32,46.8,11.2,1.09
2022-01-20,2022,1,33,23,46.8,-13.8,0.03
2022-01-21,2022,1,33,19,46.9,-13.9,0
2022-01-22,2022,1,38,14,47,-9,0
2022-01-23,2022,1,52,21,47.1,4.9,0
2022-01-24,2022,1,61,27,47.3,13.7,0
2022-01-25,2022,1,49,24,47.4,1.6,0
2022-01-26,2022,1,36,19,47.5,-11.5,0
2022-01-27,2022,1,51,19,47.6,3.4,0
2022-01-28,2022,1,44,24,47.8,-3.8,0
2022-01-29,2022,1,35,16,48,-13,0
2022-01-30,2022,1,57,25,48.1,8.9,0
2022-01-31,2022,1,52,30,48.3,3.7,0
2022-02-01,2022,2,67,32,48.5,18.5,0
2022-02-02,2022,2,52,47,48.7,3.3,1.2
2022-02-03,2022,2,52,32,48.9,3.1,1.14
2022-02-04,2022,2,32,25,49.1,-17.1,0.02
2022-02-05,2022,2,37,20,49.3,-12.3,0
2022-02-06,2022,2,52,21,49.5,2.5,0
2022-02-07,2022,2,51,23,49.7,1.3,0
2022-02-08,2022,2,58,24,50,8,0
2022-02-09,2022,2,63,41,50.2,12.8,0
2022-02-10,2022,2,62,35,50.4,11.6,0
2022-02-11,2022,2,72,36,50.7,21.3,0
2022-02-12,2022,2,51,24,51,0,0
2022-02-13,2022,2,43,20,51.2,-8.2,0
2022-02-14,2022,2,51,23,51.5,-0.5,0
2022-02-15,2022,2,69,28,51.8,17.2,0
2022-02-16,2022,2,70,50,52.1,17.9,0
2022-02-17,2022,2,70,34,52.3,17.7,2.03
2022-02-18,2022,2,42,28,52.6,-10.6,0
2022-02-19,2022,2,50,25,52.9,-2.9,0
2022-02-20,2022,2,64,25,53.2,10.8,0
2022-02-21,2022,2,69,44,53.5,15.5,0.11
2022-02-22,2022,2,66,57,53.8,12.2,2.06
2022-02-23,2022,2,60,34,54.1,5.9,0.37
2022-02-24,2022,2,48,35,54.5,-6.5,1.62
2022-02-25,2022,2,43,32,54.8,-11.8,0.04
2022-02-26,2022,2,40,31,55.1,-15.1,0
2022-02-27,2022,2,56,37,55.4,0.600000000000001,0.04
2022-02-28,2022,2,60,27,55.7,4.3,0
2022-03-01,2022,3,73,32,56.1,16.9,0
2022-03-02,2022,3,80,43,56.4,23.6,0
2022-03-03,2022,3,76,50,56.7,19.3,0
2022-03-04,2022,3,79,43,57,22,0
2022-03-05,2022,3,77,57,57.4,19.6,0
2022-03-06,2022,3,80,67,57.7,22.3,0
2022-03-07,2022,3,71,40,58,13,0.47
2022-03-08,2022,3,49,38,58.4,-9.4,0.1
2022-03-09,2022,3,55,38,58.7,-3.7,0.14
2022-03-10,2022,3,62,39,59,3,0
2022-03-11,2022,3,67,27,59.3,7.7,0.18
2022-03-12,2022,3,32,22,59.7,-27.7,0.07
2022-03-13,2022,3,58,20,60,-2,0
2022-03-14,2022,3,68,36,60.3,7.7,0
2022-03-15,2022,3,70,51,60.7,9.3,0
2022-03-16,2022,3,63,50,61,2,0.11
2022-03-17,2022,3,73,47,61.3,11.7,0
2022-03-18,2022,3,69,51,61.7,7.3,0.39
2022-03-19,2022,3,57,40,62,-5,0
2022-03-20,2022,3,70,35,62.3,7.7,0
2022-03-21,2022,3,75,41,62.7,12.3,0
2022-03-22,2022,3,79,61,63,16,1.45
2022-03-23,2022,3,66,48,63.3,2.7,0
2022-03-24,2022,3,62,40,63.7,-1.7,0
2022-03-25,2022,3,53,44,64,-11,0
2022-03-26,2022,3,61,41,64.3,-3.3,0
2022-03-27,2022,3,55,35,64.6,-9.59999999999999,0
2022-03-28,2022,3,57,40,65,-8,0
2022-03-29,2022,3,76,43,65.3,10.7,0
2022-03-30,2022,3,83,60,65.6,17.4,0.88
2022-03-31,2022,3,60,44,65.9,-5.90000000000001,0.01
2022-04-01,2022,4,57,41,66.2,-9.2,0
2022-04-02,2022,4,64,35,66.6,-2.59999999999999,0
2022-04-03,2022,4,65,41,66.9,-1.90000000000001,0
2022-04-04,2022,4,75,40,67.2,7.8,0
2022-04-05,2022,4,59,50,67.5,-8.5,0.4
2022-04-06,2022,4,72,50,67.8,4.2,0.24
2022-04-07,2022,4,62,45,68.1,-6.09999999999999,0
2022-04-08,2022,4,49,40,68.4,-19.4,0.03
2022-04-09,2022,4,59,39,68.7,-9.7,0
2022-04-10,2022,4,79,36,69,10,0
2022-04-11,2022,4,67,60,69.3,-2.3,0.4
2022-04-12,2022,4,79,61,69.6,9.40000000000001,1.79
2022-04-13,2022,4,85,61,69.9,15.1,1.11
2022-04-14,2022,4,69,47,70.2,-1.2,0.03
2022-04-15,2022,4,73,40,70.5,2.5,0.3
2022-04-16,2022,4,71,54,70.8,0.200000000000003,0.22
2022-04-17,2022,4,62,46,71,-9,0.05
2022-04-18,2022,4,57,42,71.3,-14.3,0.9
2022-04-19,2022,4,61,38,71.6,-10.6,0
2022-04-20,2022,4,75,42,71.8,3.2,0
2022-04-21,2022,4,80,59,72.1,7.90000000000001,0.11
2022-04-22,2022,4,84,58,72.4,11.6,0
2022-04-23,2022,4,84,62,72.6,11.4,0
2022-04-24,2022,4,84,62,72.9,11.1,0
2022-04-25,2022,4,78,59,73.1,4.90000000000001,0.5
2022-04-26,2022,4,65,47,73.4,-8.40000000000001,0
2022-04-27,2022,4,72,40,73.6,-1.59999999999999,0
2022-04-28,2022,4,79,47,73.9,5.09999999999999,0
2022-04-29,2022,4,82,58,74.1,7.90000000000001,0
2022-04-30,2022,4,82,62,74.3,7.7,0
2022-05-01,2022,5,81,57,74.6,6.40000000000001,0.29
2022-05-02,2022,5,86,52,74.8,11.2,0
2022-05-03,2022,5,85,65,75,10,0
2022-05-04,2022,5,75,58,75.3,-0.299999999999997,0
2022-05-05,2022,5,86,56,75.5,10.5,0.28
2022-05-06,2022,5,76,58,75.7,0.299999999999997,0.17
2022-05-07,2022,5,61,56,76,-15,0.02
2022-05-08,2022,5,73,50,76.2,-3.2,0
2022-05-09,2022,5,81,55,76.4,4.59999999999999,0
2022-05-10,2022,5,86,61,76.7,9.3,0
2022-05-11,2022,5,91,64,76.9,14.1,0
2022-05-12,2022,5,91,68,77.1,13.9,0
2022-05-13,2022,5,88,63,77.4,10.6,0
2022-05-14,2022,5,89,64,77.6,11.4,0.01
2022-05-15,2022,5,89,61,77.9,11.1,0
2022-05-16,2022,5,82,59,78.1,3.90000000000001,0
2022-05-17,2022,5,88,55,78.4,9.59999999999999,0
2022-05-18,2022,5,90,58,78.6,11.4,0
2022-05-19,2022,5,94,74,78.9,15.1,0
2022-05-20,2022,5,91,74,79.1,11.9,0
2022-05-21,2022,5,93,67,79.4,13.6,0.73
2022-05-22,2022,5,78,64,79.6,-1.59999999999999,0.19
2022-05-23,2022,5,70,61,79.9,-9.90000000000001,0.04
2022-05-24,2022,5,81,60,80.2,0.799999999999997,0.91
2022-05-25,2022,5,80,66,80.4,-0.400000000000006,0.49
2022-05-26,2022,5,77,64,80.7,-3.7,0.42
2022-05-27,2022,5,73,58,81,-8,0
2022-05-28,2022,5,75,59,81.3,-6.3,0
2022-05-29,2022,5,86,56,81.6,4.40000000000001,0
2022-05-30,2022,5,90,64,81.8,8.2,0
2022-05-31,2022,5,91,68,82.1,8.90000000000001,0
2022-06-01,2022,6,93,68,82.4,10.6,0
2022-06-02,2022,6,87,70,82.7,4.3,0
2022-06-03,2022,6,85,66,83,2,0
2022-06-04,2022,6,86,57,83.2,2.8,0
2022-06-05,2022,6,88,58,83.5,4.5,0
2022-06-06,2022,6,86,69,83.8,2.2,0.11
2022-06-07,2022,6,91,71,84.1,6.90000000000001,0.43
2022-06-08,2022,6,88,70,84.4,3.59999999999999,0.08
2022-06-09,2022,6,84,63,84.6,-0.599999999999994,0
2022-06-10,2022,6,84,59,84.9,-0.900000000000006,0
2022-06-11,2022,6,88,62,85.2,2.8,0
2022-06-12,2022,6,93,70,85.4,7.59999999999999,0
2022-06-13,2022,6,97,76,85.7,11.3,0
2022-06-14,2022,6,97,79,85.9,11.1,0
2022-06-15,2022,6,98,76,86.1,11.9,0
2022-06-16,2022,6,98,77,86.4,11.6,0
2022-06-17,2022,6,91,75,86.6,4.40000000000001,0.26
2022-06-18,2022,6,89,67,86.8,2.2,0
2022-06-19,2022,6,89,61,87,2,0
2022-06-20,2022,6,94,57,87.2,6.8,0
2022-06-21,2022,6,98,64,87.4,10.6,0
2022-06-22,2022,6,101,73,87.6,13.4,0
2022-06-23,2022,6,95,75,87.8,7.2,0
2022-06-24,2022,6,97,69,87.9,9.09999999999999,0
2022-06-25,2022,6,99,71,88.1,10.9,0
2022-06-26,2022,6,96,78,88.2,7.8,0
2022-06-27,2022,6,90,71,88.4,1.59999999999999,0
2022-06-28,2022,6,91,65,88.5,2.5,0
2022-06-29,2022,6,94,65,88.6,5.40000000000001,0
2022-06-30,2022,6,94,73,88.7,5.3,0.42
2022-07-01,2022,7,96,73,88.8,7.2,0
2022-07-02,2022,7,96,74,88.9,7.09999999999999,0.47
2022-07-03,2022,7,93,75,89,4,0.45
2022-07-04,2022,7,94,75,89,5,0.19
2022-07-05,2022,7,99,76,89.1,9.90000000000001,0
2022-07-06,2022,7,97,79,89.1,7.90000000000001,0.79
2022-07-07,2022,7,95,76,89.2,5.8,0.45
2022-07-08,2022,7,99,75,89.2,9.8,0.44
2022-07-09,2022,7,92,73,89.3,2.7,2.34
2022-07-10,2022,7,91,72,89.3,1.7,0
2022-07-11,2022,7,92,70,89.3,2.7,0
2022-07-12,2022,7,95,74,89.3,5.7,0
2022-07-13,2022,7,90,71,89.4,0.599999999999994,0
2022-07-14,2022,7,93,67,89.4,3.59999999999999,0
2022-07-15,2022,7,94,71,89.4,4.59999999999999,0
2022-07-16,2022,7,94,73,89.4,4.59999999999999,0
2022-07-17,2022,7,92,75,89.4,2.59999999999999,0
2022-07-18,2022,7,85,72,89.4,-4.40000000000001,0.49
2022-07-19,2022,7,91,73,89.4,1.59999999999999,0
2022-07-20,2022,7,99,78,89.4,9.59999999999999,0
2022-07-21,2022,7,95,76,89.4,5.59999999999999,0.01
2022-07-22,2022,7,98,72,89.4,8.59999999999999,0
2022-07-23,2022,7,98,77,89.4,8.59999999999999,0
2022-07-24,2022,7,96,77,89.4,6.59999999999999,0
2022-07-25,2022,7,94,76,89.4,4.59999999999999,0.4
2022-07-26,2022,7,94,75,89.4,4.59999999999999,0.07
2022-07-27,2022,7,96,76,89.4,6.59999999999999,0
2022-07-28,2022,7,94,76,89.4,4.59999999999999,0.09
2022-07-29,2022,7,87,73,89.4,-2.40000000000001,1.68
2022-07-30,2022,7,88,72,89.5,-1.5,0
2022-07-31,2022,7,87,75,89.5,-2.5,0
2022-08-01,2022,8,88,75,89.5,-1.5,0
2022-08-02,2022,8,95,74,89.5,5.5,0
2022-08-03,2022,8,94,73,89.5,4.5,0
2022-08-04,2022,8,91,73,89.5,1.5,0
2022-08-05,2022,8,87,76,89.5,-2.5,0.23
2022-08-06,2022,8,91,74,89.5,1.5,0.19
2022-08-07,2022,8,92,72,89.5,2.5,1.35
2022-08-08,2022,8,89,71,89.5,-0.5,0
2022-08-09,2022,8,93,73,89.5,3.5,0.89
2022-08-10,2022,8,89,73,89.5,-0.5,0.46
2022-08-11,2022,8,90,73,89.5,0.5,0
2022-08-12,2022,8,86,68,89.5,-3.5,0
2022-08-13,2022,8,87,63,89.4,-2.40000000000001,0
2022-08-14,2022,8,92,63,89.4,2.59999999999999,0
2022-08-15,2022,8,89,73,89.4,-0.400000000000006,0
2022-08-16,2022,8,79,70,89.3,-10.3,0.02
2022-08-17,2022,8,88,65,89.3,-1.3,0
2022-08-18,2022,8,89,65,89.2,-0.200000000000003,0
2022-08-19,2022,8,89,67,89.1,-0.0999999999999943,0.66
2022-08-20,2022,8,81,71,89.1,-8.09999999999999,0.13
2022-08-21,2022,8,87,71,89,-2,0
2022-08-22,2022,8,89,70,88.9,0.0999999999999943,0
2022-08-23,2022,8,90,67,88.7,1.3,0
2022-08-24,2022,8,92,69,88.6,3.40000000000001,0
2022-08-25,2022,8,90,71,88.5,1.5,0.03
2022-08-26,2022,8,89,72,88.3,0.700000000000003,0
2022-08-27,2022,8,94,69,88.2,5.8,0
2022-08-28,2022,8,95,72,88,7,0
2022-08-29,2022,8,94,74,87.8,6.2,0.03
2022-08-30,2022,8,88,70,87.6,0.400000000000006,0
2022-08-31,2022,8,90,65,87.4,2.59999999999999,0
2022-09-01,2022,9,91,62,87.1,3.90000000000001,0
2022-09-02,2022,9,91,65,86.9,4.09999999999999,0.24
2022-09-03,2022,9,90,71,86.6,3.40000000000001,0.45
2022-09-04,2022,9,88,71,86.4,1.59999999999999,0
2022-09-05,2022,9,87,72,86.1,0.900000000000006,0.11
2022-09-06,2022,9,85,69,85.8,-0.799999999999997,0
2022-09-07,2022,9,86,68,85.5,0.5,0
2022-09-08,2022,9,85,63,85.2,-0.200000000000003,0
2022-09-09,2022,9,88,63,84.8,3.2,0
2022-09-10,2022,9,74,68,84.5,-10.5,0.18
2022-09-11,2022,9,82,65,84.2,-2.2,0.44
2022-09-12,2022,9,79,58,83.8,-4.8,0
2022-09-13,2022,9,84,57,83.5,0.5,0
2022-09-14,2022,9,83,58,83.1,-0.0999999999999943,0
2022-09-15,2022,9,86,60,82.7,3.3,0
2022-09-16,2022,9,87,62,82.4,4.59999999999999,0
2022-09-17,2022,9,85,62,82,3,0
2022-09-18,2022,9,88,63,81.6,6.40000000000001,0
2022-09-19,2022,9,93,65,81.2,11.8,0
2022-09-20,2022,9,99,73,80.9,18.1,0
2022-09-21,2022,9,100,70,80.5,19.5,0
2022-09-22,2022,9,83,62,80.1,2.90000000000001,0
2022-09-23,2022,9,79,54,79.7,-0.700000000000003,0
2022-09-24,2022,9,87,62,79.3,7.7,0.01
2022-09-25,2022,9,87,65,78.9,8.09999999999999,0
2022-09-26,2022,9,79,54,78.6,0.400000000000006,0
2022-09-27,2022,9,77,44,78.2,-1.2,0
2022-09-28,2022,9,71,46,77.8,-6.8,0
2022-09-29,2022,9,76,50,77.4,-1.40000000000001,0
2022-09-30,2022,9,80,50,77.1,2.90000000000001,0
2022-10-01,2022,10,80,50,76.7,3.3,0
2022-10-02,2022,10,79,54,76.4,2.59999999999999,0
2022-10-03,2022,10,78,54,76,2,0
2022-10-04,2022,10,78,49,75.7,2.3,0
2022-10-05,2022,10,81,45,75.3,5.7,0
2022-10-06,2022,10,85,47,75,10,0
2022-10-07,2022,10,78,54,74.6,3.40000000000001,0
2022-10-08,2022,10,66,43,74.3,-8.3,0
2022-10-09,2022,10,71,38,74,-3,0
2022-10-10,2022,10,76,40,73.6,2.40000000000001,0
2022-10-11,2022,10,81,44,73.3,7.7,0
2022-10-12,2022,10,83,60,73,10,0.29
2022-10-13,2022,10,70,54,72.7,-2.7,0
2022-10-14,2022,10,76,45,72.3,3.7,0
2022-10-15,2022,10,80,60,72,8,0.01
2022-10-16,2022,10,68,59,71.7,-3.7,0.1
2022-10-17,2022,10,61,39,71.4,-10.4,0
2022-10-18,2022,10,54,35,71.1,-17.1,0
2022-10-19,2022,10,60,36,70.7,-10.7,0
2022-10-20,2022,10,64,33,70.4,-6.40000000000001,0
2022-10-21,2022,10,76,38,70.1,5.90000000000001,0
2022-10-22,2022,10,77,56,69.8,7.2,0
2022-10-23,2022,10,79,55,69.4,9.59999999999999,0
2022-10-24,2022,10,82,52,69.1,12.9,0
2022-10-25,2022,10,79,57,68.8,10.2,0.51
2022-10-26,2022,10,59,44,68.4,-9.40000000000001,0
2022-10-27,2022,10,68,40,68.1,-0.0999999999999943,0
2022-10-28,2022,10,75,43,67.8,7.2,0
2022-10-29,2022,10,76,46,67.4,8.59999999999999,0.05
2022-10-30,2022,10,66,59,67,-1,0.39
2022-10-31,2022,10,67,58,66.7,0.299999999999997,0.03
2022-11-01,2022,11,77,55,66.3,10.7,0
2022-11-02,2022,11,71,51,65.9,5.09999999999999,0.01
2022-11-03,2022,11,79,47,65.6,13.4,0
2022-11-04,2022,11,80,56,65.2,14.8,0
2022-11-05,2022,11,69,63,64.8,4.2,0.37
2022-11-06,2022,11,74,63,64.4,9.59999999999999,0.05
2022-11-07,2022,11,78,64,64,14,0
2022-11-08,2022,11,76,56,63.6,12.4,0
2022-11-09,2022,11,81,49,63.1,17.9,0
2022-11-10,2022,11,77,49,62.7,14.3,0
2022-11-11,2022,11,73,48,62.3,10.7,1.45
2022-11-12,2022,11,48,32,61.9,-13.9,0.08
2022-11-13,2022,11,41,31,61.4,-20.4,0
2022-11-14,2022,11,52,28,61,-9,0
2022-11-15,2022,11,48,41,60.6,-12.6,0.3
2022-11-16,2022,11,48,33,60.1,-12.1,0
2022-11-17,2022,11,45,26,59.7,-14.7,0
2022-11-18,2022,11,46,26,59.2,-13.2,0
2022-11-19,2022,11,49,24,58.8,-9.8,0
2022-11-20,2022,11,43,25,58.4,-15.4,0
2022-11-21,2022,11,55,21,57.9,-2.9,0
2022-11-22,2022,11,63,25,57.5,5.5,0
2022-11-23,2022,11,66,30,57.1,8.9,0
2022-11-24,2022,11,70,37,56.6,13.4,0.01
2022-11-25,2022,11,64,44,56.2,7.8,0.01
2022-11-26,2022,11,61,37,55.8,5.2,0.22
2022-11-27,2022,11,64,48,55.4,8.6,0.19
2022-11-28,2022,11,58,44,54.9,3.1,0
2022-11-29,2022,11,69,41,54.5,14.5,1.21
2022-11-30,2022,11,63,31,54.1,8.9,0.48
2022-12-01,2022,12,48,27,53.8,-5.8,0
2022-12-02,2022,12,62,33,53.4,8.6,0
2022-12-03,2022,12,63,35,53,10,0.3
2022-12-04,2022,12,45,32,52.6,-7.6,0
2022-12-05,2022,12,56,32,52.3,3.7,0.18
2022-12-06,2022,12,73,56,51.9,21.1,0.42
2022-12-07,2022,12,68,56,51.6,16.4,0.51
2022-12-08,2022,12,59,55,51.3,7.7,0.9
2022-12-09,2022,12,61,51,51,10,0
2022-12-10,2022,12,57,48,50.7,6.3,0.03
2022-12-11,2022,12,53,47,50.4,2.6,0
2022-12-12,2022,12,57,41,50.1,6.9,0
2022-12-13,2022,12,61,35,49.8,11.2,0
2022-12-14,2022,12,56,51,49.6,6.4,1.25
2022-12-15,2022,12,51,42,49.3,1.7,0
2022-12-16,2022,12,49,31,49.1,-0.100000000000001,0
2022-12-17,2022,12,47,31,48.8,-1.8,0
2022-12-18,2022,12,43,26,48.6,-5.6,0
2022-12-19,2022,12,44,25,48.4,-4.4,0
2022-12-20,2022,12,55,31,48.2,6.8,0
2022-12-21,2022,12,53,27,48,5,0
2022-12-22,2022,12,51,10,47.9,3.1,0.11
2022-12-23,2022,12,11,-1,47.7,-36.7,0
2022-12-24,2022,12,25,5,47.6,-22.6,0
2022-12-25,2022,12,31,14,47.4,-16.4,0
2022-12-26,2022,12,34,18,47.3,-13.3,0.05
2022-12-27,2022,12,46,27,47.2,-1.2,0
2022-12-28,2022,12,61,24,47.1,13.9,0
2022-12-29,2022,12,64,51,47,17,0.04
2022-12-30,2022,12,68,52,46.9,21.1,0.3
2022-12-31,2022,12,63,47,46.8,16.2,0.4
2023-01-01,2023,1,70,45,46.7,23.3,0
2023-01-02,2023,1,75,53,46.6,28.4,0.04
2023-01-03,2023,1,71,58,46.6,24.4,1.53
2023-01-04,2023,1,65,45,46.5,18.5,0.07
2023-01-05,2023,1,56,36,46.5,9.5,0
2023-01-06,2023,1,55,31,46.5,8.5,0
2023-01-07,2023,1,49,40,46.4,2.6,0.11
2023-01-08,2023,1,51,39,46.4,4.6,0
2023-01-09,2023,1,53,34,46.4,6.6,0
2023-01-10,2023,1,62,30,46.4,15.6,0
2023-01-11,2023,1,66,48,46.4,19.6,0
2023-01-12,2023,1,69,40,46.4,22.6,0.31
2023-01-13,2023,1,40,33,46.5,-6.5,0.01
2023-01-14,2023,1,40,29,46.5,-6.5,0
2023-01-15,2023,1,54,26,46.5,7.5,0
2023-01-16,2023,1,60,36,46.6,13.4,0.12
2023-01-17,2023,1,70,47,46.6,23.4,0.28
2023-01-18,2023,1,70,43,46.7,23.3,0.02
2023-01-19,2023,1,68,42,46.8,21.2,0.7
2023-01-20,2023,1,51,33,46.8,4.2,0
2023-01-21,2023,1,51,28,46.9,4.1,0
2023-01-22,2023,1,47,39,47,0,0.17
2023-01-23,2023,1,50,31,47.1,2.9,0
2023-01-24,2023,1,52,27,47.3,4.7,0.13
2023-01-25,2023,1,55,38,47.4,7.6,0.2
2023-01-26,2023,1,41,28,47.5,-6.5,0
2023-01-27,2023,1,55,25,47.6,7.4,0
2023-01-28,2023,1,61,36,47.8,13.2,0
2023-01-29,2023,1,52,45,48,4,0.78
2023-01-30,2023,1,52,38,48.1,3.9,0.03
2023-01-31,2023,1,38,30,48.3,-10.3,0.41
2023-02-01,2023,2,33,29,48.5,-15.5,0
2023-02-02,2023,2,36,32,48.7,-12.7,0.12
2023-02-03,2023,2,36,24,48.9,-12.9,0
2023-02-04,2023,2,52,19,49.1,2.9,0
2023-02-05,2023,2,61,40,49.3,11.7,0
2023-02-06,2023,2,64,31,49.5,14.5,0
2023-02-07,2023,2,70,42,49.7,20.3,0
2023-02-08,2023,2,67,54,50,17,0
2023-02-09,2023,2,67,48,50.2,16.8,0.29
2023-02-10,2023,2,58,39,50.4,7.6,0
2023-02-11,2023,2,56,35,50.7,5.3,0.01
2023-02-12,2023,2,59,36,51,8,0
2023-02-13,2023,2,70,31,51.2,18.8,0
2023-02-14,2023,2,68,37,51.5,16.5,0
2023-02-15,2023,2,71,58,51.8,19.2,0.02
2023-02-16,2023,2,74,44,52.1,21.9,1.77
2023-02-17,2023,2,44,27,52.3,-8.3,0.01
2023-02-18,2023,2,52,22,52.6,-0.600000000000001,0
2023-02-19,2023,2,63,44,52.9,10.1,0
2023-02-20,2023,2,69,52,53.2,15.8,0
2023-02-21,2023,2,69,45,53.5,15.5,0
2023-02-22,2023,2,80,63,53.8,26.2,0.07
2023-02-23,2023,2,85,55,54.1,30.9,0
2023-02-24,2023,2,55,42,54.5,0.5,0.04
2023-02-25,2023,2,52,44,54.8,-2.8,0.32
2023-02-26,2023,2,59,45,55.1,3.9,0.01
2023-02-27,2023,2,80,55,55.4,24.6,0.14
2023-02-28,2023,2,76,51,55.7,20.3,0
2023-03-01,2023,3,78,53,56.1,21.9,0.42
2023-03-02,2023,3,65,57,56.4,8.6,0.14
2023-03-03,2023,3,75,47,56.7,18.3,0.42
2023-03-04,2023,3,64,45,57,7,0
2023-03-05,2023,3,72,37,57.4,14.6,0
2023-03-06,2023,3,80,47,57.7,22.3,0
2023-03-07,2023,3,67,48,58,9,0
2023-03-08,2023,3,59,45,58.4,0.600000000000001,0
2023-03-09,2023,3,61,45,58.7,2.3,0
2023-03-10,2023,3,55,40,59,-4,0
2023-03-11,2023,3,53,35,59.3,-6.3,0.31
2023-03-12,2023,3,51,43,59.7,-8.7,0.18
2023-03-13,2023,3,45,35,60,-15,0
2023-03-14,2023,3,46,31,60.3,-14.3,0
2023-03-15,2023,3,58,26,60.7,-2.7,0
2023-03-16,2023,3,70,35,61,9,0.13
2023-03-17,2023,3,59,38,61.3,-2.3,0.5
2023-03-18,2023,3,51,29,61.7,-10.7,0
2023-03-19,2023,3,40,25,62,-22,0
2023-03-20,2023,3,53,21,62.3,-9.3,0
2023-03-21,2023,3,58,31,62.7,-4.7,0.17
2023-03-22,2023,3,60,47,63,-3,0.16
2023-03-23,2023,3,74,56,63.3,10.7,0
2023-03-24,2023,3,75,58,63.7,11.3,0.74
2023-03-25,2023,3,74,50,64,10,0.01
2023-03-26,2023,3,79,44,64.3,14.7,0
2023-03-27,2023,3,72,46,64.6,7.40000000000001,0
2023-03-28,2023,3,61,44,65,-4,0
2023-03-29,2023,3,65,34,65.3,-0.299999999999997,0
2023-03-30,2023,3,73,37,65.6,7.40000000000001,0
2023-03-31,2023,3,74,57,65.9,8.09999999999999,0.16
2023-04-01,2023,4,76,45,66.2,9.8,0.19
2023-04-02,2023,4,69,39,66.6,2.40000000000001,0
2023-04-03,2023,4,64,56,66.9,-2.90000000000001,0
2023-04-04,2023,4,86,61,67.2,18.8,0
2023-04-05,2023,4,87,63,67.5,19.5,0.48
2023-04-06,2023,4,63,46,67.8,-4.8,1.4
2023-04-07,2023,4,60,47,68.1,-8.09999999999999,0.02
2023-04-08,2023,4,53,50,68.4,-15.4,0.08
2023-04-09,2023,4,71,46,68.7,2.3,0
2023-04-10,2023,4,75,42,69,6,0
2023-04-11,2023,4,76,44,69.3,6.7,0
2023-04-12,2023,4,80,45,69.6,10.4,0
2023-04-13,2023,4,80,46,69.9,10.1,0
2023-04-14,2023,4,74,57,70.2,3.8,0.03
2023-04-15,2023,4,83,52,70.5,12.5,0
2023-04-16,2023,4,72,49,70.8,1.2,0.03
2023-04-17,2023,4,70,47,71,-1,0
2023-04-18,2023,4,83,49,71.3,11.7,0
2023-04-19,2023,4,86,52,71.6,14.4,0
2023-04-20,2023,4,86,54,71.8,14.2,0
2023-04-21,2023,4,76,52,72.1,3.90000000000001,0.75
2023-04-22,2023,4,68,45,72.4,-4.40000000000001,0
2023-04-23,2023,4,62,42,72.6,-10.6,0
2023-04-24,2023,4,62,36,72.9,-10.9,0
2023-04-25,2023,4,70,41,73.1,-3.09999999999999,0
2023-04-26,2023,4,72,46,73.4,-1.40000000000001,0
2023-04-27,2023,4,64,55,73.6,-9.59999999999999,0.06
2023-04-28,2023,4,72,52,73.9,-1.90000000000001,0.2
2023-04-29,2023,4,73,49,74.1,-1.09999999999999,0
2023-04-30,2023,4,65,49,74.3,-9.3,0.01
2023-05-01,2023,5,67,48,74.6,-7.59999999999999,0
2023-05-02,2023,5,67,46,74.8,-7.8,0
2023-05-03,2023,5,70,48,75,-5,0
2023-05-04,2023,5,74,42,75.3,-1.3,0
2023-05-05,2023,5,76,55,75.5,0.5,0
2023-05-06,2023,5,83,57,75.7,7.3,0
2023-05-07,2023,5,87,63,76,11,2.24
2023-05-08,2023,5,82,64,76.2,5.8,0.06
2023-05-09,2023,5,86,63,76.4,9.59999999999999,0
2023-05-10,2023,5,86,60,76.7,9.3,0
2023-05-11,2023,5,78,67,76.9,1.09999999999999,0.02
2023-05-12,2023,5,72,63,77.1,-5.09999999999999,0.6
2023-05-13,2023,5,85,62,77.4,7.59999999999999,0.01
2023-05-14,2023,5,89,65,77.6,11.4,0.25
2023-05-15,2023,5,90,69,77.9,12.1,0.4
2023-05-16,2023,5,87,68,78.1,8.90000000000001,0.02
2023-05-17,2023,5,82,65,78.4,3.59999999999999,0
2023-05-18,2023,5,84,61,78.6,5.40000000000001,0
2023-05-19,2023,5,76,64,78.9,-2.90000000000001,0
2023-05-20,2023,5,72,59,79.1,-7.09999999999999,0.9
2023-05-21,2023,5,78,55,79.4,-1.40000000000001,0
2023-05-22,2023,5,82,60,79.6,2.40000000000001,0
2023-05-23,2023,5,83,63,79.9,3.09999999999999,0
2023-05-24,2023,5,85,62,80.2,4.8,0
2023-05-25,2023,5,83,59,80.4,2.59999999999999,0
2023-05-26,2023,5,80,57,80.7,-0.700000000000003,0
2023-05-27,2023,5,82,60,81,1,0
2023-05-28,2023,5,73,53,81.3,-8.3,0
2023-05-29,2023,5,81,58,81.6,-0.599999999999994,0
2023-05-30,2023,5,86,59,81.8,4.2,0
2023-05-31,2023,5,88,68,82.1,5.90000000000001,0.01
2023-06-01,2023,6,88,67,82.4,5.59999999999999,0
2023-06-02,2023,6,92,66,82.7,9.3,0
2023-06-03,2023,6,93,63,83,10,0
2023-06-04,2023,6,93,64,83.2,9.8,0.1
2023-06-05,2023,6,92,66,83.5,8.5,0
2023-06-06,2023,6,90,62,83.8,6.2,0
2023-06-07,2023,6,84,61,84.1,-0.0999999999999943,0
2023-06-08,2023,6,84,63,84.4,-0.400000000000006,0
2023-06-09,2023,6,84,54,84.6,-0.599999999999994,0
2023-06-10,2023,6,89,56,84.9,4.09999999999999,0
2023-06-11,2023,6,89,67,85.2,3.8,0.39
2023-06-12,2023,6,73,59,85.4,-12.4,0
2023-06-13,2023,6,80,54,85.7,-5.7,0
2023-06-14,2023,6,83,61,85.9,-2.90000000000001,0
2023-06-15,2023,6,84,66,86.1,-2.09999999999999,0
2023-06-16,2023,6,92,65,86.4,5.59999999999999,0
2023-06-17,2023,6,88,65,86.6,1.40000000000001,0
2023-06-18,2023,6,87,63,86.8,0.200000000000003,0.13
2023-06-19,2023,6,81,69,87,-6,0.77
2023-06-20,2023,6,84,70,87.2,-3.2,0.34
2023-06-21,2023,6,81,68,87.4,-6.40000000000001,0.12
2023-06-22,2023,6,78,66,87.6,-9.59999999999999,0.03
2023-06-23,2023,6,85,62,87.8,-2.8,0
2023-06-24,2023,6,93,63,87.9,5.09999999999999,0
2023-06-25,2023,6,95,70,88.1,6.90000000000001,0
2023-06-26,2023,6,90,74,88.2,1.8,0
2023-06-27,2023,6,89,67,88.4,0.599999999999994,0
2023-06-28,2023,6,93,67,88.5,4.5,0
2023-06-29,2023,6,88,69,88.6,-0.599999999999994,0.81
2023-06-30,2023,6,97,69,88.7,8.3,0.69
2023-07-01,2023,7,90,68,88.8,1.2,0.51
2023-07-02,2023,7,95,72,88.9,6.09999999999999,0.01
2023-07-03,2023,7,92,75,89,3,0
2023-07-04,2023,7,92,73,89,3,0.62
2023-07-05,2023,7,92,72,89.1,2.90000000000001,0.01
2023-07-06,2023,7,93,74,89.1,3.90000000000001,0.27
2023-07-07,2023,7,92,74,89.2,2.8,0
2023-07-08,2023,7,90,71,89.2,0.799999999999997,0.42
2023-07-09,2023,7,80,70,89.3,-9.3,0.12
2023-07-10,2023,7,87,66,89.3,-2.3,0
2023-07-11,2023,7,89,63,89.3,-0.299999999999997,0
2023-07-12,2023,7,92,66,89.3,2.7,0
2023-07-13,2023,7,92,77,89.4,2.59999999999999,0
2023-07-14,2023,7,91,75,89.4,1.59999999999999,0
2023-07-15,2023,7,89,74,89.4,-0.400000000000006,0.59
2023-07-16,2023,7,89,72,89.4,-0.400000000000006,0
2023-07-17,2023,7,90,68,89.4,0.599999999999994,0
2023-07-18,2023,7,91,70,89.4,1.59999999999999,1.15
2023-07-19,2023,7,80,69,89.4,-9.40000000000001,0.93
2023-07-20,2023,7,88,73,89.4,-1.40000000000001,0.18
2023-07-21,2023,7,90,71,89.4,0.599999999999994,0
2023-07-22,2023,7,86,70,89.4,-3.40000000000001,0
2023-07-23,2023,7,88,67,89.4,-1.40000000000001,0
2023-07-24,2023,7,91,67,89.4,1.59999999999999,0.02
2023-07-25,2023,7,93,70,89.4,3.59999999999999,0
2023-07-26,2023,7,92,74,89.4,2.59999999999999,0.01
2023-07-27,2023,7,96,76,89.4,6.59999999999999,0.01
2023-07-28,2023,7,98,75,89.4,8.59999999999999,0
2023-07-29,2023,7,97,73,89.4,7.59999999999999,1.11
2023-07-30,2023,7,90,72,89.5,0.5,0.02
2023-07-31,2023,7,92,70,89.5,2.5,0
2023-08-01,2023,8,89,70,89.5,-0.5,0
2023-08-02,2023,8,86,65,89.5,-3.5,0
2023-08-03,2023,8,81,72,89.5,-8.5,1.19
2023-08-04,2023,8,84,73,89.5,-5.5,0.12
2023-08-05,2023,8,87,72,89.5,-2.5,0.14
2023-08-06,2023,8,93,72,89.5,3.5,0.11
2023-08-07,2023,8,90,75,89.5,0.5,0.06
2023-08-08,2023,8,85,68,89.5,-4.5,0
2023-08-09,2023,8,86,68,89.5,-3.5,0.19
2023-08-10,2023,8,84,70,89.5,-5.5,0.3
2023-08-11,2023,8,93,71,89.5,3.5,0
2023-08-12,2023,8,87,72,89.5,-2.5,0.74
2023-08-13,2023,8,93,72,89.4,3.59999999999999,0.16
2023-08-14,2023,8,94,72,89.4,4.59999999999999,0.13
2023-08-15,2023,8,84,68,89.4,-5.40000000000001,0
2023-08-16,2023,8,82,63,89.3,-7.3,0
2023-08-17,2023,8,86,63,89.3,-3.3,0
2023-08-18,2023,8,87,68,89.2,-2.2,0
2023-08-19,2023,8,89,63,89.1,-0.0999999999999943,0
2023-08-20,2023,8,94,69,89.1,4.90000000000001,0
2023-08-21,2023,8,95,72,89,6,0
2023-08-22,2023,8,96,76,88.9,7.09999999999999,0
2023-08-23,2023,8,99,77,88.7,10.3,0
2023-08-24,2023,8,100,76,88.6,11.4,0
2023-08-25,2023,8,100,76,88.5,11.5,0
2023-08-26,2023,8,98,76,88.3,9.7,0.03
2023-08-27,2023,8,85,74,88.2,-3.2,0
2023-08-28,2023,8,85,73,88,-3,0
2023-08-29,2023,8,89,70,87.8,1.2,0
2023-08-30,2023,8,87,63,87.6,-0.599999999999994,0
2023-08-31,2023,8,82,61,87.4,-5.40000000000001,0
2023-09-01,2023,9,92,63,87.1,4.90000000000001,0
2023-09-02,2023,9,90,72,86.9,3.09999999999999,0
2023-09-03,2023,9,91,68,86.6,4.40000000000001,0
2023-09-04,2023,9,94,71,86.4,7.59999999999999,0
2023-09-05,2023,9,91,74,86.1,4.90000000000001,0.23
2023-09-06,2023,9,88,74,85.8,2.2,0.69
2023-09-07,2023,9,83,68,85.5,-2.5,0
2023-09-08,2023,9,85,63,85.2,-0.200000000000003,0
2023-09-09,2023,9,86,65,84.8,1.2,0
2023-09-10,2023,9,86,70,84.5,1.5,0
2023-09-11,2023,9,90,64,84.2,5.8,0
2023-09-12,2023,9,78,67,83.8,-5.8,0
2023-09-13,2023,9,83,61,83.5,-0.5,0
2023-09-14,2023,9,84,54,83.1,0.900000000000006,0
2023-09-15,2023,9,86,57,82.7,3.3,0
2023-09-16,2023,9,75,64,82.4,-7.40000000000001,0.17
2023-09-17,2023,9,80,59,82,-2,0.3
2023-09-18,2023,9,79,57,81.6,-2.59999999999999,0
2023-09-19,2023,9,83,55,81.2,1.8,0
2023-09-20,2023,9,88,59,80.9,7.09999999999999,0
2023-09-21,2023,9,87,64,80.5,6.5,0
2023-09-22,2023,9,87,59,80.1,6.90000000000001,0
2023-09-23,2023,9,87,59,79.7,7.3,0
2023-09-24,2023,9,86,53,79.3,6.7,0
2023-09-25,2023,9,89,64,78.9,10.1,0
2023-09-26,2023,9,91,61,78.6,12.4,0
2023-09-27,2023,9,87,65,78.2,8.8,0.05
2023-09-28,2023,9,72,65,77.8,-5.8,0.84
2023-09-29,2023,9,85,64,77.4,7.59999999999999,0.16
2023-09-30,2023,9,88,63,77.1,10.9,0
2023-10-01,2023,10,88,62,76.7,11.3,0
2023-10-02,2023,10,89,62,76.4,12.6,0
2023-10-03,2023,10,88,61,76,12,0
2023-10-04,2023,10,86,61,75.7,10.3,0
2023-10-05,2023,10,79,66,75.3,3.7,0.3
2023-10-06,2023,10,79,58,75,4,0
2023-10-07,2023,10,66,46,74.6,-8.59999999999999,0
2023-10-08,2023,10,69,42,74.3,-5.3,0
2023-10-09,2023,10,73,48,74,-1,0
2023-10-10,2023,10,76,52,73.6,2.40000000000001,0
2023-10-11,2023,10,73,51,73.3,-0.299999999999997,0
2023-10-12,2023,10,81,54,73,8,0
2023-10-13,2023,10,77,56,72.7,4.3,0
2023-10-14,2023,10,68,56,72.3,-4.3,0
2023-10-15,2023,10,58,51,72,-14,0
2023-10-16,2023,10,58,49,71.7,-13.7,0
2023-10-17,2023,10,60,45,71.4,-11.4,0
2023-10-18,2023,10,73,41,71.1,1.90000000000001,0
2023-10-19,2023,10,74,51,70.7,3.3,0
2023-10-20,2023,10,75,51,70.4,4.59999999999999,0
2023-10-21,2023,10,83,45,70.1,12.9,0
2023-10-22,2023,10,72,50,69.8,2.2,0
2023-10-23,2023,10,79,47,69.4,9.59999999999999,0
2023-10-24,2023,10,79,56,69.1,9.90000000000001,0
2023-10-25,2023,10,81,53,68.8,12.2,0
2023-10-26,2023,10,84,58,68.4,15.6,0
2023-10-27,2023,10,81,66,68.1,12.9,0
2023-10-28,2023,10,87,66,67.8,19.2,0
2023-10-29,2023,10,80,59,67.4,12.6,0
2023-10-30,2023,10,59,37,67,-8,0.43
2023-10-31,2023,10,53,33,66.7,-13.7,0
2023-11-01,2023,11,51,30,66.3,-15.3,0
2023-11-02,2023,11,61,28,65.9,-4.90000000000001,0
2023-11-03,2023,11,67,36,65.6,1.40000000000001,0
2023-11-04,2023,11,74,41,65.2,8.8,0
2023-11-05,2023,11,75,48,64.8,10.2,0
2023-11-06,2023,11,79,45,64.4,14.6,0
2023-11-07,2023,11,80,55,64,16,0
2023-11-08,2023,11,83,56,63.6,19.4,0
2023-11-09,2023,11,72,53,63.1,8.9,0.11
2023-11-10,2023,11,62,50,62.7,-0.700000000000003,0.22
2023-11-11,2023,11,66,43,62.3,3.7,0
2023-11-12,2023,11,69,41,61.9,7.1,0
2023-11-13,2023,11,70,39,61.4,8.6,0
2023-11-14,2023,11,66,41,61,5,0
2023-11-15,2023,11,69,44,60.6,8.4,0.04
2023-11-16,2023,11,77,53,60.1,16.9,0
2023-11-17,2023,11,69,59,59.7,9.3,0
2023-11-18,2023,11,60,43,59.2,0.799999999999997,0
2023-11-19,2023,11,64,33,58.8,5.2,0
2023-11-20,2023,11,71,43,58.4,12.6,0.34
2023-11-21,2023,11,59,46,57.9,1.1,0.77
2023-11-22,2023,11,50,35,57.5,-7.5,0
2023-11-23,2023,11,58,31,57.1,0.899999999999999,0
2023-11-24,2023,11,62,41,56.6,5.4,0
2023-11-25,2023,11,59,36,56.2,2.8,0
2023-11-26,2023,11,53,37,55.8,-2.8,0.01
2023-11-27,2023,11,48,34,55.4,-7.4,0
2023-11-28,2023,11,43,25,54.9,-11.9,0
2023-11-29,2023,11,60,22,54.5,5.5,0
2023-11-30,2023,11,65,38,54.1,10.9,0.05
2023-12-01,2023,12,61,45,53.8,7.2,0.58
2023-12-02,2023,12,60,53,53.4,6.6,0.26
2023-12-03,2023,12,60,39,53,7,0
2023-12-04,2023,12,58,40,52.6,5.4,0.01
2023-12-05,2023,12,60,33,52.3,7.7,0
2023-12-06,2023,12,49,32,51.9,-2.9,0
2023-12-07,2023,12,61,31,51.6,9.4,0
2023-12-08,2023,12,65,40,51.3,13.7,0
2023-12-09,2023,12,68,51,51,17,0.89
2023-12-10,2023,12,51,31,50.7,0.299999999999997,0
2023-12-11,2023,12,48,27,50.4,-2.4,0
2023-12-12,2023,12,60,28,50.1,9.9,0
2023-12-13,2023,12,60,32,49.8,10.2,0
2023-12-14,2023,12,62,32,49.6,12.4,0
2023-12-15,2023,12,62,31,49.3,12.7,0
2023-12-16,2023,12,63,38,49.1,13.9,0.13
2023-12-17,2023,12,52,43,48.8,3.2,0.04
2023-12-18,2023,12,48,30,48.6,-0.600000000000001,0
2023-12-19,2023,12,42,26,48.4,-6.4,0
2023-12-20,2023,12,53,25,48.2,4.8,0
2023-12-21,2023,12,56,31,48,8,0
2023-12-22,2023,12,62,30,47.9,14.1,0
2023-12-23,2023,12,54,48,47.7,6.3,0.32
2023-12-24,2023,12,68,48,47.6,20.4,0.01
2023-12-25,2023,12,63,52,47.4,15.6,0.77
2023-12-26,2023,12,54,38,47.3,6.7,0
2023-12-27,2023,12,53,32,47.2,5.8,0
2023-12-28,2023,12,44,31,47.1,-3.1,0
2023-12-29,2023,12,41,37,47,-6,0
2023-12-30,2023,12,41,31,46.9,-5.9,0
2023-12-31,2023,12,59,32,46.8,12.2,0
2024-01-01,2024,1,40,34,46.7,-6.7,0
2024-01-02,2024,1,47,30,46.6,0.399999999999999,0
2024-01-03,2024,1,41,25,46.6,-5.6,0
2024-01-04,2024,1,45,31,46.5,-1.5,0
2024-01-05,2024,1,51,24,46.5,4.5,0
2024-01-06,2024,1,46,40,46.5,-0.5,0.5
2024-01-07,2024,1,49,31,46.4,2.6,0
2024-01-08,2024,1,54,27,46.4,7.6,0.45
2024-01-09,2024,1,52,37,46.4,5.6,0.61
2024-01-10,2024,1,47,36,46.4,0.600000000000001,0
2024-01-11,2024,1,59,36,46.4,12.6,0
2024-01-12,2024,1,57,32,46.4,10.6,1.1
2024-01-13,2024,1,44,29,46.5,-2.5,0
2024-01-14,2024,1,37,16,46.5,-9.5,0.17
2024-01-15,2024,1,17,12,46.5,-29.5,0.55
2024-01-16,2024,1,19,7,46.6,-27.6,0
2024-01-17,2024,1,27,-1,46.6,-19.6,0
2024-01-18,2024,1,34,15,46.7,-12.7,0.12
2024-01-19,2024,1,34,13,46.8,-12.8,0
2024-01-20,2024,1,17,7,46.8,-29.8,0
2024-01-21,2024,1,32,4,46.9,-14.9,0
2024-01-22,2024,1,48,17,47,1,0
2024-01-23,2024,1,57,43,47.1,9.9,0
2024-01-24,2024,1,61,53,47.3,13.7,0.69
2024-01-25,2024,1,63,57,47.4,15.6,0.73
2024-01-26,2024,1,65,49,47.5,17.5,0
2024-01-27,2024,1,62,42,47.6,14.4,0.45
2024-01-28,2024,1,43,38,47.8,-4.8,0.02
2024-01-29,2024,1,39,32,48,-9,0
2024-01-30,2024,1,60,27,48.1,11.9,0.01
2024-01-31,2024,1,49,32,48.3,0.700000000000003,0
2024-02-01,2024,2,58,28,48.5,9.5,0
2024-02-02,2024,2,71,41,48.7,22.3,0
2024-02-03,2024,2,68,39,48.9,19.1,0
2024-02-04,2024,2,61,44,49.1,11.9,0
2024-02-05,2024,2,65,42,49.3,15.7,0
2024-02-06,2024,2,59,37,49.5,9.5,0
2024-02-07,2024,2,69,30,49.7,19.3,0
2024-02-08,2024,2,63,46,50,13,0
2024-02-09,2024,2,62,52,50.2,11.8,0.49
2024-02-10,2024,2,63,51,50.4,12.6,0.77
2024-02-11,2024,2,56,46,50.7,5.3,0.22
2024-02-12,2024,2,51,34,51,0,1.16
2024-02-13,2024,2,55,34,51.2,3.8,0
2024-02-14,2024,2,65,33,51.5,13.5,0
2024-02-15,2024,2,69,39,51.8,17.2,0
2024-02-16,2024,2,67,34,52.1,14.9,0.27
2024-02-17,2024,2,37,26,52.3,-15.3,0
2024-02-18,2024,2,52,19,52.6,-0.600000000000001,0
2024-02-19,2024,2,60,25,52.9,7.1,0
2024-02-20,2024,2,64,35,53.2,10.8,0
2024-02-21,2024,2,71,35,53.5,17.5,0
2024-02-22,2024,2,62,55,53.8,8.2,0.39
2024-02-23,2024,2,66,44,54.1,11.9,0
2024-02-24,2024,2,51,32,54.5,-3.5,0
2024-02-25,2024,2,68,28,54.8,13.2,0
2024-02-26,2024,2,76,55,55.1,20.9,0
2024-02-27,2024,2,75,62,55.4,19.6,0
2024-02-28,2024,2,73,35,55.7,17.3,0.51
2024-02-29,2024,2,50,30,55.9,-5.9,0
2024-03-01,2024,3,50,40,56.1,-6.1,0.23
2024-03-02,2024,3,60,45,56.4,3.6,0
2024-03-03,2024,3,69,40,56.7,12.3,0
2024-03-04,2024,3,78,56,57,21,0
2024-03-05,2024,3,64,58,57.4,6.6,0.52
2024-03-06,2024,3,62,55,57.7,4.3,0.46
2024-03-07,2024,3,68,54,58,10,0
2024-03-08,2024,3,68,56,58.4,9.6,0.27
2024-03-09,2024,3,58,42,58.7,-0.700000000000003,0.21
2024-03-10,2024,3,55,36,59,-4,0
2024-03-11,2024,3,63,30,59.3,3.7,0
2024-03-12,2024,3,72,37,59.7,12.3,0
2024-03-13,2024,3,78,46,60,18,0
2024-03-14,2024,3,81,56,60.3,20.7,0.37
2024-03-15,2024,3,70,52,60.7,9.3,0.83
2024-03-16,2024,3,70,42,61,9,0
2024-03-17,2024,3,62,43,61.3,0.700000000000003,0
2024-03-18,2024,3,47,30,61.7,-14.7,0
2024-03-19,2024,3,60,26,62,-2,0
2024-03-20,2024,3,73,45,62.3,10.7,0
2024-03-21,2024,3,68,43,62.7,5.3,0
2024-03-22,2024,3,77,51,63,14,0.17
2024-03-23,2024,3,58,43,63.3,-5.3,0
2024-03-24,2024,3,72,37,63.7,8.3,0
2024-03-25,2024,3,69,55,64,5,0.12
2024-03-26,2024,3,70,49,64.3,5.7,0.7
2024-03-27,2024,3,59,42,64.6,-5.59999999999999,0
2024-03-28,2024,3,65,40,65,0,0
2024-03-29,2024,3,73,38,65.3,7.7,0
2024-03-30,2024,3,79,54,65.6,13.4,0
2024-03-31,2024,3,77,60,65.9,11.1,0
2024-04-01,2024,4,79,69,66.2,12.8,0
2024-04-02,2024,4,74,53,66.6,7.40000000000001,0.98
2024-04-03,2024,4,57,45,66.9,-9.90000000000001,0.02
2024-04-04,2024,4,56,42,67.2,-11.2,0
2024-04-05,2024,4,51,36,67.5,-16.5,0
2024-04-06,2024,4,63,37,67.8,-4.8,0
2024-04-07,2024,4,77,40,68.1,8.90000000000001,0
2024-04-08,2024,4,74,58,68.4,5.59999999999999,0.05
2024-04-09,2024,4,64,58,68.7,-4.7,0.4
2024-04-10,2024,4,70,61,69,1,0.1
2024-04-11,2024,4,70,55,69.3,0.700000000000003,0.35
2024-04-12,2024,4,67,48,69.6,-2.59999999999999,0
2024-04-13,2024,4,80,42,69.9,10.1,0
2024-04-14,2024,4,87,56,70.2,16.8,0
2024-04-15,2024,4,86,60,70.5,15.5,0
2024-04-16,2024,4,87,65,70.8,16.2,0
2024-04-17,2024,4,80,66,71,9,0.06
2024-04-18,2024,4,87,66,71.3,15.7,0
2024-04-19,2024,4,73,58,71.6,1.40000000000001,0.02
2024-04-20,2024,4,67,48,71.8,-4.8,0.36
2024-04-21,2024,4,61,46,72.1,-11.1,0
2024-04-22,2024,4,67,37,72.4,-5.40000000000001,0
2024-04-23,2024,4,76,42,72.6,3.40000000000001,0
2024-04-24,2024,4,77,56,72.9,4.09999999999999,0.04
2024-04-25,2024,4,74,47,73.1,0.900000000000006,0
2024-04-26,2024,4,84,54,73.4,10.6,0.25
2024-04-27,2024,4,83,67,73.6,9.40000000000001,0
2024-04-28,2024,4,82,64,73.9,8.09999999999999,0
2024-04-29,2024,4,82,64,74.1,7.90000000000001,1.33
2024-04-30,2024,4,81,62,74.3,6.7,0.56
2024-05-01,2024,5,87,58,74.6,12.4,0
2024-05-02,2024,5,87,62,74.8,12.2,0
2024-05-03,2024,5,81,68,75,6,0.28
2024-05-04,2024,5,77,65,75.3,1.7,0.82
2024-05-05,2024,5,85,63,75.5,9.5,0
2024-05-06,2024,5,81,67,75.7,5.3,0.54
2024-05-07,2024,5,82,65,76,6,0.03
2024-05-08,2024,5,82,68,76.2,5.8,0.63
2024-05-09,2024,5,84,65,76.4,7.59999999999999,1.7
2024-05-10,2024,5,71,53,76.7,-5.7,0
2024-05-11,2024,5,80,50,76.9,3.09999999999999,0
2024-05-12,2024,5,81,50,77.1,3.90000000000001,0
2024-05-13,2024,5,72,59,77.4,-5.40000000000001,0.02
2024-05-14,2024,5,78,59,77.6,0.400000000000006,0.73
2024-05-15,2024,5,77,59,77.9,-0.900000000000006,0.03
2024-05-16,2024,5,82,61,78.1,3.90000000000001,0
2024-05-17,2024,5,73,66,78.4,-5.40000000000001,0.06
2024-05-18,2024,5,79,66,78.6,0.400000000000006,0
2024-05-19,2024,5,88,63,78.9,9.09999999999999,0
2024-05-20,2024,5,91,64,79.1,11.9,0
2024-05-21,2024,5,90,67,79.4,10.6,0
2024-05-22,2024,5,87,66,79.6,7.40000000000001,0.66
2024-05-23,2024,5,86,66,79.9,6.09999999999999,0.05
2024-05-24,2024,5,77,67,80.2,-3.2,0
2024-05-25,2024,5,87,68,80.4,6.59999999999999,0.25
2024-05-26,2024,5,82,65,80.7,1.3,0.83
2024-05-27,2024,5,86,64,81,5,0.52
2024-05-28,2024,5,86,63,81.3,4.7,0
2024-05-29,2024,5,82,58,81.6,0.400000000000006,0
2024-05-30,2024,5,81,55,81.8,-0.799999999999997,0
2024-05-31,2024,5,83,59,82.1,0.900000000000006,0
2024-06-01,2024,6,72,63,82.4,-10.4,0.61
2024-06-02,2024,6,87,66,82.7,4.3,0
2024-06-03,2024,6,90,65,83,7,0
2024-06-04,2024,6,84,71,83.2,0.799999999999997,0.07
2024-06-05,2024,6,89,71,83.5,5.5,0.15
2024-06-06,2024,6,89,71,83.8,5.2,0
2024-06-07,2024,6,87,62,84.1,2.90000000000001,0
2024-06-08,2024,6,88,59,84.4,3.59999999999999,0
2024-06-09,2024,6,80,64,84.6,-4.59999999999999,0.17
2024-06-10,2024,6,84,59,84.9,-0.900000000000006,0
2024-06-11,2024,6,81,57,85.2,-4.2,0
2024-06-12,2024,6,84,57,85.4,-1.40000000000001,0
2024-06-13,2024,6,94,61,85.7,8.3,0
2024-06-14,2024,6,96,68,85.9,10.1,0
2024-06-15,2024,6,96,73,86.1,9.90000000000001,0
2024-06-16,2024,6,98,73,86.4,11.6,0.7
2024-06-17,2024,6,94,73,86.6,7.40000000000001,0
2024-06-18,2024,6,89,76,86.8,2.2,0
2024-06-19,2024,6,87,72,87,0,0
2024-06-20,2024,6,93,69,87.2,5.8,0
2024-06-21,2024,6,96,72,87.4,8.59999999999999,0
2024-06-22,2024,6,97,74,87.6,9.40000000000001,0
2024-06-23,2024,6,94,72,87.8,6.2,0.04
2024-06-24,2024,6,94,72,87.9,6.09999999999999,0
2024-06-25,2024,6,98,69,88.1,9.90000000000001,0
2024-06-26,2024,6,96,73,88.2,7.8,0.62
2024-06-27,2024,6,88,73,88.4,-0.400000000000006,0
2024-06-28,2024,6,95,71,88.5,6.5,0
2024-06-29,2024,6,97,78,88.6,8.40000000000001,0
2024-06-30,2024,6,94,73,88.7,5.3,0.22
2024-07-01,2024,7,85,67,88.8,-3.8,0
2024-07-02,2024,7,96,63,88.9,7.09999999999999,0
2024-07-03,2024,7,96,79,89,7,0
2024-07-04,2024,7,99,78,89,10,0
2024-07-05,2024,7,93,76,89.1,3.90000000000001,0.04
2024-07-06,2024,7,90,72,89.1,0.900000000000006,0
2024-07-07,2024,7,94,68,89.2,4.8,0
2024-07-08,2024,7,99,74,89.2,9.8,0
2024-07-09,2024,7,97,73,89.3,7.7,0.28
2024-07-10,2024,7,89,71,89.3,-0.299999999999997,0
2024-07-11,2024,7,93,69,89.3,3.7,0
2024-07-12,2024,7,96,71,89.3,6.7,0
2024-07-13,2024,7,99,72,89.4,9.59999999999999,0
2024-07-14,2024,7,100,73,89.4,10.6,0
2024-07-15,2024,7,99,76,89.4,9.59999999999999,0
2024-07-16,2024,7,96,77,89.4,6.59999999999999,0
2024-07-17,2024,7,95,75,89.4,5.59999999999999,0
2024-07-18,2024,7,88,70,89.4,-1.40000000000001,0.09
2024-07-19,2024,7,84,65,89.4,-5.40000000000001,0
2024-07-20,2024,7,91,69,89.4,1.59999999999999,0
2024-07-21,2024,7,93,70,89.4,3.59999999999999,0.03
2024-07-22,2024,7,89,72,89.4,-0.400000000000006,0
2024-07-23,2024,7,81,72,89.4,-8.40000000000001,0.26
2024-07-24,2024,7,85,72,89.4,-4.40000000000001,0.02
2024-07-25,2024,7,89,72,89.4,-0.400000000000006,0
2024-07-26,2024,7,87,73,89.4,-2.40000000000001,0.13
2024-07-27,2024,7,93,72,89.4,3.59999999999999,0
2024-07-28,2024,7,85,75,89.4,-4.40000000000001,0.99
2024-07-29,2024,7,86,73,89.4,-3.40000000000001,0.34
2024-07-30,2024,7,96,73,89.5,6.5,0.85
2024-07-31,2024,7,97,73,89.5,7.5,0
2024-08-01,2024,8,96,78,89.5,6.5,0.04
2024-08-02,2024,8,93,75,89.5,3.5,0.32
2024-08-03,2024,8,91,72,89.5,1.5,0
2024-08-04,2024,8,94,72,89.5,4.5,0
2024-08-05,2024,8,95,75,89.5,5.5,0
2024-08-06,2024,8,96,73,89.5,6.5,0
2024-08-07,2024,8,84,74,89.5,-5.5,0
2024-08-08,2024,8,92,74,89.5,2.5,0
2024-08-09,2024,8,90,70,89.5,0.5,0
2024-08-10,2024,8,84,65,89.5,-5.5,0
2024-08-11,2024,8,85,63,89.5,-4.5,0
2024-08-12,2024,8,87,66,89.5,-2.5,0
2024-08-13,2024,8,90,68,89.4,0.599999999999994,0
2024-08-14,2024,8,91,72,89.4,1.59999999999999,0
2024-08-15,2024,8,97,68,89.4,7.59999999999999,0
2024-08-16,2024,8,97,77,89.3,7.7,0
2024-08-17,2024,8,99,72,89.3,9.7,0.29
2024-08-18,2024,8,90,70,89.2,0.799999999999997,0.02
2024-08-19,2024,8,85,69,89.1,-4.09999999999999,0
2024-08-20,2024,8,83,64,89.1,-6.09999999999999,0
2024-08-21,2024,8,82,58,89,-7,0
2024-08-22,2024,8,89,63,88.9,0.0999999999999943,0
2024-08-23,2024,8,93,68,88.7,4.3,0
2024-08-24,2024,8,93,65,88.6,4.40000000000001,0
2024-08-25,2024,8,96,65,88.5,7.5,0
2024-08-26,2024,8,99,66,88.3,10.7,0
2024-08-27,2024,8,100,68,88.2,11.8,0
2024-08-28,2024,8,101,72,88,13,0
2024-08-29,2024,8,102,73,87.8,14.2,0
2024-08-30,2024,8,98,74,87.6,10.4,0.44
2024-08-31,2024,8,94,72,87.4,6.59999999999999,0.1
2024-09-01,2024,9,88,68,87.1,0.900000000000006,1.46
2024-09-02,2024,9,86,67,86.9,-0.900000000000006,0
2024-09-03,2024,9,87,62,86.6,0.400000000000006,0
2024-09-04,2024,9,85,70,86.4,-1.40000000000001,0
2024-09-05,2024,9,92,68,86.1,5.90000000000001,0
2024-09-06,2024,9,93,67,85.8,7.2,0.04
2024-09-07,2024,9,78,59,85.5,-7.5,0
2024-09-08,2024,9,78,55,85.2,-7.2,0
2024-09-09,2024,9,83,52,84.8,-1.8,0
2024-09-10,2024,9,91,54,84.5,6.5,0
2024-09-11,2024,9,90,61,84.2,5.8,0
2024-09-12,2024,9,79,67,83.8,-4.8,0.11
2024-09-13,2024,9,85,74,83.5,1.5,0.06
2024-09-14,2024,9,83,71,83.1,-0.0999999999999943,0.47
2024-09-15,2024,9,86,71,82.7,3.3,0
2024-09-16,2024,9,90,68,82.4,7.59999999999999,0
2024-09-17,2024,9,86,62,82,4,0
2024-09-18,2024,9,86,67,81.6,4.40000000000001,0
2024-09-19,2024,9,92,67,81.2,10.8,0
2024-09-20,2024,9,96,67,80.9,15.1,0
2024-09-21,2024,9,95,69,80.5,14.5,0.35
2024-09-22,2024,9,93,70,80.1,12.9,0
2024-09-23,2024,9,90,71,79.7,10.3,0.21
2024-09-24,2024,9,87,68,79.3,7.7,0.92
2024-09-25,2024,9,76,66,78.9,-2.90000000000001,0
2024-09-26,2024,9,83,63,78.6,4.40000000000001,0.17
2024-09-27,2024,9,72,65,78.2,-6.2,4.45
2024-09-28,2024,9,68,62,77.8,-9.8,0.43
2024-09-29,2024,9,75,63,77.4,-2.40000000000001,0.11
2024-09-30,2024,9,77,67,77.1,-0.0999999999999943,0
2024-10-01,2024,10,84,65,76.7,7.3,0
2024-10-02,2024,10,77,59,76.4,0.599999999999994,0
2024-10-03,2024,10,86,56,76,10,0
2024-10-04,2024,10,89,63,75.7,13.3,0
2024-10-05,2024,10,89,63,75.3,13.7,0
2024-10-06,2024,10,90,63,75,15,0
2024-10-07,2024,10,77,57,74.6,2.40000000000001,0
2024-10-08,2024,10,77,51,74.3,2.7,0
2024-10-09,2024,10,79,50,74,5,0
2024-10-10,2024,10,82,51,73.6,8.40000000000001,0
2024-10-11,2024,10,81,50,73.3,7.7,0
2024-10-12,2024,10,83,51,73,10,0
2024-10-13,2024,10,86,63,72.7,13.3,0
2024-10-14,2024,10,67,47,72.3,-5.3,0
2024-10-15,2024,10,61,43,72,-11,0
2024-10-16,2024,10,62,40,71.7,-9.7,0
2024-10-17,2024,10,65,37,71.4,-6.40000000000001,0
2024-10-18,2024,10,71,39,71.1,-0.0999999999999943,0
2024-10-19,2024,10,74,42,70.7,3.3,0
2024-10-20,2024,10,77,42,70.4,6.59999999999999,0
2024-10-21,2024,10,78,42,70.1,7.90000000000001,0
2024-10-22,2024,10,81,45,69.8,11.2,0
2024-10-23,2024,10,86,56,69.4,16.6,0
2024-10-24,2024,10,79,51,69.1,9.90000000000001,0
2024-10-25,2024,10,87,52,68.8,18.2,0
2024-10-26,2024,10,71,55,68.4,2.59999999999999,0.05
2024-10-27,2024,10,73,49,68.1,4.90000000000001,0
2024-10-28,2024,10,80,48,67.8,12.2,0
2024-10-29,2024,10,80,62,67.4,12.6,0
2024-10-30,2024,10,81,59,67,14,0
2024-10-31,2024,10,80,63,66.7,13.3,0.44
2024-11-01,2024,11,68,50,66.3,1.7,0
2024-11-02,2024,11,74,48,65.9,8.09999999999999,0
2024-11-03,2024,11,81,51,65.6,15.4,0
2024-11-04,2024,11,80,62,65.2,14.8,0
2024-11-05,2024,11,77,67,64.8,12.2,0
2024-11-06,2024,11,80,68,64.4,15.6,0.12
2024-11-07,2024,11,70,60,64,6,0
2024-11-08,2024,11,66,54,63.6,2.4,0
2024-11-09,2024,11,66,50,63.1,2.9,0.71
2024-11-10,2024,11,68,62,62.7,5.3,0.68
2024-11-11,2024,11,72,50,62.3,9.7,0
2024-11-12,2024,11,67,47,61.9,5.1,0
2024-11-13,2024,11,64,44,61.4,2.6,0.81
2024-11-14,2024,11,64,53,61,3,0.12
2024-11-15,2024,11,54,50,60.6,-6.6,0
2024-11-16,2024,11,66,41,60.1,5.9,0
2024-11-17,2024,11,72,40,59.7,12.3,0
2024-11-18,2024,11,78,52,59.2,18.8,0
2024-11-19,2024,11,69,64,58.8,10.2,0.09
2024-11-20,2024,11,65,47,58.4,6.6,0
2024-11-21,2024,11,52,42,57.9,-5.9,0
2024-11-22,2024,11,53,42,57.5,-4.5,0
2024-11-23,2024,11,58,36,57.1,0.899999999999999,0
2024-11-24,2024,11,67,36,56.6,10.4,0
2024-11-25,2024,11,69,52,56.2,12.8,0.08
2024-11-26,2024,11,53,37,55.8,-2.8,0
2024-11-27,2024,11,61,34,55.4,5.6,0.09
2024-11-28,2024,11,58,38,54.9,3.1,0.02
2024-11-29,2024,11,46,31,54.5,-8.5,0
2024-11-30,2024,11,46,24,54.1,-8.1,0
2024-12-01,2024,12,48,30,53.8,-5.8,0
2024-12-02,2024,12,41,23,53.4,-12.4,0.01
2024-12-03,2024,12,34,23,53,-19,0
2024-12-04,2024,12,57,22,52.6,4.4,0
2024-12-05,2024,12,52,20,52.3,-0.299999999999997,0
2024-12-06,2024,12,38,17,51.9,-13.9,0
2024-12-07,2024,12,54,20,51.6,2.4,0
2024-12-08,2024,12,59,39,51.3,7.7,0.78
2024-12-09,2024,12,66,49,51,15,0.41
2024-12-10,2024,12,62,40,50.7,11.3,0.14
2024-12-11,2024,12,48,34,50.4,-2.4,0
2024-12-12,2024,12,50,27,50.1,-0.100000000000001,0
2024-12-13,2024,12,53,33,49.8,3.2,0
2024-12-14,2024,12,65,38,49.6,15.4,0.22
2024-12-15,2024,12,56,49,49.3,6.7,0.16
2024-12-16,2024,12,63,54,49.1,13.9,1.09
2024-12-17,2024,12,60,52,48.8,11.2,0
2024-12-18,2024,12,64,41,48.6,15.4,0.49
2024-12-19,2024,12,49,35,48.4,0.600000000000001,0
2024-12-20,2024,12,42,33,48.2,-6.2,0
2024-12-21,2024,12,42,30,48,-6,0
2024-12-22,2024,12,45,24,47.9,-2.9,0
2024-12-23,2024,12,55,28,47.7,7.3,0
2024-12-24,2024,12,57,41,47.6,9.4,0
2024-12-25,2024,12,63,39,47.4,15.6,0
2024-12-26,2024,12,62,49,47.3,14.7,0
2024-12-27,2024,12,59,52,47.2,11.8,0.54
2024-12-28,2024,12,65,55,47.1,17.9,0.57
2024-12-29,2024,12,64,49,47,17,0.3
2024-12-30,2024,12,63,49,46.9,16.1,0
2024-12-31,2024,12,61,44,46.8,14.2,0
2025-01-01,2025,1,44,28,46.7,-2.7,0
2025-01-02,2025,1,49,25,46.6,2.4,0
2025-01-03,2025,1,44,30,46.6,-2.6,0
2025-01-04,2025,1,43,29,46.5,-3.5,0
2025-01-05,2025,1,56,34,46.5,9.5,1.19
2025-01-06,2025,1,56,27,46.5,9.5,0
2025-01-07,2025,1,32,27,46.4,-14.4,0
2025-01-08,2025,1,34,20,46.4,-12.4,0
2025-01-09,2025,1,36,17,46.4,-10.4,0
2025-01-10,2025,1,33,29,46.4,-13.4,0.4
2025-01-11,2025,1,35,24,46.4,-11.4,0
2025-01-12,2025,1,46,20,46.4,-0.399999999999999,0
2025-01-13,2025,1,44,25,46.5,-2.5,0
2025-01-14,2025,1,50,18,46.5,3.5,0
2025-01-15,2025,1,43,21,46.5,-3.5,0
2025-01-16,2025,1,55,27,46.6,8.4,0
2025-01-17,2025,1,62,27,46.6,15.4,0.1
2025-01-18,2025,1,51,35,46.7,4.3,0.23
2025-01-19,2025,1,35,13,46.8,-11.8,0.01
2025-01-20,2025,1,23,8,46.8,-23.8,0
2025-01-21,2025,1,27,10,46.9,-19.9,0
2025-01-22,2025,1,33,8,47,-14,0
2025-01-23,2025,1,46,21,47.1,-1.1,0
2025-01-24,2025,1,39,23,47.3,-8.3,0
2025-01-25,2025,1,53,21,47.4,5.6,0
2025-01-26,2025,1,50,34,47.5,2.5,0.01
2025-01-27,2025,1,50,33,47.6,2.4,0.01
2025-01-28,2025,1,60,29,47.8,12.2,0
2025-01-29,2025,1,66,41,48,18,0
2025-01-30,2025,1,61,40,48.1,12.9,0.79
2025-01-31,2025,1,65,50,48.3,16.7,0.37
2025-02-01,2025,2,51,40,48.5,2.5,0
2025-02-02,2025,2,68,37,48.7,19.3,0
2025-02-03,2025,2,74,47,48.9,25.1,0
2025-02-04,2025,2,65,50,49.1,15.9,0
2025-02-05,2025,2,70,49,49.3,20.7,0
2025-02-06,2025,2,73,45,49.5,23.5,0.02
2025-02-07,2025,2,52,42,49.7,2.3,0
2025-02-08,2025,2,72,44,50,22,0
2025-02-09,2025,2,47,37,50.2,-3.2,0.06
2025-02-10,2025,2,52,32,50.4,1.6,0.03
2025-02-11,2025,2,44,38,50.7,-6.7,1.67
2025-02-12,2025,2,57,40,51,6,0.49
2025-02-13,2025,2,47,26,51.2,-4.2,0.03
2025-02-14,2025,2,48,24,51.5,-3.5,0
2025-02-15,2025,2,68,43,51.8,16.2,2.9
2025-02-16,2025,2,59,30,52.1,6.9,0.7
2025-02-17,2025,2,41,26,52.3,-11.3,0
2025-02-18,2025,2,39,26,52.6,-13.6,0.06
2025-02-19,2025,2,28,19,52.9,-24.9,0.08
2025-02-20,2025,2,24,14,53.2,-29.2,0.01
2025-02-21,2025,2,36,12,53.5,-17.5,0
2025-02-22,2025,2,44,19,53.8,-9.8,0
2025-02-23,2025,2,53,22,54.1,-1.1,0
2025-02-24,2025,2,65,26,54.5,10.5,0
2025-02-25,2025,2,75,40,54.8,20.2,0
2025-02-26,2025,2,80,38,55.1,24.9,0
2025-02-27,2025,2,67,49,55.4,11.6,0
2025-02-28,2025,2,71,34,55.7,15.3,0
2025-03-01,2025,3,63,32,56.1,6.9,0
2025-03-02,2025,3,47,27,56.4,-9.4,0
2025-03-03,2025,3,65,27,56.7,8.3,0
2025-03-04,2025,3,74,47,57,17,0.48
2025-03-05,2025,3,58,36,57.4,0.600000000000001,0.03
2025-03-06,2025,3,53,36,57.7,-4.7,0
2025-03-07,2025,3,64,37,58,6,0
2025-03-08,2025,3,64,46,58.4,5.6,0
2025-03-09,2025,3,66,41,58.7,7.3,0
2025-03-10,2025,3,70,36,59,11,0
2025-03-11,2025,3,79,38,59.3,19.7,0
2025-03-12,2025,3,79,52,59.7,19.3,0
2025-03-13,2025,3,80,55,60,20,0
2025-03-14,2025,3,80,56,60.3,19.7,0
2025-03-15,2025,3,71,58,60.7,10.3,3.75
2025-03-16,2025,3,63,40,61,2,0
2025-03-17,2025,3,60,34,61.3,-1.3,0
2025-03-18,2025,3,77,39,61.7,15.3,0
2025-03-19,2025,3,74,54,62,12,0.18
2025-03-20,2025,3,54,33,62.3,-8.3,0
2025-03-21,2025,3,62,28,62.7,-0.700000000000003,0
2025-03-22,2025,3,69,47,63,6,0
2025-03-23,2025,3,76,40,63.3,12.7,0.35
2025-03-24,2025,3,69,46,63.7,5.3,0
2025-03-25,2025,3,73,50,64,9,0
2025-03-26,2025,3,68,48,64.3,3.7,0
2025-03-27,2025,3,79,48,64.6,14.4,0
2025-03-28,2025,3,81,64,65,16,0
2025-03-29,2025,3,76,64,65.3,10.7,0
2025-03-30,2025,3,74,62,65.6,8.40000000000001,0.47
2025-03-31,2025,3,66,45,65.9,0.0999999999999943,0.14
2025-04-01,2025,4,68,45,66.2,1.8,0
2025-04-02,2025,4,85,60,66.6,18.4,0
2025-04-03,2025,4,80,59,66.9,13.1,3.86
2025-04-04,2025,4,87,58,67.2,19.8,0
2025-04-05,2025,4,83,59,67.5,15.5,2.12
2025-04-06,2025,4,63,47,67.8,-4.8,0.34
2025-04-07,2025,4,60,44,68.1,-8.09999999999999,0
2025-04-08,2025,4,54,38,68.4,-14.4,0
2025-04-09,2025,4,69,33,68.7,0.299999999999997,0
2025-04-10,2025,4,78,50,69,9,0
2025-04-11,2025,4,62,46,69.3,-7.3,0.11
2025-04-12,2025,4,62,38,69.6,-7.59999999999999,0
2025-04-13,2025,4,75,38,69.9,5.09999999999999,0
2025-04-14,2025,4,87,59,70.2,16.8,0.02
2025-04-15,2025,4,68,45,70.5,-2.5,0
2025-04-16,2025,4,72,40,70.8,1.2,0
2025-04-17,2025,4,79,47,71,8,0
2025-04-18,2025,4,85,62,71.3,13.7,0
2025-04-19,2025,4,83,67,71.6,11.4,0
2025-04-20,2025,4,86,62,71.8,14.2,0
2025-04-21,2025,4,73,60,72.1,0.900000000000006,0.62
2025-04-22,2025,4,78,57,72.4,5.59999999999999,0
2025-04-23,2025,4,83,59,72.6,10.4,0.38
2025-04-24,2025,4,77,63,72.9,4.09999999999999,0.82
2025-04-25,2025,4,74,63,73.1,0.900000000000006,0.16
2025-04-26,2025,4,78,57,73.4,4.59999999999999,0
2025-04-27,2025,4,73,53,73.6,-0.599999999999994,0
2025-04-28,2025,4,87,53,73.9,13.1,0
2025-04-29,2025,4,86,69,74.1,11.9,0
2025-04-30,2025,4,87,67,74.3,12.7,0
2025-05-01,2025,5,81,64,74.6,6.40000000000001,0.08
2025-05-02,2025,5,80,63,74.8,5.2,0.32
2025-05-03,2025,5,65,53,75,-10,0.99
2025-05-04,2025,5,61,49,75.3,-14.3,0
2025-05-05,2025,5,62,49,75.5,-13.5,0.04
2025-05-06,2025,5,75,49,75.7,-0.700000000000003,0
2025-05-07,2025,5,67,59,76,-9,0.06
2025-05-08,2025,5,80,61,76.2,3.8,0.36
2025-05-09,2025,5,75,57,76.4,-1.40000000000001,0
2025-05-10,2025,5,73,54,76.7,-3.7,0
2025-05-11,2025,5,81,61,76.9,4.09999999999999,0.16
2025-05-12,2025,5,80,62,77.1,2.90000000000001,0.59
2025-05-13,2025,5,79,59,77.4,1.59999999999999,0
2025-05-14,2025,5,85,60,77.6,7.40000000000001,0
2025-05-15,2025,5,87,70,77.9,9.09999999999999,0
2025-05-16,2025,5,85,66,78.1,6.90000000000001,0.59
2025-05-17,2025,5,87,64,78.4,8.59999999999999,0.63
2025-05-18,2025,5,83,64,78.6,4.40000000000001,0
2025-05-19,2025,5,85,68,78.9,6.09999999999999,0.82
2025-05-20,2025,5,83,66,79.1,3.90000000000001,1.62
2025-05-21,2025,5,80,62,79.4,0.599999999999994,0
2025-05-22,2025,5,79,60,79.6,-0.599999999999994,0
2025-05-23,2025,5,74,55,79.9,-5.90000000000001,0
2025-05-24,2025,5,71,58,80.2,-9.2,0
2025-05-25,2025,5,79,59,80.4,-1.40000000000001,1.26
2025-05-26,2025,5,70,61,80.7,-10.7,0.54
2025-05-27,2025,5,74,64,81,-7,0.43
2025-05-28,2025,5,81,66,81.3,-0.299999999999997,0
2025-05-29,2025,5,82,65,81.6,0.400000000000006,0.02
2025-05-30,2025,5,77,63,81.8,-4.8,0.02
2025-05-31,2025,5,83,62,82.1,0.900000000000006,0
2025-06-01,2025,6,84,62,82.4,1.59999999999999,0
2025-06-02,2025,6,89,65,82.7,6.3,0
2025-06-03,2025,6,90,67,83,7,0
2025-06-04,2025,6,88,67,83.2,4.8,0
2025-06-05,2025,6,88,69,83.5,4.5,0
2025-06-06,2025,6,89,71,83.8,5.2,0.1
2025-06-07,2025,6,84,71,84.1,-0.0999999999999943,0.01
2025-06-08,2025,6,84,67,84.4,-0.400000000000006,0
2025-06-09,2025,6,84,64,84.6,-0.599999999999994,0.84
2025-06-10,2025,6,86,61,84.9,1.09999999999999,0
2025-06-11,2025,6,88,62,85.2,2.8,0
2025-06-12,2025,6,90,68,85.4,4.59999999999999,0
2025-06-13,2025,6,87,70,85.7,1.3,0.88
2025-06-14,2025,6,84,70,85.9,-1.90000000000001,0.6
2025-06-15,2025,6,90,70,86.1,3.90000000000001,0.03
2025-06-16,2025,6,89,72,86.4,2.59999999999999,0.05
2025-06-17,2025,6,84,71,86.6,-2.59999999999999,0.98
2025-06-18,2025,6,90,74,86.8,3.2,0
2025-06-19,2025,6,85,69,87,-2,0.21
2025-06-20,2025,6,91,69,87.2,3.8,0
2025-06-21,2025,6,97,70,87.4,9.59999999999999,0
2025-06-22,2025,6,93,75,87.6,5.40000000000001,0
2025-06-23,2025,6,97,73,87.8,9.2,0.23
2025-06-24,2025,6,96,75,87.9,8.09999999999999,0
2025-06-25,2025,6,98,77,88.1,9.90000000000001,0
2025-06-26,2025,6,94,77,88.2,5.8,0
2025-06-27,2025,6,94,72,88.4,5.59999999999999,0.48
2025-06-28,2025,6,87,71,88.5,-1.5,0.84
2025-06-29,2025,6,91,71,88.6,2.40000000000001,0
2025-06-30,2025,6,91,73,88.7,2.3,0
2025-07-01,2025,7,88,72,88.8,-0.799999999999997,0.62
2025-07-02,2025,7,92,69,88.9,3.09999999999999,0
2025-07-03,2025,7,92,70,89,3,0
2025-07-04,2025,7,95,70,89,6,0
2025-07-05,2025,7,95,73,89.1,5.90000000000001,0
2025-07-06,2025,7,95,74,89.1,5.90000000000001,0
2025-07-07,2025,7,92,73,89.2,2.8,0.84
2025-07-08,2025,7,94,71,89.2,4.8,0.03
2025-07-09,2025,7,90,72,89.3,0.700000000000003,0
2025-07-10,2025,7,91,71,89.3,1.7,0.04
2025-07-11,2025,7,94,73,89.3,4.7,0
2025-07-12,2025,7,93,74,89.3,3.7,0.15
2025-07-13,2025,7,92,74,89.4,2.59999999999999,0.23
2025-07-14,2025,7,94,72,89.4,4.59999999999999,0
2025-07-15,2025,7,95,74,89.4,5.59999999999999,0
2025-07-16,2025,7,94,76,89.4,4.59999999999999,0.15
2025-07-17,2025,7,95,76,89.4,5.59999999999999,0
2025-07-18,2025,7,95,74,89.4,5.59999999999999,0.65
2025-07-19,2025,7,90,73,89.4,0.599999999999994,0.38
2025-07-20,2025,7,95,76,89.4,5.59999999999999,0
2025-07-21,2025,7,96,74,89.4,6.59999999999999,0.12
2025-07-22,2025,7,93,75,89.4,3.59999999999999,0.48
2025-07-23,2025,7,96,76,89.4,6.59999999999999,0
2025-07-24,2025,7,94,77,89.4,4.59999999999999,0
2025-07-25,2025,7,94,76,89.4,4.59999999999999,0
2025-07-26,2025,7,94,78,89.4,4.59999999999999,0
2025-07-27,2025,7,96,76,89.4,6.59999999999999,0
2025-07-28,2025,7,98,78,89.4,8.59999999999999,0
2025-07-29,2025,7,96,76,89.4,6.59999999999999,0.03
2025-07-30,2025,7,98,78,89.5,8.5,0
2025-07-31,2025,7,97,77,89.5,7.5,0
2025-08-01,2025,8,83,75,89.5,-6.5,0
2025-08-02,2025,8,85,68,89.5,-4.5,0
2025-08-03,2025,8,81,71,89.5,-8.5,0.01
2025-08-04,2025,8,83,69,89.5,-6.5,0
2025-08-05,2025,8,90,67,89.5,0.5,0
2025-08-06,2025,8,93,71,89.5,3.5,0
2025-08-07,2025,8,92,72,89.5,2.5,0
2025-08-08,2025,8,93,70,89.5,3.5,0
2025-08-09,2025,8,93,73,89.5,3.5,0
2025-08-10,2025,8,93,72,89.5,3.5,0
2025-08-11,2025,8,96,72,89.5,6.5,0
2025-08-12,2025,8,90,77,89.5,0.5,0.04
2025-08-13,2025,8,90,73,89.4,0.599999999999994,2.27
2025-08-14,2025,8,94,72,89.4,4.59999999999999,0
2025-08-15,2025,8,97,75,89.4,7.59999999999999,0
2025-08-16,2025,8,98,73,89.3,8.7,0
2025-08-17,2025,8,98,75,89.3,8.7,0
2025-08-18,2025,8,98,76,89.2,8.8,0
2025-08-19,2025,8,101,76,89.1,11.9,0
2025-08-20,2025,8,96,73,89.1,6.90000000000001,0
2025-08-21,2025,8,88,70,89,-1,0
2025-08-22,2025,8,93,69,88.9,4.09999999999999,0
2025-08-23,2025,8,92,73,88.7,3.3,0.04
2025-08-24,2025,8,90,68,88.6,1.40000000000001,0
2025-08-25,2025,8,84,59,88.5,-4.5,0
2025-08-26,2025,8,82,57,88.3,-6.3,0
2025-08-27,2025,8,83,55,88.2,-5.2,0
2025-08-28,2025,8,84,59,88,-4,0
2025-08-29,2025,8,90,57,87.8,2.2,0
2025-08-30,2025,8,90,64,87.6,2.40000000000001,0
2025-08-31,2025,8,88,62,87.4,0.599999999999994,0
2025-09-01,2025,9,92,61,87.1,4.90000000000001,0
2025-09-02,2025,9,84,66,86.9,-2.90000000000001,0
2025-09-03,2025,9,90,66,86.6,3.40000000000001,0.91
2025-09-04,2025,9,88,65,86.4,1.59999999999999,0
2025-09-05,2025,9,93,68,86.1,6.90000000000001,0.2
2025-09-06,2025,9,69,57,85.8,-16.8,0.67
2025-09-07,2025,9,82,53,85.5,-3.5,0
2025-09-08,2025,9,82,51,85.2,-3.2,0
2025-09-09,2025,9,85,55,84.8,0.200000000000003,0
2025-09-10,2025,9,88,60,84.5,3.5,0
2025-09-11,2025,9,91,66,84.2,6.8,0.03
2025-09-12,2025,9,90,63,83.8,6.2,0
2025-09-13,2025,9,92,60,83.5,8.5,0
2025-09-14,2025,9,92,66,83.1,8.90000000000001,0.01
2025-09-15,2025,9,93,68,82.7,10.3,0
2025-09-16,2025,9,93,68,82.4,10.6,0.1
2025-09-17,2025,9,92,67,82,10,0
2025-09-18,2025,9,92,64,81.6,10.4,0
2025-09-19,2025,9,93,63,81.2,11.8,0
2025-09-20,2025,9,94,63,80.9,13.1,0
2025-09-21,2025,9,91,67,80.5,10.5,0.08
2025-09-22,2025,9,85,69,80.1,4.90000000000001,0.07
2025-09-23,2025,9,83,67,79.7,3.3,1.38
2025-09-24,2025,9,80,71,79.3,0.700000000000003,0.21
2025-09-25,2025,9,83,69,78.9,4.09999999999999,0.02
2025-09-26,2025,9,84,64,78.6,5.40000000000001,0
2025-09-27,2025,9,87,62,78.2,8.8,0
2025-09-28,2025,9,88,59,77.8,10.2,0
2025-09-29,2025,9,89,61,77.4,11.6,0
2025-09-30,2025,9,88,63,77.1,10.9,0
2025-10-01,2025,10,88,64,76.7,11.3,0
2025-10-02,2025,10,88,64,76.4,11.6,0
2025-10-03,2025,10,84,62,76,8,0
2025-10-04,2025,10,83,59,75.7,7.3,0
2025-10-05,2025,10,86,60,75.3,10.7,0
2025-10-06,2025,10,79,69,75,4,0.11
2025-10-07,2025,10,79,69,74.6,4.40000000000001,0.68
2025-10-08,2025,10,76,58,74.3,1.7,0
2025-10-09,2025,10,75,54,74,1,0
2025-10-10,2025,10,78,53,73.6,4.40000000000001,0
2025-10-11,2025,10,80,52,73.3,6.7,0
2025-10-12,2025,10,79,52,73,6,0
2025-10-13,2025,10,80,51,72.7,7.3,0
2025-10-14,2025,10,81,54,72.3,8.7,0
2025-10-15,2025,10,83,53,72,11,0
2025-10-16,2025,10,81,61,71.7,9.3,0
2025-10-17,2025,10,82,54,71.4,10.6,0
2025-10-18,2025,10,86,62,71.1,14.9,0.14
2025-10-19,2025,10,68,47,70.7,-2.7,0.95
2025-10-20,2025,10,72,42,70.4,1.59999999999999,0
2025-10-21,2025,10,74,54,70.1,3.90000000000001,0
2025-10-22,2025,10,69,44,69.8,-0.799999999999997,0
2025-10-23,2025,10,70,42,69.4,0.599999999999994,0
2025-10-24,2025,10,64,39,69.1,-5.09999999999999,0
2025-10-25,2025,10,72,44,68.8,3.2,0
2025-10-26,2025,10,63,54,68.4,-5.40000000000001,0.4
2025-10-27,2025,10,58,54,68.1,-10.1,0.2
2025-10-28,2025,10,63,55,67.8,-4.8,0.09
2025-10-29,2025,10,57,50,67.4,-10.4,1.08
2025-10-30,2025,10,60,46,67,-7,0.01
2025-10-31,2025,10,63,39,66.7,-3.7,0
2025-11-01,2025,11,60,40,66.3,-6.3,0.19
2025-11-02,2025,11,50,37,65.9,-15.9,0.17
2025-11-03,2025,11,62,34,65.6,-3.59999999999999,0
2025-11-04,2025,11,71,38,65.2,5.8,0
2025-11-05,2025,11,76,46,64.8,11.2,0
2025-11-06,2025,11,71,48,64.4,6.59999999999999,0
2025-11-07,2025,11,74,51,64,10,0.43
2025-11-08,2025,11,75,53,63.6,11.4,0
2025-11-09,2025,11,61,33,63.1,-2.1,0
2025-11-10,2025,11,36,29,62.7,-26.7,0
2025-11-11,2025,11,51,24,62.3,-11.3,0
2025-11-12,2025,11,69,39,61.9,7.1,0
2025-11-13,2025,11,67,37,61.4,5.6,0
2025-11-14,2025,11,76,40,61,15,0
2025-11-15,2025,11,77,55,60.6,16.4,0
2025-11-16,2025,11,69,43,60.1,8.9,0
2025-11-17,2025,11,63,34,59.7,3.3,0
2025-11-18,2025,11,75,51,59.2,15.8,0
2025-11-19,2025,11,76,56,58.8,17.2,0
2025-11-20,2025,11,60,56,58.4,1.6,0.61
2025-11-21,2025,11,71,60,57.9,13.1,0.1
2025-11-22,2025,11,68,54,57.5,10.5,0.02
2025-11-23,2025,11,67,47,57.1,9.9,0
2025-11-24,2025,11,70,45,56.6,13.4,0.08
2025-11-25,2025,11,70,57,56.2,13.8,0.31
2025-11-26,2025,11,61,42,55.8,5.2,0
2025-11-27,2025,11,50,32,55.4,-5.4,0
2025-11-28,2025,11,46,26,54.9,-8.9,0
2025-11-29,2025,11,55,29,54.5,0.5,0.03
2025-11-30,2025,11,48,29,54.1,-6.1,0.01
2025-12-01,2025,12,44,26,53.8,-9.8,0.4
2025-12-02,2025,12,38,28,53.4,-15.4,0.34
2025-12-03,2025,12,39,28,53,-14,0
2025-12-04,2025,12,40,31,52.6,-12.6,0.31
2025-12-05,2025,12,36,34,52.3,-16.3,0
2025-12-06,2025,12,43,32,51.9,-8.9,0
2025-12-07,2025,12,46,29,51.6,-5.6,0.01
2025-12-08,2025,12,42,29,51.3,-9.3,0.01
2025-12-09,2025,12,51,26,51,0,0
2025-12-10,2025,12,56,37,50.7,5.3,0
2025-12-11,2025,12,44,27,50.4,-6.4,0
2025-12-12,2025,12,58,36,50.1,7.9,0
2025-12-13,2025,12,54,31,49.8,4.2,0
2025-12-14,2025,12,32,14,49.6,-17.6,0
2025-12-15,2025,12,41,12,49.3,-8.3,0
2025-12-16,2025,12,53,27,49.1,3.9,0
2025-12-17,2025,12,61,41,48.8,12.2,0
2025-12-18,2025,12,61,42,48.6,12.4,1.56
2025-12-19,2025,12,49,31,48.4,0.600000000000001,0
2025-12-20,2025,12,63,27,48.2,14.8,0
2025-12-21,2025,12,60,39,48,12,0
2025-12-22,2025,12,62,31,47.9,14.1,0
2025-12-23,2025,12,70,59,47.7,22.3,0
2025-12-24,2025,12,76,62,47.6,28.4,0
2025-12-25,2025,12,71,63,47.4,23.6,0
2025-12-26,2025,12,68,64,47.3,20.7,0
2025-12-27,2025,12,72,58,47.2,24.8,0
2025-12-28,2025,12,75,53,47.1,27.9,0.14
2025-12-29,2025,12,53,28,47,6,0
2025-12-30,2025,12,39,25,46.9,-7.9,0
2025-12-31,2025,12,51,24,46.8,4.2,0
2026-01-01,2026,1,61,30,46.7,14.3,0
2026-01-02,2026,1,56,39,46.6,9.4,0
2026-01-03,2026,1,54,36,46.6,7.4,0
2026-01-04,2026,1,52,28,46.5,5.5,0
2026-01-05,2026,1,66,30,46.5,19.5,0
2026-01-06,2026,1,65,49,46.5,18.5,0
2026-01-07,2026,1,68,43,46.4,21.6,0
2026-01-08,2026,1,72,45,46.4,25.6,0
2026-01-09,2026,1,74,59,46.4,27.6,0.33
2026-01-10,2026,1,62,38,46.4,15.6,0.28
2026-01-11,2026,1,40,27,46.4,-6.4,0
2026-01-12,2026,1,51,23,46.4,4.6,0
2026-01-13,2026,1,65,31,46.5,18.5,0
2026-01-14,2026,1,53,28,46.5,6.5,0.12
2026-01-15,2026,1,34,21,46.5,-12.5,0
2026-01-16,2026,1,55,21,46.6,8.4,0.1
2026-01-17,2026,1,46,29,46.6,-0.600000000000001,0
2026-01-18,2026,1,35,19,46.7,-11.7,0
2026-01-19,2026,1,41,21,46.8,-5.8,0
2026-01-20,2026,1,38,14,46.8,-8.8,0
2026-01-21,2026,1,51,32,46.9,4.1,0.16
2026-01-22,2026,1,48,35,47,1,0
2026-01-23,2026,1,41,21,47.1,-6.1,0
2026-01-24,2026,1,26,18,47.3,-21.3,0.36
2026-01-25,2026,1,33,15,47.4,-14.4,1.92
2026-01-26,2026,1,19,10,47.5,-28.5,0
2026-01-27,2026,1,31,8,47.6,-16.6,0
2026-01-28,2026,1,33,17,47.8,-14.8,0
2026-01-29,2026,1,38,19,48,-10,0
2026-01-30,2026,1,34,21,48.1,-14.1,0
2026-01-31,2026,1,24,15,48.3,-24.3,0
2026-02-01,2026,2,32,18,48.5,-16.5,0
2026-02-02,2026,2,49,26,48.7,0.299999999999997,0
2026-02-03,2026,2,52,29,48.9,3.1,0.51
2026-02-04,2026,2,38,28,49.1,-11.1,0.01
2026-02-05,2026,2,34,23,49.3,-15.3,0
2026-02-06,2026,2,61,28,49.5,11.5,0
2026-02-07,2026,2,45,28,49.7,-4.7,0
2026-02-08,2026,2,53,24,50,3,0
2026-02-09,2026,2,71,32,50.2,20.8,0
2026-02-10,2026,2,77,38,50.4,26.6,0.01
2026-02-11,2026,2,63,38,50.7,12.3,0.04
2026-02-12,2026,2,56,30,51,5,0
2026-02-13,2026,2,62,30,51.2,10.8,0
2026-02-14,2026,2,63,33,51.5,11.5,0.13
2026-02-15,2026,2,52,47,51.8,0.200000000000003,1.31
2026-02-16,2026,2,66,40,52.1,13.9,0
2026-02-17,2026,2,67,42,52.3,14.7,0
2026-02-18,2026,2,64,59,52.6,11.4,0.03
2026-02-19,2026,2,73,57,52.9,20.1,0
2026-02-20,2026,2,73,51,53.2,19.8,0.13
2026-02-21,2026,2,61,36,53.5,7.5,0
2026-02-22,2026,2,39,28,53.8,-14.8,0
2026-02-23,2026,2,35,21,54.1,-19.1,0
2026-02-24,2026,2,50,18,54.5,-4.5,0
2026-02-25,2026,2,64,49,54.8,9.2,0.77
2026-02-26,2026,2,59,47,55.1,3.9,0.18
2026-02-27,2026,2,67,39,55.4,11.6,0
2026-02-28,2026,2,75,39,55.7,19.3,0
2026-03-01,2026,3,67,45,56.1,10.9,0
2026-03-02,2026,3,57,47,56.4,0.600000000000001,0
2026-03-03,2026,3,74,50,56.7,17.3,0
2026-03-04,2026,3,79,58,57,22,0
2026-03-05,2026,3,79,63,57.4,21.6,0
2026-03-06,2026,3,85,58,57.7,27.3,0
2026-03-07,2026,3,80,58,58,22,0.36
2026-03-08,2026,3,65,50,58.4,6.6,0.01
2026-03-09,2026,3,74,47,58.7,15.3,0
2026-03-10,2026,3,79,62,59,20,0.01
2026-03-11,2026,3,80,44,59.3,20.7,0.46
2026-03-12,2026,3,56,38,59.7,-3.7,0
2026-03-13,2026,3,70,36,60,10,0
2026-03-14,2026,3,77,42,60.3,16.7,0
2026-03-15,2026,3,79,50,60.7,18.3,0.57
2026-03-16,2026,3,50,29,61,-11,0.09
2026-03-17,2026,3,41,25,61.3,-20.3,0
2026-03-18,2026,3,58,34,61.7,-3.7,0
2026-03-19,2026,3,74,41,62,12,0
2026-03-20,2026,3,83,49,62.3,20.7,0
2026-03-21,2026,3,89,59,62.7,26.3,0
2026-03-22,2026,3,88,64,63,25,0
2026-03-23,2026,3,77,45,63.3,13.7,0
2026-03-24,2026,3,70,42,63.7,6.3,0
2026-03-25,2026,3,75,48,64,11,0
2026-03-26,2026,3,85,62,64.3,20.7,0
2026-03-27,2026,3,74,42,64.6,9.40000000000001,0
2026-03-28,2026,3,61,37,65,-4,0
2026-03-29,2026,3,73,36,65.3,7.7,0
2026-03-30,2026,3,77,58,65.6,11.4,0
2026-03-31,2026,3,81,61,65.9,15.1,0
2026-04-01,2026,4,83,65,66.2,16.8,0
2026-04-02,2026,4,84,64,66.6,17.4,0
2026-04-03,2026,4,87,67,66.9,20.1,0
2026-04-04,2026,4,81,56,67.2,13.8,0.81
2026-04-05,2026,4,64,46,67.5,-3.5,0.05
2026-04-06,2026,4,70,41,67.8,2.2,0
2026-04-07,2026,4,68,45,68.1,-0.0999999999999943,0
2026-04-08,2026,4,77,46,68.4,8.59999999999999,0
2026-04-09,2026,4,77,54,68.7,8.3,0
2026-04-10,2026,4,80,51,69,11,0
2026-04-11,2026,4,84,57,69.3,14.7,0
2026-04-12,2026,4,85,53,69.6,15.4,0
2026-04-13,2026,4,79,66,69.9,9.09999999999999,0.02
2026-04-14,2026,4,84,63,70.2,13.8,0
2026-04-15,2026,4,87,63,70.5,16.5,0
2026-04-16,2026,4,84,59,70.8,13.2,0.67
2026-04-17,2026,4,85,57,71,14,0
2026-04-18,2026,4,74,48,71.3,2.7,0.01
2026-04-19,2026,4,67,45,71.6,-4.59999999999999,0
2026-04-20,2026,4,74,43,71.8,2.2,0
2026-04-21,2026,4,82,47,72.1,9.90000000000001,0
2026-04-22,2026,4,83,51,72.4,10.6,0
2026-04-23,2026,4,85,53,72.6,12.4,0
2026-04-24,2026,4,81,57,72.9,8.09999999999999,0
2026-04-25,2026,4,83,62,73.1,9.90000000000001,0
2026-04-26,2026,4,84,57,73.4,10.6,0
2026-04-27,2026,4,84,61,73.6,10.4,0.03
2026-04-28,2026,4,82,63,73.9,8.09999999999999,1.71
2026-04-29,2026,4,75,58,74.1,0.900000000000006,0.04
2026-04-30,2026,4,67,50,74.3,-7.3,0
2026-05-01,2026,5,68,45,74.6,-6.59999999999999,0
2026-05-02,2026,5,68,45,74.8,-6.8,0
2026-05-03,2026,5,70,39,75,-5,0
2026-05-04,2026,5,82,52,75.3,6.7,0
2026-05-05,2026,5,77,56,75.5,1.5,0.08
2026-05-06,2026,5,73,54,75.7,-2.7,0.35
2026-05-07,2026,5,69,49,76,-7,0
2026-05-08,2026,5,75,43,76.2,-1.2,0
2026-05-09,2026,5,81,54,76.4,4.59999999999999,0
2026-05-10,2026,5,86,55,76.7,9.3,0.05
2026-05-11,2026,5,76,56,76.9,-0.900000000000006,0.09
2026-05-12,2026,5,80,46,77.1,2.90000000000001,0
2026-05-13,2026,5,83,61,77.4,5.59999999999999,0
2026-05-14,2026,5,73,52,77.6,-4.59999999999999,0
2026-05-15,2026,5,82,48,77.9,4.09999999999999,0
2026-05-16,2026,5,86,66,78.1,7.90000000000001,0
2026-05-17,2026,5,92,61,78.4,13.6,0
2026-05-18,2026,5,92,65,78.6,13.4,0
2026-05-19,2026,5,92,73,78.9,13.1,0
2026-05-20,2026,5,81,70,79.1,1.90000000000001,0.19
2026-05-21,2026,5,78,66,79.4,-1.40000000000001,0.96
2026-05-22,2026,5,78,66,79.6,-1.59999999999999,0.66
2026-05-23,2026,5,81,69,79.9,1.09999999999999,0.49
2026-05-24,2026,5,81,69,80.2,0.799999999999997,0.36
2026-05-25,2026,5,79,69,80.4,-1.40000000000001,0
2026-05-26,2026,5,81,70,80.7,0.299999999999997,0.73
2026-05-27,2026,5,89,71,81,8,0
2026-05-28,2026,5,90,71,81.3,8.7,0
2026-05-29,2026,5,79,70,81.6,-2.59999999999999,0.01
2026-05-30,2026,5,84,70,81.8,2.2,0.04
2026-05-31,2026,5,90,67,82.1,7.90000000000001,0.02
2026-06-01,2026,6,82,68,82.4,-0.400000000000006,0.45
2026-06-02,2026,6,83,64,82.7,0.299999999999997,0
2026-06-03,2026,6,83,56,83,0,0
2026-06-04,2026,6,85,60,83.2,1.8,0
2026-06-05,2026,6,86,60,83.5,2.5,0
2026-06-06,2026,6,89,64,83.8,5.2,0
2026-06-07,2026,6,83,68,84.1,-1.09999999999999,0
2026-06-08,2026,6,84,70,84.4,-0.400000000000006,0.74
2026-06-09,2026,6,89,70,84.6,4.40000000000001,0.32
2026-06-10,2026,6,92,68,84.9,7.09999999999999,0
2026-06-11,2026,6,93,72,85.2,7.8,0
2026-06-12,2026,6,83,71,85.4,-2.40000000000001,0.1
2026-06-13,2026,6,92,72,85.7,6.3,0.04
2026-06-14,2026,6,81,66,85.9,-4.90000000000001,0.56
2026-06-15,2026,6,80,61,86.1,-6.09999999999999,0
2026-06-16,2026,6,83,61,86.4,-3.40000000000001,0
2026-06-17,2026,6,89,63,86.6,2.40000000000001,0
2026-06-18,2026,6,85,69,86.8,-1.8,0.06
2026-06-19,2026,6,85,67,87,-2,0
2026-06-20,2026,6,90,64,87.2,2.8,0
2026-06-21,2026,6,88,68,87.4,0.599999999999994,0
2026-06-22,2026,6,80,66,87.6,-7.59999999999999,0.71
2026-06-23,2026,6,82,65,87.8,-5.8,0
2026-06-24,2026,6,86,63,87.9,-1.90000000000001,0
2026-06-25,2026,6,89,66,88.1,0.900000000000006,0
2026-06-26,2026,6,89,72,88.2,0.799999999999997,0
2026-06-27,2026,6,89,75,88.4,0.599999999999994,0.34
2026-06-28,2026,6,93,79,88.5,4.5,0
2026-06-29,2026,6,96,74,88.6,7.40000000000001,0
2026-06-30,2026,6,98,75,88.7,9.3,0
2026-07-01,2026,7,99,75,88.8,10.2,0
2026-07-02,2026,7,100,75,88.9,11.1,0
2026-07-03,2026,7,101,70,89,12,1.06
2026-07-04,2026,7,93,69,89,4,0
2026-07-05,2026,7,88,73,89.1,-1.09999999999999,0
2026-07-06,2026,7,89,71,89.1,-0.0999999999999943,0.15
2026-07-07,2026,7,92,71,89.2,2.8,0.06
2026-07-08,2026,7,89,70,89.2,-0.200000000000003,0.26
2026-07-09,2026,7,92,69,89.3,2.7,0
2026-07-10,2026,7,89,71,89.3,-0.299999999999997,0.97
2026-07-11,2026,7,92,73,89.3,2.7,0.07
2026-07-12,2026,7,84,71,89.3,-5.3,0.37
2026-07-13,2026,7,88,73,89.4,-1.40000000000001,0.6
2026-07-14,2026,7,88,72,89.4,-1.40000000000001,0.34
2026-07-15,2026,7,88,73,89.4,-1.40000000000001,0.01
2026-07-16,2026,7,90,74,89.4,0.599999999999994,0
2026-07-17,2026,7,94,74,89.4,4.59999999999999,0.01
2026-07-18,2026,7,95,74,89.4,5.59999999999999,0.02
2026-07-19,2026,7,95,73,89.4,5.59999999999999,0.78
2026-07-20,2026,7,93,73,89.4,3.59999999999999,0
2026-07-21,2026,7,95,74,89.4,5.59999999999999,1.46
2026-07-22,2026,7,90,73,89.4,0.599999999999994,0
2026-07-23,2026,7,85,69,89.4,-4.40000000000001,0
2026-07-24,2026,7,85,67,89.4,-4.40000000000001,0
2026-07-25,2026,7,82,68,89.4,-7.40000000000001,0.18
2026-07-26,2026,7,92,74,89.4,2.59999999999999,0.02
2026-07-27,2026,7,94,73,89.4,4.59999999999999,0.23
2026-07-28,2026,7,97,77,89.4,7.59999999999999,0
2026-07-29,2026,7,91,75,89.4,1.59999999999999,0
2026-07-30,2026,7,88,71,89.5,-1.5,0
2026-07-31,2026,7,90,65,89.5,0.5,0
2026-08-01,2026,8,88,70,89.5,-1.5,1.14
2026-08-02,2026,8,82,70,89.5,-7.5,0.1
2026-08-03,2026,8,86,70,89.5,-3.5,0
2026-08-04,2026,8,88,72,89.5,-1.5,0
2026-08-05,2026,8,91,70,89.5,1.5,0
2026-08-06,2026,8,93,71,89.5,3.5,0
2026-08-07,2026,8,94,69,89.5,4.5,0.2
2026-08-08,2026,8,92,72,89.5,2.5,0.04
2026-08-09,2026,8,91,71,89.5,1.5,0
2026-08-10,2026,8,92,72,89.5,2.5,0
2026-08-11,2026,8,93,74,89.5,3.5,0.58
2026-08-12,2026,8,93,73,89.5,3.5,0
2026-08-13,2026,8,97,78,89.4,7.59999999999999,0
2026-08-14,2026,8,97,77,89.4,7.59999999999999,0
2026-08-15,2026,8,98,77,89.4,8.59999999999999,0
2026-08-16,2026,8,99,75,89.3,9.7,0
2026-08-17,2026,8,96,77,89.3,6.7,0
2026-08-18,2026,8,90,72,89.2,0.799999999999997,0
2026-08-19,2026,8,90,67,89.1,0.900000000000006,0
2026-08-20,2026,8,92,70,89.1,2.90000000000001,0.57
2026-08-21,2026,8,91,73,89,2,0
2026-08-22,2026,8,92,69,88.9,3.09999999999999,0
2026-08-23,2026,8,88,64,88.7,-0.700000000000003,0
2026-08-24,2026,8,88,62,88.6,-0.599999999999994,0
2026-08-25,2026,8,90,66,88.5,1.5,0
2026-08-26,2026,8,85,66,88.3,-3.3,0.08
2026-08-27,2026,8,91,66,88.2,2.8,0
2026-08-28,2026,8,92,69,88,4,0
2026-08-29,2026,8,94,67,87.8,6.2,0
2026-08-30,2026,8,95,70,87.6,7.40000000000001,0
2026-08-31,2026,8,97,73,87.4,9.59999999999999,0
2026-09-01,2026,9,98,73,87.1,10.9,0
2026-09-02,2026,9,99,73,86.9,12.1,0
2026-09-03,2026,9,100,75,86.6,13.4,0
2026-09-04,2026,9,100,76,86.4,13.6,0
2026-09-05,2026,9,101,75,86.1,14.9,0
2026-09-06,2026,9,98,73,85.8,12.2,0
2026-09-07,2026,9,91,71,85.5,5.5,0
2026-09-08,2026,9,93,72,85.2,7.8,0
2026-09-09,2026,9,95,74,84.8,10.2,0
2026-09-10,2026,9,95,75,84.5,10.5,0
2026-09-11,2026,9,94,72,84.2,9.8,0
2026-09-12,2026,9,93,73,83.8,9.2,0
2026-09-13,2026,9,97,68,83.5,13.5,0
2026-09-14,2026,9,94,75,83.1,10.9,0
2026-09-15,2026,9,100,71,82.7,17.3,0
2026-09-16,2026,9,99,75,82.4,16.6,0
2026-09-17,2026,9,99,75,82,17,0
